bin_id,asin_count,expected_quantity,quantity_sum,bucket,split,gold_detection,gold_identity,asin_list
00015,2,15,15,multi,extend,False,False,B0033UNIQC|B00E9J3MLM
00016,2,12,12,multi,extend,False,False,B0033UNIQC|B00E9J3MLM
00017,2,10,10,multi,extend,False,False,B0033UNIQC|B00E9J3MLM
00037,3,3,3,multi,extend,False,False,B00F908YU4|B00FMHPX62|B016CMFESW
00038,2,2,2,multi,extend,False,False,B00F908YU4|B00FMHPX62
00049,1,2,2,single,seed,False,False,B00KGVCJX4
00050,4,4,4,hard,extend,False,False,0590450875|0836217357|B0052AIJT2|B01AWAGTU2
00079,2,8,8,multi,extend,False,False,B0073E3Q7A|B00PAXDQVM
00080,4,10,10,hard,extend,False,False,B0073E3Q7A|B00ATZJ5YS|B00N6U92AA|B00PAXDQVM
00081,3,9,9,multi,extend,False,False,B0073E3Q7A|B00ATZJ5YS|B00PAXDQVM
00084,1,1,1,single,seed,False,False,B00SV2OP9Q
00085,2,3,3,multi,extend,False,False,B0030ZEGDY|B00SV2OP9Q
00086,1,1,1,single,seed,False,False,B00SV2OP9Q
00093,3,7,7,multi,extend,False,False,B001MKR4Y2|B00BZBQ0ZW|B01ESRWRUG
00094,2,6,6,multi,extend,False,False,B001MKR4Y2|B01ESRWRUG
00095,2,5,5,multi,extend,False,False,B001MKR4Y2|B01ESRWRUG
00098,3,3,3,multi,extend,False,False,B00597CQHE|B00A7TIW5O|B01FVPOWD4
00099,4,4,4,hard,extend,False,False,B004U5615E|B00597CQHE|B00A7TIW5O|B01FVPOWD4
00103,4,6,6,hard,extend,False,False,B000K048US|B00FFJ5WAO|B00IN4S28M|B015FQ8456
00104,3,4,4,multi,extend,False,False,B00FFJ5WAO|B00IN4S28M|B015FQ8456
00115,1,2,2,single,seed,False,False,B000W43GZA
00117,2,5,5,multi,extend,False,False,B004Q0PN0W|B01E670AOS
00118,2,4,4,multi,extend,False,False,B004Q0PN0W|B01E670AOS
00119,3,6,6,multi,extend,False,False,B004Q0PN0W|B00NJ008MI|B01E670AOS
00127,3,3,3,multi,extend,False,False,B00LL56RNC|B015QZMWR2|B01A0BBF8O
00128,4,4,4,hard,extend,False,False,B00LL56RNC|B015QZMWR2|B01A0BBF8O|B01F3ZNI2S
00154,2,2,2,multi,extend,False,False,B007XE5LTG|B0183J2U20
00155,3,5,5,multi,extend,False,False,B007XE5LTG|B0183J2U20|B01E7REHWS
00159,3,3,3,multi,extend,False,False,B00CDJJZV6|B01BSGKJZK|B01C6MG0CQ
00160,2,2,2,multi,eval,True,True,B01BSGKJZK|B01C6MG0CQ
00161,3,6,6,multi,extend,False,False,B002SB8LLE|B011XM4GJO|B013OVOO6M
00162,4,7,7,hard,extend,False,False,B000CHKIVW|B002SB8LLE|B011XM4GJO|B013OVOO6M
00163,3,6,6,multi,extend,False,False,B000CHKIVW|B002SB8LLE|B011XM4GJO
00164,2,3,3,multi,extend,False,False,0756628652|B01D2OY3ZI
00165,3,4,4,multi,extend,False,False,0756628652|B00HM2KVPS|B01D2OY3ZI
00166,2,3,3,multi,extend,False,False,0756628652|B01D2OY3ZI
00174,4,6,6,hard,extend,False,False,B000936QEM|B0014R91V2|B0016AZGM0|B002BUKCNW
00175,3,5,5,multi,extend,False,False,B000936QEM|B0014R91V2|B0016AZGM0
00176,2,4,4,multi,extend,False,False,B0014R91V2|B0016AZGM0
00249,2,2,2,multi,extend,False,False,B008BH4IZM|B00INV51ZM
00250,3,3,3,multi,extend,False,False,B008BH4IZM|B00ECV5MR4|B00IHMVJ1M
00278,2,7,7,multi,extend,False,False,B000J07BRQ|B0017J67I2
00281,3,7,7,multi,extend,False,False,B006MQLEGK|B00HD4HPEA|B00TID8JOE
00282,3,6,6,multi,extend,False,False,B006MQLEGK|B00HD4HPEA|B00TID8JOE
00283,3,5,5,multi,extend,False,False,B006MQLEGK|B00HD4HPEA|B00TID8JOE
00289,1,1,1,single,seed,False,False,B00R1DE0XC
00290,2,4,4,multi,extend,False,False,B0044W8MKU|B00R1DE0XC
00301,2,2,2,multi,extend,False,False,B000IXC7IW|B010TS35ZY
00302,3,3,3,multi,extend,False,False,B000IXC7IW|B00LH1X66G|B010TS35ZY
00303,3,7,7,multi,extend,False,False,B000KI8HKC|B002GALZCY|B002JI3L84
00304,3,6,6,multi,extend,False,False,B000KI8HKC|B002GALZCY|B002JI3L84
00305,4,8,8,hard,extend,False,False,B000KI8HKC|B001CUBR9U|B002GALZCY|B002JI3L84
00314,2,3,3,multi,extend,False,False,143368912X|B00WL13K44
00315,3,6,6,multi,extend,False,False,1119209595|143368912X|B00WL13K44
00335,3,11,11,multi,extend,False,False,B0014VX2M2|B00JH8M2D4|B00QGXZGIG
00340,3,4,4,multi,extend,False,False,B005IZ53CW|B0084JMCF0|B00IP27DFA
00341,3,3,3,multi,extend,False,False,B005IZ53CW|B0084JMCF0|B00IP27DFA
00342,2,2,2,multi,extend,False,False,B005IZ53CW|B01746BWTK
00351,2,2,2,multi,extend,False,False,B00EI6EZDK|B01EXM8GGU
00352,1,1,1,single,seed,False,False,B01EXM8GGU
00353,2,14,14,multi,extend,False,False,B000NPPAUW|B01EXM8GGU
00365,2,3,3,multi,extend,False,False,B00D7K1KAY|B01DKHJV1I
00366,3,4,4,multi,extend,False,False,B00D7K1KAY|B013HZPX3I|B01DKHJV1I
00367,2,2,2,multi,extend,False,False,B00D7K1KAY|B013HZPX3I
00388,3,4,4,multi,extend,False,False,B00RTC23FM|B01ARGBRGW|B01B59Q8U0
00389,3,3,3,multi,extend,False,False,B0028LGNSM|B00RTC23FM|B01ARGBRGW
00390,4,5,5,hard,extend,False,False,B001R1Q2C6|B0028LGNSM|B00RTC23FM|B01ARGBRGW
00397,1,1,1,single,seed,False,False,B00VRAMCF8
00398,3,5,5,multi,extend,False,False,B000GYLCHK|B00QV77XU6|B00VRAMCF8
00405,2,3,3,multi,extend,False,False,B000F8V2GI|B00YAZF84Y
00415,3,10,10,multi,extend,False,False,B00004OCLC|B013L5VMPM|B019EQOTCU
00416,3,6,6,multi,extend,False,False,B00004OCLC|B013L5VMPM|B019EQOTCU
00417,2,4,4,multi,extend,False,False,B013L5VMPM|B019EQOTCU
00421,4,6,6,hard,extend,False,False,B004C89BZQ|B006MGWMHA|B00I7JKAQ0|B01COPZ6KC
00422,3,5,5,multi,extend,False,False,B004C89BZQ|B006MGWMHA|B01COPZ6KC
00434,4,4,4,hard,extend,False,False,B003R68WF4|B00NNCZIUO|B00OCEKCB2|B01AHXEHYY
00439,3,5,5,multi,extend,False,False,B001L1RFPU|B00772BNB4|B00RRV14BE
00440,4,6,6,hard,extend,False,False,B001L1RFPU|B00772BNB4|B00CZ7AKDI|B00RRV14BE
00441,3,5,5,multi,extend,False,False,B001L1RFPU|B00772BNB4|B00RRV14BE
00457,2,3,3,multi,extend,False,False,B000068O8H|B01AWENDJS
00473,2,2,2,multi,extend,False,False,B001SAQ546|B004NIBQQC
00474,3,5,5,multi,extend,False,False,B001SAQ546|B004NIBQQC|B014O6IXXQ
00517,2,2,2,multi,extend,False,False,B007ECQ04W|B011YZ8NBM
00546,4,6,6,hard,extend,False,False,B002EVCOCA|B00JR0MXLI|B01C3LEE9G|B01CJLTSN2
00547,4,4,4,hard,extend,False,False,B002EVCOCA|B00JR0MXLI|B01C3LEE9G|B01CJLTSN2
00548,2,2,2,multi,extend,False,False,B005NGGF7I|B00OW2PNEU
00549,4,10,10,hard,extend,False,False,B000O7F2DO|B0014WB5AW|B005NGGF7I|B00OW2PNEU
00550,4,9,9,hard,extend,False,False,B000O7F2DO|B0014WB5AW|B005NGGF7I|B00OW2PNEU
00558,2,2,2,multi,extend,False,False,B01DZYL07E|B01EHE8B5A
00559,3,3,3,multi,extend,False,False,B018E5OCBA|B01DZYL07E|B01EHE8B5A
00560,4,4,4,hard,extend,False,False,B00OLSBJOS|B018E5OCBA|B01DZYL07E|B01EHE8B5A
00567,2,2,2,multi,extend,False,False,B00MKBS1GW|B013HSW4N2
00568,3,4,4,multi,extend,False,False,B013HSW4N2|B0192XSVYM|B01GV0MVYU
00610,2,2,2,multi,extend,False,False,B0042T62UM|B00WH1RG70
00619,3,3,3,multi,extend,False,False,B0045NRFVK|B004DPOP7M|B00XR02FXA
00620,2,2,2,multi,extend,False,False,B0045NRFVK|B004DPOP7M
00621,3,4,4,multi,extend,False,False,B0045NRFVK|B004DPOP7M|B00EJU3SWY
00627,2,2,2,multi,extend,False,False,B004HIZFPQ|B00MAOK7CK
00638,4,5,5,hard,extend,False,False,0002624028|B00125Q75Y|B004MNO8HC|B010W2ODH6
00641,3,6,6,multi,extend,False,False,B005XWR5NA|B00ED3GU1I|B01BNJL3KC
00642,4,8,8,hard,extend,False,False,B005XWR5NA|B00ED3GU1I|B01AM7WF4O|B01BNJL3KC
00643,4,6,6,hard,extend,False,False,B005XWR5NA|B00ED3GU1I|B01AM7WF4O|B01BNJL3KC
00652,3,3,3,multi,extend,False,False,B000067SR9|B000IIYKUK|B001DW69TA
00678,4,5,5,hard,extend,False,False,B0056APFTK|B008Q7IOD4|B009NAOEO6|B01AXI796G
00684,3,10,10,multi,extend,False,False,B00181UEHY|B003WHF148|B00O9GW8VK
00685,3,8,8,multi,extend,False,False,B00181UEHY|B003WHF148|B00O9GW8VK
00714,4,7,7,hard,extend,False,False,B0012UPCX2|B004BLXG5U|B00ANL563W|B018R2UGQ0
00715,4,5,5,hard,extend,False,False,B0012UPCX2|B004BLXG5U|B00ANL563W|B018R2UGQ0
00727,2,2,2,multi,extend,False,False,B00S56CBGW|B00VTL8YYS
00728,3,3,3,multi,extend,False,False,B00252JBQU|B00S56CBGW|B00VTL8YYS
00729,2,2,2,multi,extend,False,False,B00S56CBGW|B00VTL8YYS
00736,3,9,9,multi,extend,False,False,0891075615|B00322FNPK|B0108Z7I9M
00753,2,4,4,multi,extend,False,False,B000KPJEZC|B019XLGKXC
00754,3,7,7,multi,extend,False,False,B000KPJEZC|B019XLGKXC|B01GSR5AOE
00755,2,6,6,multi,extend,False,False,B000KPJEZC|B01GSR5AOE
00805,2,2,2,multi,extend,False,False,B00GHYKQU2|B00NUC8UO8
00806,1,1,1,single,seed,False,False,B00GHYKQU2
00807,2,2,2,multi,extend,False,False,B0027IQC78|B00GHYKQU2
00826,3,5,5,multi,extend,False,False,B013TOWZ9C|B017QZ571I|B01CGGW918
00827,4,6,6,hard,extend,False,False,B000F4H5GI|B013TOWZ9C|B017QZ571I|B01CGGW918
00828,3,5,5,multi,extend,False,False,B013TOWZ9C|B017QZ571I|B01CGGW918
00835,2,2,2,multi,extend,False,False,B00EAHXYDO|B015UKPIHO
00874,2,13,13,multi,extend,False,False,B000FN1WTA|B000RI6C7K
00875,1,12,12,single,seed,False,False,B000RI6C7K
00876,2,13,13,multi,extend,False,False,B000RI6C7K|B005H4I6SC
00878,2,2,2,multi,extend,False,False,B00F3IVOEA|B00XZEV22S
00879,1,1,1,single,seed,False,False,B00XZEV22S
00889,3,6,6,multi,extend,False,False,B014W5CC04|B016KDLSII|B01BHMJJIS
00890,3,5,5,multi,extend,False,False,B014W5CC04|B016KDLSII|B01BHMJJIS
00894,3,3,3,multi,extend,False,False,B000FPAIEI|B01CEAYX38|B01E0ZKJ1U
00895,4,5,5,hard,extend,False,False,B000FPAIEI|B003TQ1T1Q|B01CEAYX38|B01E0ZKJ1U
00909,4,4,4,hard,extend,False,False,B002KSKTG0|B009LMLTR6|B00PSZLHWM|B00UUCE2QG
00910,3,3,3,multi,extend,False,False,B002KSKTG0|B00PSZLHWM|B00UUCE2QG
00911,4,4,4,hard,extend,False,False,B002KSKTG0|B00PSZLHWM|B00UUCE2QG|B01CL1PL40
00924,1,1,1,single,seed,False,False,B003RCGPCK
00933,3,3,3,multi,extend,False,False,B00UALWPCA|B012K3XE9S|B014TE51C4
00934,2,2,2,multi,extend,False,False,B012K3XE9S|B014TE51C4
00935,3,3,3,multi,extend,False,False,B0073HQOU8|B012K3XE9S|B014TE51C4
00937,3,5,5,multi,extend,False,False,1285454316|B004QMRK1K|B013JT4D88
00938,4,6,6,hard,extend,False,False,1285454316|B004QMRK1K|B005K8AVEM|B013JT4D88
00939,3,5,5,multi,extend,False,False,1285454316|B004QMRK1K|B013JT4D88
00942,2,3,3,multi,extend,False,False,B002KAOAYA|B00KOW827M
00964,3,7,7,multi,extend,False,False,1465049487|B00R1QSDT6|B01ARGC0QI
00965,2,4,4,multi,extend,False,False,1465049487|B00R1QSDT6
00971,4,5,5,hard,extend,False,False,B000A6Z9B4|B00EPD6UFM|B00N2RBP02|B00QW06UQU
00972,3,4,4,multi,eval,True,True,B000A6Z9B4|B00EPD6UFM|B00QW06UQU
00973,3,3,3,multi,extend,False,False,B000A6Z9B4|B00EPD6UFM|B00QW06UQU
00976,1,1,1,single,seed,False,False,B00VH8IHT0
00978,4,7,7,hard,extend,False,False,B0084DZ776|B00FOXXV2M|B00LAETBOQ|B00UY34Z5Y
00979,3,6,6,multi,extend,False,False,B0084DZ776|B00FOXXV2M|B00LAETBOQ
00980,4,7,7,hard,extend,False,False,B0084DZ776|B00FOXXV2M|B00LAETBOQ|B00ZQ4PFX2
00983,4,11,11,hard,extend,False,False,B000ELY470|B002QCPQ0E|B00DE8R1YI|B01DK4DAKE
00984,3,10,10,multi,extend,False,False,B000ELY470|B00DE8R1YI|B01DK4DAKE
00985,3,9,9,multi,extend,False,False,B000ELY470|B00DE8R1YI|B01DK4DAKE
01021,0,0,0,unknown,drop,False,False,
01031,2,2,2,multi,extend,False,False,B00SP6G6G8|B016OAFC20
01032,3,3,3,multi,extend,False,False,B00SP6G6G8|B015W3BPY4|B016OAFC20
01033,2,2,2,multi,extend,False,False,B00SP6G6G8|B016OAFC20
01037,4,5,5,hard,extend,False,False,0137074859|1908712090|B00L8MU234|B01E68EUB6
01039,2,3,3,multi,extend,False,False,B001U3ULQO|B00Y0Z0G82
01040,3,5,5,multi,extend,False,False,B001U3ULQO|B00BSK750Y|B00Y0Z0G82
01041,2,3,3,multi,extend,False,False,B001U3ULQO|B00Y0Z0G82
01048,4,8,8,hard,extend,False,False,1583559892|B00005JKF6|B002I0H27E|B00K5NELR0
01057,4,7,7,hard,extend,False,False,B00T703I5S|B018ZT6LV4|B01CW307D2|B01EIELGHY
01060,1,1,1,single,seed,False,False,B00MS95U74
01061,3,4,4,multi,extend,False,False,B000089D9U|B00B14H494|B00XLXTZYK
01062,3,3,3,multi,extend,False,False,B000089D9U|B00931J7OW|B00XLXTZYK
01063,2,3,3,multi,extend,False,False,B00GYB17RE|B013TLE0RU
01067,2,2,2,multi,extend,False,False,B00T28FWVS|B00X2FBCRK
01068,2,12,12,multi,extend,False,False,B00H5UJ068|B00XRK1V08
01075,4,7,7,hard,extend,False,False,B00J90CI98|B011LVAVEQ|B019RIQND8|B01CCC6ZOS
01078,1,2,2,single,seed,False,False,9332519080
01082,5,5,5,hard,extend,False,False,B0002X8HB4|B000N4L34K|B011X1I6L4|B013F3WHNG|B0195NM9VK
01094,3,6,6,multi,extend,False,False,B009P2SU2O|B00QQNKW76|B00R6J45RC
01102,4,10,10,hard,extend,False,False,B001B5DTO2|B0027Z7KN6|B00701ROB0|B01AZMP23C
01103,4,9,9,hard,extend,False,False,B001B5DTO2|B0027Z7KN6|B00701ROB0|B01AZMP23C
01104,4,7,7,hard,extend,False,False,B001B5DTO2|B0027Z7KN6|B00701ROB0|B01AZMP23C
01112,3,4,4,multi,extend,False,False,B014K94TIA|B018A9Y8TQ|B018SO95UU
01114,2,5,5,multi,extend,False,False,B002VY53QE|B018APC4LE
01115,3,8,8,multi,extend,False,False,B000EXQ4AS|B00UYDFE86|B01DFT2I2A
01117,4,4,4,hard,extend,False,False,B001GH5PRE|B007XVYSDE|B00NLOTIIC|B00SAYCXWG
01128,2,4,4,multi,extend,False,False,B000CQBMD6|B01DFSFY2W
01129,3,5,5,multi,extend,False,False,B000CQBMD6|B01DFSFY2W|B01DGK2G1Q
01130,3,4,4,multi,extend,False,False,B000CQBMD6|B01DFSFY2W|B01DGK2G1Q
01139,3,5,5,multi,extend,False,False,B0030B5S7G|B0054U8HYW|B01F7QXL2A
01140,4,6,6,hard,extend,False,False,B0030B5S7G|B0054U8HYW|B00WO99GRI|B01F7QXL2A
01199,4,5,5,hard,extend,False,False,B00D7H9LIA|B00LN0EVS8|B017U0D270|B01FXTOSH8
01200,3,9,9,multi,extend,False,False,B000NNFSNS|B00N4OSR8Q|B00T1P632E
01201,4,10,10,hard,extend,False,False,B000NNFSNS|B00N4OSR8Q|B00T1P632E|B0185IQJ3A
01212,3,6,6,multi,extend,False,False,B001B0D9QK|B00LJ5A8W0|B01AXI796G
01215,2,4,4,multi,extend,False,False,B00FYVF7XA|B00SNLWJGQ
01216,3,3,3,multi,extend,False,False,B00FBW7CNA|B0104LKS8S|B01A0ISR3I
01226,2,2,2,multi,extend,False,False,1934082848|B00TRR071O
01229,4,7,7,hard,extend,False,False,B007CZI6BG|B007OQ7BQO|B008244516|B01D8YBSOG
01230,4,8,8,hard,extend,False,False,B007CZI6BG|B007OQ7BQO|B008244516|B01D8YBSOG
01231,3,7,7,multi,extend,False,False,B007OQ7BQO|B008244516|B01D8YBSOG
01232,2,2,2,multi,extend,False,False,B00HNYT16K|B00L97BCXW
01240,2,2,2,multi,extend,False,False,0136079482|B015GZASVO
01249,2,2,2,multi,extend,False,False,B004VLVCGU|B00O6UCXUK
01260,4,4,4,hard,extend,False,False,0205455301|140020674X|9332536600|B00H8YGOMO
01282,3,4,4,multi,extend,False,False,B00002NC1Y|B0078W0QOI|B0097JOC6S
01283,2,3,3,multi,extend,False,False,B0078W0QOI|B0097JOC6S
01284,3,5,5,multi,extend,False,False,B0078W0QOI|B0097JOC6S|B01096CH96
01289,2,2,2,multi,extend,False,False,B00U1NV04G|B00VI6BFBS
01297,2,4,4,multi,extend,False,False,B0156TN1RS|B015TLECA8
01302,2,2,2,multi,extend,False,False,B00006WNMJ|B00OLZRGSY
01325,4,4,4,hard,extend,False,False,B000BP2M46|B0043DSGX8|B00DV8AJLS|B00H0S99Z2
01331,3,3,3,multi,extend,False,False,B0029XHTDC|B00U6I9TV2|B010HWDPKW
01332,2,2,2,multi,extend,False,False,B0029XHTDC|B010HWDPKW
01336,3,6,6,multi,extend,False,False,B000QFSNY4|B009EVRAPE|B00BTICFBE
01337,2,5,5,multi,extend,False,False,B000QFSNY4|B00BTICFBE
01338,3,7,7,multi,extend,False,False,B000QFSNY4|B00BTICFBE|B0161YNKNC
01348,3,6,6,multi,extend,False,False,B000VHS9TQ|B005LOO2I6|B00G75X158
01353,4,4,4,hard,extend,False,False,B00ABE4NIU|B00V2PB16O|B018IC9TMG|B01AKC1Z3S
01373,2,2,2,multi,extend,False,False,B007KWXFK8|B00LD6KJTC
01398,2,2,2,multi,extend,False,False,B00JPLTM3Q|B00R20EPLG
01414,4,4,4,hard,extend,False,False,0615344976|B001B3NDDQ|B003T44YJ2|B009HVH9V6
01415,3,3,3,multi,extend,False,False,0615344976|B003T44YJ2|B009HVH9V6
01421,2,2,2,multi,extend,False,False,B001ET5XXK|B01BY6UFWQ
01426,3,4,4,multi,extend,False,False,B00004TT3S|B005PVLDVE|B005PVLFCQ
01427,4,6,6,hard,extend,False,False,B00004TT3S|B005PVLDVE|B005PVLFCQ|B017RMTYEG
01435,3,6,6,multi,extend,False,False,B00KVL0SIM|B00OXP4GWG|B013KPFZVU
01441,2,19,19,multi,extend,False,False,B0007506U2|B00OMX2PKY
01442,2,11,11,multi,extend,False,False,B0007506U2|B00OMX2PKY
01443,2,10,10,multi,extend,False,False,B0007506U2|B00OMX2PKY
01444,4,4,4,hard,eval,True,True,B004AKHOXW|B00NWE9ZDE|B00O5NF53U|B00UNPH8LG
01445,3,3,3,multi,extend,False,False,B004AKHOXW|B00NWE9ZDE|B00UNPH8LG
01446,3,3,3,multi,extend,False,False,B013LDVFCY|B0196BY5OU|B01DMXZ3OO
01447,2,2,2,multi,extend,False,False,B0196BY5OU|B01DMXZ3OO
01452,4,5,5,hard,extend,False,False,B005S4KB98|B00MNKU6WM|B00ZQ2J9M2|B01BBRORPO
01456,3,3,3,multi,extend,False,False,B0091RKT68|B00ZA1FQ5S|B014DEFKG2
01457,4,8,8,hard,extend,False,False,B0018KNYBI|B0091RKT68|B00ZA1FQ5S|B014DEFKG2
01458,4,4,4,hard,extend,False,False,B0091RKT68|B00MR4HCG2|B00ZA1FQ5S|B014DEFKG2
01483,2,4,4,multi,extend,False,False,B00356AR8G|B016U26V86
01485,4,4,4,hard,extend,False,False,B009M2TQLQ|B00ENLRPU0|B00IQBT1AK|B01BLV4P6Q
01486,3,3,3,multi,extend,False,False,B009M2TQLQ|B00ENLRPU0|B01BLV4P6Q
01491,2,5,5,multi,extend,False,False,B002EL3YP6|B00AHAJ80Q
01522,2,2,2,multi,extend,False,False,B0042VJSO2|B00QEGP4JQ
01523,3,3,3,multi,extend,False,False,B0042VJSO2|B00MRZIGWA|B00QEGP4JQ
01545,4,4,4,hard,extend,False,False,B00176GSEI|B0081GFT92|B00BD8QLGK|B00P4A3HYW
01546,3,3,3,multi,extend,False,False,B00176GSEI|B00BD8QLGK|B00P4A3HYW
01553,2,2,2,multi,extend,False,False,B005IGW8IS|B00QH4VUUM
01554,3,5,5,multi,extend,False,False,B005IGW8IS|B00QH4VUUM|B010CAEOUO
01555,3,3,3,multi,extend,False,False,B005IGW8IS|B00QH4VUUM|B010CAEOUO
01558,3,4,4,multi,extend,False,False,1935589679|B000X721ZC|B00DC0ZPFU
01559,3,3,3,multi,extend,False,False,1935589679|B000X721ZC|B00DC0ZPFU
01570,3,3,3,multi,extend,False,False,B00419J4X0|B00KJLMBSO|B00SH72LQ4
01571,2,2,2,multi,extend,False,False,B00KJLMBSO|B00SH72LQ4
01572,2,3,3,multi,extend,False,False,B00FI6T7NM|B00PV1D7E4
01573,2,2,2,multi,extend,False,False,B00FI6T7NM|B015J855WU
01577,3,8,8,multi,extend,False,False,B00006IEC7|B005TOV0OM|B00QJTEHWS
01580,3,3,3,multi,extend,False,False,B0089LTCSS|B00GN4VP6A|B0186IJ3IC
01581,2,2,2,multi,extend,False,False,B0089LTCSS|B0186IJ3IC
01582,3,3,3,multi,extend,False,False,B0089LTCSS|B00DZJGTVC|B0186IJ3IC
01584,4,6,6,hard,extend,False,False,B0001NE4TO|B000A2G2U0|B009T71ELY|B01EX4UXKA
01586,2,2,2,multi,extend,False,False,193362275X|B00ZV61VOW
01592,4,5,5,hard,extend,False,False,B000GG2HOU|B0017ZJWD8|B001C6OYG2|B00HUJJOQU
01593,2,18,18,multi,extend,False,False,B0027EOTKO|B0185M866E
01594,3,19,19,multi,extend,False,False,B0027EOTKO|B00U5U8P3O|B0185M866E
01595,2,18,18,multi,extend,False,False,B0027EOTKO|B0185M866E
01596,4,7,7,hard,extend,False,False,B009GMX78U|B00G6MWQHG|B0184WT8M6|B01CNGSK3W
01599,2,8,8,multi,extend,False,False,B012MGT7IA|B0172IER1K
01600,2,7,7,multi,extend,False,False,B012MGT7IA|B0172IER1K
01621,2,2,2,multi,extend,False,False,B00D8UCDTA|B00HGGJZN4
01622,3,3,3,multi,extend,False,False,B00D8UCDTA|B00GM3PB1C|B00HGGJZN4
01623,2,2,2,multi,extend,False,False,B00D8UCDTA|B00HGGJZN4
01625,3,6,6,multi,extend,False,False,B0000DBMMO|B00AM1WAN2|B00OKRSMV8
01648,3,3,3,multi,extend,False,False,B00HJTI3BS|B01C43BWBG|B01D8ICCNS
01649,2,2,2,multi,extend,False,False,B00HJTI3BS|B01C43BWBG
01653,4,4,4,hard,extend,False,False,B0000V1E9K|B015TC63LI|B017RNHJ0Q|B017XHQ8L2
01654,3,3,3,multi,extend,False,False,B015TC63LI|B017RNHJ0Q|B017XHQ8L2
01655,2,2,2,multi,extend,False,False,B015TC63LI|B017XHQ8L2
01659,2,2,2,multi,extend,False,False,B008HHNB86|B01FFG9J0U
01687,1,1,1,single,seed,False,False,193362275X
01688,2,4,4,multi,extend,False,False,193362275X|B00IMG2430
01703,2,5,5,multi,extend,False,False,B003KYSLNQ|B00E95CDCU
01704,3,6,6,multi,extend,False,False,B0020XQWCA|B00E95CDCU|B00O2Y2MZG
01705,4,7,7,hard,extend,False,False,B001LGILLW|B0020XQWCA|B00E95CDCU|B00O2Y2MZG
01719,4,4,4,hard,extend,False,False,B00AHXY10U|B00EKW8UEM|B00J7BJJDM|B00Y8GC5WI
01748,1,2,2,single,seed,False,False,B00Q2VIW9M
01749,2,3,3,multi,extend,False,False,B00Q2VIW9M|B015YF5YIS
01768,2,2,2,multi,extend,False,False,B008RHBJ8K|B00KSMVZJ0
01783,2,2,2,multi,extend,False,False,B002R0IHTC|B019ZU3KDO
01784,3,3,3,multi,extend,False,False,B002R0IHTC|B017EGKZ20|B01BN0XSDQ
01785,2,2,2,multi,extend,False,False,B002R0IHTC|B01BN0XSDQ
01808,2,3,3,multi,extend,False,False,B00IBNPKX0|B00MBVDBC0
01831,3,8,8,multi,extend,False,False,B00BMQQSJS|B00KPVCJ9O|B0125KRAUU
01832,3,7,7,multi,extend,False,False,B00BMQQSJS|B00KPVCJ9O|B0125KRAUU
01833,3,6,6,multi,extend,False,False,B00BMQQSJS|B00KPVCJ9O|B0125KRAUU
01842,4,5,5,hard,eval,True,True,030797667X|0375866876|0375868003|B0002I5QHW
01843,2,3,3,multi,extend,False,False,B000ANF8FO|B019RRZ93E
01844,2,2,2,multi,extend,False,False,B000ANF8FO|B019RRZ93E
01845,1,1,1,single,seed,False,False,B019RRZ93E
01849,1,1,1,single,seed,False,False,B003EMKNPS
01850,3,6,6,multi,eval,True,True,B00MPIGQB2|B015FINGO8|B01C5HLXQA
01856,3,4,4,multi,extend,False,False,B001GQK2AK|B018JREI6M|B01ABUD6CC
01857,3,3,3,multi,extend,False,False,B001GQK2AK|B018JREI6M|B01ABUD6CC
01872,2,3,3,multi,extend,False,False,B003XNZZLU|B00GM02BUO
01873,1,1,1,single,seed,False,False,B00GM02BUO
01880,2,3,3,multi,extend,False,False,B009SZ2R04|B00A7V9AVC
01881,1,2,2,single,seed,False,False,B009SZ2R04
01882,2,3,3,multi,extend,False,False,B000WOOR1M|B009SZ2R04
01885,4,4,4,hard,extend,False,False,B0076MZ3QQ|B009E7YBEQ|B00RVGCCNE|B017BK9SJK
01894,3,4,4,multi,extend,False,False,B001BC73Y2|B00NKF7PZA|B01578BAH6
01895,3,5,5,multi,extend,False,False,B0037V001I|B00VUI32BK|B01CVA1618
01897,2,5,5,multi,extend,False,False,B0009T6EA2|B004ZHA1HQ
01898,4,8,8,hard,extend,False,False,B0009T6EA2|B000NO72TA|B004ZHA1HQ|B00949EQOO
01924,3,4,4,multi,extend,False,False,B000NI39SY|B000W9U1QW|B010TFQZA4
01925,2,3,3,multi,extend,False,False,B000W9U1QW|B010TFQZA4
01926,3,4,4,multi,extend,False,False,B000W9U1QW|B010TFQZA4|B01AK9RFL2
01938,4,4,4,hard,extend,False,False,0073386340|0073403466|1464135282|B00YTZ7P50
01940,3,8,8,multi,eval,True,True,B000HHLKRI|B010TERU2W|B01D6NLVK0
01941,3,7,7,multi,extend,False,False,B000HHLKRI|B010TERU2W|B01D6NLVK0
01954,3,4,4,multi,extend,False,False,B00QXVL7GQ|B016BPEOPY|B018J6ZZ42
01955,4,5,5,hard,extend,False,False,B00QXVL7GQ|B016BPEOPY|B018J6ZZ42|B01HF6VE8S
01960,4,6,6,hard,extend,False,False,B005GYGYCS|B00GVMY7EQ|B012Q4M3DO|B016J5YMGM
01967,2,8,8,multi,extend,False,False,B018AP1WMQ|B01BUURG3C
01996,2,3,3,multi,extend,False,False,0415534623|B01A4GE6OK
01997,3,12,12,multi,extend,False,False,0415534623|B004PT3FOK|B01A4GE6OK
01998,3,11,11,multi,extend,False,False,0415534623|B004PT3FOK|B01A4GE6OK
02012,1,4,4,single,seed,False,False,B000H0G85Y
02017,1,7,7,single,seed,False,False,B005GQ6606
02018,2,9,9,multi,extend,False,False,B001VH7G62|B005GQ6606
02019,1,7,7,single,seed,False,False,B005GQ6606
02020,2,2,2,multi,extend,False,False,B000EVSC8C|B004S081T0
02021,1,1,1,single,seed,False,False,B000EVSC8C
02022,2,2,2,multi,extend,False,False,B000EVSC8C|B00WUD4EQG
02024,4,4,4,hard,extend,False,False,B0028RUX0A|B002Y27JYM|B004GW5LOS|B014TCP0L8
02035,3,3,3,multi,extend,False,False,B00CEQ8E3S|B00KONA0J4|B0167A130M
02036,4,4,4,hard,extend,False,False,B00CEQ8E3S|B00KONA0J4|B01EVMZR6Y|B01GRFM4JQ
02037,3,3,3,multi,extend,False,False,B00CEQ8E3S|B01EVMZR6Y|B01GRFM4JQ
02046,2,9,9,multi,extend,False,False,B00K4XHHA4|B00OJNZ11W
02047,4,4,4,hard,extend,False,False,B0009Z3K4E|B003YZYWIY|B00AQ64BG2|B00TB737SU
02048,3,3,3,multi,extend,False,False,B0009Z3K4E|B003YZYWIY|B00AQ64BG2
02062,2,2,2,multi,extend,False,False,B00VFVGFWU|B01B6DE8Y8
02063,3,5,5,multi,extend,False,False,1617110116|B00VFVGFWU|B01B6DE8Y8
02064,3,4,4,multi,extend,False,False,1617110116|B00VFVGFWU|B01B6DE8Y8
02065,2,2,2,multi,extend,False,False,B001L1RE8S|B0051GN8SY
02066,1,1,1,single,seed,False,False,B0051GN8SY
02067,2,5,5,multi,extend,False,False,B004RVHBLO|B0051GN8SY
02101,2,2,2,multi,extend,False,False,B00KJLMBSO|B00SH72LQ4
02112,3,12,12,multi,extend,False,False,B00BB4JPYQ|B011OJCQI4|B01FZ0WP3E
02115,1,2,2,single,seed,False,False,B013MCR41K
02116,2,6,6,multi,extend,False,False,B013MCR41K|B01AM7WEF4
02117,2,4,4,multi,extend,False,False,B013MCR41K|B01AM7WEF4
02159,4,7,7,hard,extend,False,False,B0008D6WBA|B00526ZXAE|B015W5X9H8|B0177VLQ6Q
02160,3,6,6,multi,extend,False,False,B0008D6WBA|B00526ZXAE|B0177VLQ6Q
02167,4,4,4,hard,extend,False,False,B000ZOUB5A|B008FXKOI2|B0150O8DCC|B01F8U8148
02174,3,4,4,multi,extend,False,False,B00E4W654A|B00KQHV29A|B01A07QUXS
02175,2,3,3,multi,extend,False,False,B00E4W654A|B01A07QUXS
02176,4,5,5,hard,extend,False,False,B004H1R8TY|B008DVY1TE|B00E4W654A|B01A07QUXS
02204,4,5,5,hard,extend,False,False,B005Z81YQ6|B008TLBN2Q|B014PYKI6C|B01F8OTYSQ
02209,2,2,2,multi,extend,False,False,B008XZAQDU|B00F5G7MJG
02252,4,5,5,hard,extend,False,False,B000078CR6|B007WMB8MS|B00LIB1PPO|B012MH8VPE
02253,4,4,4,hard,extend,False,False,B000078CR6|B007WMB8MS|B00LIB1PPO|B012MH8VPE
02254,3,3,3,multi,extend,False,False,B007WMB8MS|B00A34MN2Q|B012MH8VPE
02262,4,4,4,hard,extend,False,False,B003RFKXNE|B00IMHXI1Q|B00MMNGDX6|B00P9HO6Y0
02264,4,12,12,hard,extend,False,False,B0000040W4|B007RA0ZAQ|B00LURTD2S|B00NB1U6OA
02268,3,11,11,multi,extend,False,False,B005SEBU8O|B008VSJFQ8|B00CEQLJ8U
02277,2,4,4,multi,extend,False,False,B00PLRGOKC|B00UB8KV1O
02278,1,2,2,single,seed,False,False,B00PLRGOKC
02279,2,4,4,multi,extend,False,False,B00PLRGOKC|B01GYGGLI8
02302,3,3,3,multi,extend,False,False,B00DW35Q6A|B0111WVW5C|B01DBHZVJS
02303,2,2,2,multi,extend,False,False,B00DW35Q6A|B01DBHZVJS
02304,3,4,4,multi,extend,False,False,B00DW35Q6A|B00VAQFXWI|B01DBHZVJS
02319,2,6,6,multi,extend,False,False,B009POHG2M|B01BZYSCP4
02320,1,1,1,single,seed,False,False,B01BZYSCP4
02321,2,6,6,multi,extend,False,False,B00H1OR9RK|B01BZYSCP4
02322,2,6,6,multi,extend,False,False,B009UOPSOK|B00DGV5SCA
02324,2,2,2,multi,extend,False,False,B01B7GSPDE|B01DLXHOCE
02325,3,4,4,multi,extend,False,False,B004ZLAGLS|B01B7GSPDE|B01DLXHOCE
02334,4,4,4,hard,extend,False,False,B00GT54NJY|B011POF36K|B0163IF7MI|B01DDSDFTI
02335,3,3,3,multi,extend,False,False,B00GT54NJY|B0163IF7MI|B01DDSDFTI
02345,3,5,5,multi,extend,False,False,0822576449|B000XAGYUW|B004I116FA
02348,4,4,4,hard,extend,False,False,B002RL8ICC|B00BLZ5EYU|B014TE51C4|B0167HG1V6
02349,3,3,3,multi,extend,False,False,B002RL8ICC|B014TE51C4|B0167HG1V6
02350,4,4,4,hard,extend,False,False,B002RL8ICC|B014TE51C4|B0167HG1V6|B019FNCXLQ
02381,3,4,4,multi,extend,False,False,B0052MIH88|B00KVX5O3E|B013G45C7M
02382,3,3,3,multi,extend,False,False,B0052MIH88|B00KVX5O3E|B013G45C7M
02383,2,2,2,multi,extend,False,False,B0052MIH88|B00KVX5O3E
02401,1,1,1,single,seed,False,False,B00VKYKY7E
02402,2,5,5,multi,extend,False,False,B0006IX85K|B00VKYKY7E
02403,2,4,4,multi,extend,False,False,B0006IX85K|B00VKYKY7E
02430,3,8,8,multi,extend,False,False,B001QGKGRE|B00R20EL2O|B01A9GD3BM
02431,3,7,7,multi,eval,True,True,B001QGKGRE|B00R20EL2O|B01A9GD3BM
02433,3,3,3,multi,extend,False,False,B000Y60O4C|B00JIKPW74|B014JOU8Z4
02434,2,2,2,multi,extend,False,False,B000Y60O4C|B00JIKPW74
02435,3,3,3,multi,extend,False,False,B000Y60O4C|B00JIKPW74|B00OTY6SLS
02443,3,3,3,multi,extend,False,False,B00PWCN0K8|B00S69E8GO|B00Z06F0BS
02444,2,2,2,multi,extend,False,False,B00S69E8GO|B00Z06F0BS
02458,4,5,5,hard,extend,False,False,B0037CJCMK|B004KTONOG|B00K2IETRA|B014DAVV00
02468,3,7,7,multi,extend,False,False,B0000AYIMT|B004T33Y8O|B015B3TG00
02473,2,3,3,multi,extend,False,False,B00IOW08M6|B00KW8EGNW
02474,3,7,7,multi,extend,False,False,B00IOW08M6|B00KW8EGNW|B01BTNMGXU
02491,2,2,2,multi,extend,False,False,B004C34PQQ|B00VI6BFBS
02492,1,1,1,single,seed,False,False,B00VI6BFBS
02507,4,4,4,hard,eval,True,True,B0002AR0HO|B004000394|B005OA6QVI|B00QAKUV1W
02508,3,3,3,multi,extend,False,False,B004000394|B005OA6QVI|B00QAKUV1W
02517,2,3,3,multi,extend,False,False,B003DKKKTK|B01ES5D7CU
02518,3,5,5,multi,extend,False,False,B003DKKKTK|B00KAY66NG|B01ES5D7CU
02542,2,4,4,multi,extend,False,False,B003UV4WN2|B00FFSBGSM
02543,3,5,5,multi,extend,False,False,B001F12LZA|B003UV4WN2|B00FFSBGSM
02544,2,2,2,multi,extend,False,False,B007RFSQDO|B00V7M9YQQ
02545,3,6,6,multi,extend,False,False,B000A3DQGW|B007RFSQDO|B00V7M9YQQ
02546,2,2,2,multi,extend,False,False,B007RFSQDO|B00V7M9YQQ
02548,3,5,5,multi,extend,False,False,B002Y1U2M4|B00MXOVBO0|B00TAPL0SC
02552,3,3,3,multi,extend,False,False,1285839390|B00HG912FU|B00Y1HPJWW
02562,2,3,3,multi,extend,False,False,B005IBVT9M|B007GCQ702
02563,2,2,2,multi,extend,False,False,B005IBVT9M|B007GCQ702
02564,2,5,5,multi,extend,False,False,B007GCQ702|B00IRF0PNM
02578,2,2,2,multi,extend,False,False,B0053T4PHC|B005DSCHGO
02581,2,2,2,multi,extend,False,False,B00LJIV35I|B015QZMHQS
02582,1,1,1,single,eval,True,False,B015QZMHQS
02583,2,3,3,multi,extend,False,False,B001MBUHJK|B015CH1PJU
02594,3,7,7,multi,extend,False,False,1563682826|B00JYCF0LO|B00P20NJP6
02595,3,6,6,multi,extend,False,False,1563682826|B00JYCF0LO|B00P20NJP6
02596,2,2,2,multi,extend,False,False,B00JYCF0LO|B00P20NJP6
02605,3,4,4,multi,extend,False,False,B002QTWTSE|B00AZ55T9C|B00FYYZ3T0
02606,2,3,3,multi,extend,False,False,B00AZ55T9C|B00FYYZ3T0
02607,3,5,5,multi,extend,False,False,B00AZ55T9C|B00FYYZ3T0|B00P3IAYSC
02627,3,8,8,multi,extend,False,False,B000GOZZBE|B00AJCNN8K|B01DTZKOGM
02628,3,6,6,multi,extend,False,False,B000GOZZBE|B00AJCNN8K|B01DTZKOGM
02629,4,7,7,hard,extend,False,False,B000GOZZBE|B00AJCNN8K|B018I2IVIE|B01DTZKOGM
02640,2,2,2,multi,extend,False,False,B006E54BIC|B00B3G89MQ
02641,1,1,1,single,seed,False,False,B00B3G89MQ
02642,3,3,3,multi,extend,False,False,B00B3G89MQ|B00CA6756O|B01577D48U
02691,4,5,5,hard,extend,False,False,B003NVLWMI|B00DF86HT2|B00DZQO3K4|B00MFY1Z1W
02699,1,2,2,single,seed,False,False,B00K1J0YAQ
02700,2,6,6,multi,extend,False,False,B007BPO2HE|B013TB5E8O
02722,2,3,3,multi,extend,False,False,B0017D1GG6|B003AANDHE
02723,3,4,4,multi,extend,False,False,B0017D1GG6|B0030CVC70|B003AANDHE
02729,4,5,5,hard,extend,False,False,B000C9KKKE|B009B2Y98C|B00MBR6BRQ|B01B424U8A
02730,4,4,4,hard,extend,False,False,B000C9KKKE|B009B2Y98C|B00MBR6BRQ|B01B424U8A
02738,2,4,4,multi,extend,False,False,B007KZ3FSC|B013RBJR3Y
02739,2,3,3,multi,extend,False,False,B007KZ3FSC|B013RBJR3Y
02740,3,4,4,multi,extend,False,False,B001W26TIW|B007KZ3FSC|B013RBJR3Y
02748,3,3,3,multi,extend,False,False,B0058TXCCG|B00HV7LZAO|B01FH2GZNQ
02749,4,4,4,hard,extend,False,False,B0058TXCCG|B00A48EKG8|B00HV7LZAO|B01FH2GZNQ
02750,4,12,12,hard,extend,False,False,B003XYJSTO|B006EPDA4I|B011HAWZ2W|B019W11PAQ
02751,4,9,9,hard,extend,False,False,B003XYJSTO|B006EPDA4I|B011HAWZ2W|B019W11PAQ
02752,4,8,8,hard,extend,False,False,B003XYJSTO|B006EPDA4I|B011HAWZ2W|B019W11PAQ
02754,1,4,4,single,eval,True,False,B00JDCLXFC
02755,3,11,11,multi,extend,False,False,B00JDCLXFC|B00KCX8H6E|B00O12F210
02772,2,3,3,multi,extend,False,False,B00MGE2GBE|B010YBQRMO
02773,3,5,5,multi,extend,False,False,B00MGE2GBE|B00XD20AZM|B010YBQRMO
02797,2,3,3,multi,extend,False,False,B00FPQQKI0|B01E58XYD2
02820,4,4,4,hard,extend,False,False,B008XZASOC|B00IFGQVH2|B013CWQPAG|B01CXABIWI
02828,4,11,11,hard,extend,False,False,B00D5PXUUY|B00JW7JPL2|B00KC21XZ2|B00ZHQ5YVM
02830,2,4,4,multi,extend,False,False,B002P5NBR2|B00FM4E3SE
02845,4,8,8,hard,extend,False,False,B00006B8IU|B002JAKRAM|B004LO7ND8|B00RXY16EA
02856,2,6,6,multi,extend,False,False,B008CJNSD2|B00PTPLJ60
02857,3,8,8,multi,extend,False,False,B008CJNSD2|B00PTPLJ60|B00TPMDLBY
02858,3,7,7,multi,extend,False,False,B008CJNSD2|B00PTPLJ60|B00TPMDLBY
02864,2,2,2,multi,extend,False,False,B000088O9Y|B003QP4DCC
02865,1,1,1,single,seed,False,False,B000088O9Y
02877,2,2,2,multi,eval,True,True,B00VBPX4V0|B01C75BU6S
02878,3,4,4,multi,extend,False,False,B00K7HMH1Q|B00VBPX4V0|B01C75BU6S
02900,2,3,3,multi,extend,False,False,B004RKP35Q|B00I0BJ80O
02901,3,4,4,multi,extend,False,False,B00005108J|B004RKP35Q|B00I0BJ80O
02904,3,6,6,multi,extend,False,False,0062202553|B003F2MK1W|B00KNK0M1O
02905,4,7,7,hard,extend,False,False,0062202553|B003F2MK1W|B00KNK0M1O|B00UBMNYM8
02906,1,2,2,single,seed,False,False,B00M6HDTXK
02907,2,5,5,multi,extend,False,False,B00028LS06|B00M6HDTXK
02908,2,3,3,multi,extend,False,False,B00028LS06|B00M6HDTXK
02911,3,3,3,multi,extend,False,False,B001L498EI|B00LHE5R10|B016LGOT12
02912,2,2,2,multi,extend,False,False,B001L498EI|B00LHE5R10
02913,4,7,7,hard,extend,False,False,B001L498EI|B0032VUUXQ|B00LHE5R10|B01DDH15CI
02918,3,4,4,multi,extend,False,False,0960598855|B00IOFD096|B00WAZL63S
02919,2,3,3,multi,extend,False,False,0960598855|B00IOFD096
02920,1,2,2,single,seed,False,False,B00IOFD096
02921,4,6,6,hard,extend,False,False,B0030UF6EW|B00O28C8H4|B00P60C3E0|B01DZK5P9W
02959,4,7,7,hard,extend,False,False,B00QMTG8BI|B00XXFGE5E|B01EKY8O7W|B01GDQLDBO
02960,3,5,5,multi,extend,False,False,B00QMTG8BI|B00XXFGE5E|B01GDQLDBO
02961,4,6,6,hard,extend,False,False,B00QMTG8BI|B00XXFGE5E|B010GKWANI|B01GDQLDBO
03014,2,4,4,multi,extend,False,False,B002EL3YME|B01AWENDJS
03029,3,4,4,multi,extend,False,False,B004FEEY9A|B005FQH3B8|B00F3FC3M0
03030,2,3,3,multi,extend,False,False,B004FEEY9A|B005FQH3B8
03031,1,2,2,single,seed,False,False,B005FQH3B8
03037,1,1,1,single,seed,False,False,B000VPXIZS
03060,2,6,6,multi,extend,False,False,B0000B1UXS|B00CJICDWO
03061,2,5,5,multi,extend,False,False,B0000B1UXS|B00CJICDWO
03062,2,4,4,multi,extend,False,False,B0000B1UXS|B00CJICDWO
03075,2,4,4,multi,extend,False,False,B007HMMRC8|B00D5J7SL2
03079,3,4,4,multi,extend,False,False,B00BTRPYHM|B00TX14HPQ|B015TLECA8
03080,2,3,3,multi,extend,False,False,B00TX14HPQ|B015TLECA8
03094,3,4,4,multi,extend,False,False,B00CDB8AXS|B00LZJHZ44|B00XUSPRJS
03095,3,3,3,multi,extend,False,False,B00CDB8AXS|B00LZJHZ44|B00XUSPRJS
03100,2,4,4,multi,extend,False,False,1442374268|B0068FM72A
03101,2,3,3,multi,extend,False,False,B00028NGEC|B0047URUIY
03102,2,2,2,multi,extend,False,False,B00028NGEC|B0047URUIY
03103,3,6,6,multi,extend,False,False,B00028NGEC|B000I05GOW|B0047URUIY
03120,4,5,5,hard,extend,False,False,B0029LF7Y2|B00U8AS5N6|B016ANX0SO|B019RPG4ZS
03139,1,2,2,single,seed,False,False,B007PM9QLU
03140,2,3,3,multi,extend,False,False,B000BQWYDO|B007PM9QLU
03141,1,2,2,single,seed,False,False,B007PM9QLU
03150,4,10,10,hard,extend,False,False,B003VWU2WA|B007SUKUSW|B0116EDNH0|B01H30NQCI
03160,3,13,13,multi,extend,False,False,B000Q6ZLKM|B01786BQ92|B01ARFWBOK
03161,3,12,12,multi,extend,False,False,B000Q6ZLKM|B01786BQ92|B01ARFWBOK
03162,2,11,11,multi,extend,False,False,B000Q6ZLKM|B01ARFWBOK
03204,3,3,3,multi,extend,False,False,B007TJGY6O|B015902LR0|B01AT5NDZE
03205,2,2,2,multi,extend,False,False,B007TJGY6O|B015902LR0
03210,4,5,5,hard,extend,False,False,B002UC2U2C|B002UC2WNO|B01D3TDUCO|B01EJSZG1Q
03211,3,4,4,multi,extend,False,False,B0003JBY6M|B004RIMJG4|B004U7JYXS
03233,2,3,3,multi,extend,False,False,B002NGMEVC|B002QCERWW
03234,3,4,4,multi,extend,False,False,B002NGMEVC|B002QCERWW|B008LXRB7S
03235,3,3,3,multi,extend,False,False,B002NGMEVC|B002QCERWW|B008LXRB7S
03261,2,10,10,multi,eval,True,True,B003FO2B5U|B017S4CJMM
03287,3,3,3,multi,extend,False,False,B00Z4TQEH0|B013OHOD9O|B01CUQ23HY
03288,2,2,2,multi,extend,False,False,B00Z4TQEH0|B013OHOD9O
03289,3,3,3,multi,extend,False,False,B00Z4TQEH0|B013OHOD9O|B01AFTSGT2
03310,2,2,2,multi,extend,False,False,B0026HZXRK|B004VU8ZD4
03312,3,3,3,multi,extend,False,False,B00VFYF8JI|B00WIWXU00|B016IHDJY2
03341,3,6,6,multi,extend,False,False,B008TL7EK6|B00XMLRCJG|B01DGIQEFM
03342,3,3,3,multi,extend,False,False,B008TL7EK6|B00XMLRCJG|B01DGIQEFM
03343,4,4,4,hard,extend,False,False,B00112CHD4|B008TL7EK6|B00XMLRCJG|B01DGIQEFM
03368,3,3,3,multi,extend,False,False,B00GN2L7H4|B00OD5F95Y|B01163DKOW
03376,3,3,3,multi,extend,False,False,B0013OUPXE|B00OUKCSEM|B018SO95UU
03377,2,2,2,multi,extend,False,False,B0013OUPXE|B018SO95UU
03385,2,2,2,multi,extend,False,False,B00BDMN9H0|B00SOM7YWI
03390,3,4,4,multi,extend,False,False,B001BS1U90|B00OMEBVA8|B012MGTM9O
03397,3,5,5,multi,extend,False,False,B0002LCUZK|B000T8GC1O|B00ELHNIG6
03398,3,4,4,multi,extend,False,False,B0002LCUZK|B000T8GC1O|B00ELHNIG6
03399,3,3,3,multi,extend,False,False,B0002LCUZK|B000T8GC1O|B00ELHNIG6
03437,2,5,5,multi,extend,False,False,1926778820|B01D1TQLTU
03438,3,6,6,multi,extend,False,False,1926778820|B01D1TQLTU|B01DV2OJYG
03439,2,5,5,multi,extend,False,False,1926778820|B01D1TQLTU
03464,2,2,2,multi,extend,False,False,B000X8PBZI|B00VPVNHJY
03465,1,1,1,single,seed,False,False,B00VPVNHJY
03484,4,8,8,hard,extend,False,False,B000CPA620|B004CLZRI8|B00SJP2HMM|B00XBPH9OG
03485,3,7,7,multi,extend,False,False,B004CLZRI8|B00SJP2HMM|B00XBPH9OG
03486,4,8,8,hard,extend,False,False,B004CLZRI8|B00SJP2HMM|B00XBPH9OG|B01CDUKFKO
03497,1,1,1,single,seed,False,False,B00D2JN87I
03517,3,5,5,multi,extend,False,False,B004Q3SBYO|B00JDP7FVU|B00QX7043W
03532,2,4,4,multi,extend,False,False,B009A5204K|B00UG423EQ
03533,4,5,5,hard,extend,False,False,B002Q4M3FS|B00JSDQXIS|B016PQ8VBM|B01AJOZPUG
03539,3,3,3,multi,extend,False,False,B00W663FNA|B015KK11LG|B01DP212VA
03543,4,7,7,hard,extend,False,False,B002FU68KO|B004FUJ5NE|B0053PI9I2|B015H04SAA
03544,4,6,6,hard,extend,False,False,B002FU68KO|B004FUJ5NE|B0053PI9I2|B015H04SAA
03557,4,34,34,hard,extend,False,False,B000H6F4W6|B00CI4ZOIY|B00ZPHCB64|B011IISNJW
03571,3,4,4,multi,extend,False,False,B00E3AZPHQ|B0161YT7SE|B019D9HESO
03573,3,8,8,multi,extend,False,False,B0009I6PAC|B00MOF6K5I|B015UKPIHO
03574,3,6,6,multi,extend,False,False,B0009I6PAC|B00MOF6K5I|B015UKPIHO
03599,4,5,5,hard,extend,False,False,0133803813|0393937054|1285196759|1627797890
03600,4,4,4,hard,extend,False,False,0133803813|0393937054|1285196759|1627797890
03601,3,3,3,multi,extend,False,False,0133803813|0393937054|1285196759
03619,1,1,1,single,seed,False,False,B00NBK9XL8
03620,2,2,2,multi,extend,False,False,B00NBK9XL8|B01DJKPIX6
03621,3,4,4,multi,extend,False,False,B0032KOSQW|B00NBK9XL8|B01DJKPIX6
03624,1,1,1,single,seed,False,False,B01ASV6DAQ
03625,2,3,3,multi,extend,False,False,B00C9P9BTU|B01ASV6DAQ
03649,3,13,13,multi,eval,True,True,0811814920|B0025TZ30G|B00SXMORN8
03650,3,11,11,multi,extend,False,False,0811814920|B0025TZ30G|B00SXMORN8
03651,3,10,10,multi,extend,False,False,0811814920|B0025TZ30G|B00SXMORN8
03654,2,7,7,multi,eval,True,True,B0001EMLZW|B011ZJASD8
03657,3,3,3,multi,extend,False,False,B0035G077W|B00BGL4NJ6|B01AHG4W6E
03658,2,2,2,multi,extend,False,False,B0035G077W|B01AHG4W6E
03659,3,3,3,multi,extend,False,False,B0035G077W|B014DEHV1O|B01AHG4W6E
03662,3,7,7,multi,extend,False,False,1606710311|B004JHUTJW|B00GUQMVBO
03663,4,9,9,hard,extend,False,False,1606710311|B002LNXBYG|B004JHUTJW|B00GUQMVBO
03664,4,8,8,hard,extend,False,False,1606710311|B002LNXBYG|B004JHUTJW|B00GUQMVBO
03683,2,4,4,multi,extend,False,False,B00NQNOFKE|B010YHMQEQ
03684,2,3,3,multi,extend,False,False,B00NQNOFKE|B010YHMQEQ
03685,2,2,2,multi,extend,False,False,B00NQNOFKE|B010YHMQEQ
03730,2,7,7,multi,extend,False,False,B00F3SISYO|B01EY4TCTM
03771,4,5,5,hard,extend,False,False,B00387VZ7E|B00BBISSWC|B00E6EBSAM|B016GMP5S2
03772,3,4,4,multi,extend,False,False,B00387VZ7E|B00BBISSWC|B016GMP5S2
03777,3,4,4,multi,extend,False,False,B000NJBN6I|B016U26V86|B0185Z99BM
03778,2,3,3,multi,extend,False,False,B016U26V86|B0185Z99BM
03832,2,3,3,multi,extend,False,False,B000N5JS5A|B01CJ27PWC
03833,3,5,5,multi,extend,False,False,B000N5JS5A|B002GHBUTK|B01CJ27PWC
03834,2,2,2,multi,extend,False,False,B001CROHX6|B00N96KN0E
03835,1,1,1,single,seed,False,False,B001CROHX6
03838,4,5,5,hard,extend,False,False,B00009YJSJ|B001QFCP6K|B00F46300M|B01B1EQXAE
03843,3,6,6,multi,extend,False,False,B018PMK8OM|B01ENN7IWC|B01GYGGLI8
03863,1,1,1,single,eval,True,False,B01BX97KJK
03864,2,5,5,multi,extend,False,False,B0028AD6WO|B01BX97KJK
03865,2,3,3,multi,extend,False,False,B0028AD6WO|B01BX97KJK
03866,4,4,4,hard,extend,False,False,0738218499|B004AHMCMI|B005HJ0QLC|B00SO1DZXQ
03867,3,3,3,multi,extend,False,False,0738218499|B005HJ0QLC|B00SO1DZXQ
03876,4,4,4,hard,extend,False,False,1932922326|B00KW272RA|B00WYEDCTG|B01CUXFMN4
03909,3,4,4,multi,extend,False,False,B00ENFS0GY|B00MDNB8C6|B00QM4N9VK
03910,3,3,3,multi,extend,False,False,B00ENFS0GY|B00MDNB8C6|B00QM4N9VK
03911,4,5,5,hard,extend,False,False,1284036790|1457628317|B00P8E393I|B010FMMOBU
03917,3,4,4,multi,extend,False,False,B01019U8NS|B010XGF564|B015OVRRBY
03918,4,21,21,hard,extend,False,False,B01019U8NS|B010XGF564|B015OVRRBY|B01DX1BI6M
03923,2,2,2,multi,extend,False,False,B006009DQ6|B01BIDPHYQ
03924,3,3,3,multi,extend,False,False,B006009DQ6|B00NXK3JPC|B01BIDPHYQ
03945,2,3,3,multi,extend,False,False,B00ENNKTMO|B00JPSZ3LE
03946,2,2,2,multi,extend,False,False,B00ENNKTMO|B00JPSZ3LE
03947,1,1,1,single,seed,False,False,B00JPSZ3LE
03948,1,1,1,single,seed,False,False,B0033PEFDC
03949,2,6,6,multi,extend,False,False,B0033PEFDC|B019WNQ6BW
03950,2,5,5,multi,extend,False,False,B0033PEFDC|B019WNQ6BW
03953,2,2,2,multi,extend,False,False,B000RZ78LC|B00NLNDO6K
03954,3,4,4,multi,extend,False,False,B000RZ78LC|B00NLNDO6K|B013XTZ0GI
03957,3,4,4,multi,extend,False,False,B003WM9NNI|B00OY5U9GC|B019RIQND8
03958,2,2,2,multi,extend,False,False,B00VXRY8ZC|B01AZQQWDW
03959,3,4,4,multi,extend,False,False,B00BGD5C0S|B00VXRY8ZC|B01AZQQWDW
03968,3,3,3,multi,extend,False,False,B00006IFGP|B004NM93WW|B0182850CE
03969,4,4,4,hard,extend,False,False,B00006IFGP|B004NM93WW|B0182850CE|B01FTXS9HI
03971,4,4,4,hard,extend,False,False,B002S0O7LI|B00JUJ1E0W|B00L2V09VQ|B00PQKQ22Y
03972,3,3,3,multi,extend,False,False,B00JUJ1E0W|B00L2V09VQ|B00PQKQ22Y
03975,1,2,2,single,seed,False,False,B00542ZQ2Q
03985,3,3,3,multi,extend,False,False,B00KN2AP6Y|B00PK3CYKQ|B00PXLOH14
03989,2,3,3,multi,extend,False,False,B009D4JW3U|B00VIKACYU
03992,1,1,1,single,seed,False,False,B00AX30MP2
03993,2,3,3,multi,extend,False,False,B00AX30MP2|B00QMPCG04
03994,1,1,1,single,seed,False,False,B00AX30MP2
03997,2,2,2,multi,extend,False,False,B00Q1VBX76|B00S0TS1KY
03998,3,3,3,multi,extend,False,False,B00Q1VBX76|B00S0TS1KY|B0136JPA56
04003,2,3,3,multi,extend,False,False,B00005O6B7|B00I2F3EBM
04004,2,5,5,multi,extend,False,False,B00I2F3EBM|B019RV3IK6
04014,3,7,7,multi,extend,False,False,0691170134|B003IXJ6FG|B010AH61G4
04015,4,14,14,hard,extend,False,False,0691170134|B003IXJ6FG|B010AH61G4|B017KTU9QI
04016,3,13,13,multi,extend,False,False,0691170134|B003IXJ6FG|B017KTU9QI
04024,3,5,5,multi,extend,False,False,030788743X|B01F6P6EK8|B01FJ2MGEG
04025,3,4,4,multi,extend,False,False,030788743X|B01F6P6EK8|B01FJ2MGEG
04053,3,6,6,multi,extend,False,False,B00ISW92F6|B00KXBFDOO|B0125KULYW
04054,3,5,5,multi,extend,False,False,B00ISW92F6|B00KXBFDOO|B0125KULYW
04055,4,6,6,hard,extend,False,False,B00ISW92F6|B00KXBFDOO|B00U179CME|B0125KULYW
04058,2,3,3,multi,extend,False,False,B000GZY9DS|B00M1UKIMW
04109,4,4,4,hard,extend,False,False,B00B7TNYFG|B00EJ3B0J4|B00JPGTKXS|B00SRYU1N2
04110,3,3,3,multi,extend,False,False,B00B7TNYFG|B00EJ3B0J4|B00JPGTKXS
04116,3,6,6,multi,extend,False,False,1578644283|B012JOATDW|B01CBPGD8E
04117,4,10,10,hard,extend,False,False,1578644283|B00E9CQX4M|B012JOATDW|B01CBPGD8E
04118,4,9,9,hard,extend,False,False,1578644283|B00E9CQX4M|B012JOATDW|B01CBPGD8E
04131,4,7,7,hard,extend,False,False,B000N30EC8|B0085O8SLG|B00NS0JD4S|B012T97SDQ
04132,3,6,6,multi,extend,False,False,B000N30EC8|B00NS0JD4S|B012T97SDQ
04145,3,4,4,multi,extend,False,False,B0067VLJWE|B008EGUEBM|B00MHTR5B4
04146,4,5,5,hard,extend,False,False,B0067VLJWE|B008EGUEBM|B00MHTR5B4|B015PYYO0C
04147,3,4,4,multi,eval,True,True,B0067VLJWE|B008EGUEBM|B00MHTR5B4
04157,2,2,2,multi,extend,False,False,B005MHRB7G|B01E709TK0
04158,1,1,1,single,seed,False,False,B01E709TK0
04159,2,4,4,multi,extend,False,False,B0052M5V0A|B01E709TK0
04175,4,4,4,hard,extend,False,False,B000ZJSH2E|B003L1ZYZ6|B00A3CPJF6|B00XPSS33A
04176,3,5,5,multi,extend,False,False,B00IDBXKE6|B01A0BBF8O|B01C84PUYQ
04182,3,24,24,multi,extend,False,False,B00CH6DW6O|B00KTI2CB8|B01CWRSWBW
04183,3,22,22,multi,extend,False,False,B00CH6DW6O|B00KTI2CB8|B01CWRSWBW
04184,3,21,21,multi,extend,False,False,B00CH6DW6O|B00KTI2CB8|B01CWRSWBW
04193,4,4,4,hard,extend,False,False,B004542PJ6|B00PC94O8I|B00UTCYT1K|B012XDTFRA
04212,2,2,2,multi,extend,False,False,1565859251|B002JPEVMC
04213,3,3,3,multi,extend,False,False,1565859251|B002JPEVMC|B01CA2RYH2
04218,4,5,5,hard,extend,False,False,1452117268|B002C2M90I|B009POHH94|B0181XUHA0
04223,3,4,4,multi,extend,False,False,B0012UPCX2|B004BNCPY6|B01CTD31JC
04224,4,5,5,hard,extend,False,False,B000FF9OLQ|B0012UPCX2|B004BNCPY6|B01CTD31JC
04225,3,4,4,multi,extend,False,False,B00IMHXI1Q|B00Q8LZ4TW|B019PYZDVM
04226,3,3,3,multi,extend,False,False,B00IMHXI1Q|B00Q8LZ4TW|B019PYZDVM
04231,2,3,3,multi,extend,False,False,B01ASVDR8M|B01EIUEQVQ
04232,4,5,5,hard,eval,True,True,B000AN0SCC|B0081SRIFS|B01ASVDR8M|B01EIUEQVQ
04235,3,12,12,multi,extend,False,False,B00QH4VUUM|B01CUSC0TS|B01G7UFATW
04244,3,3,3,multi,extend,False,False,B00CGO64SA|B014Z11HI8|B01ACIP716
04245,2,2,2,multi,extend,False,False,B014Z11HI8|B01ACIP716
04246,3,3,3,multi,extend,False,False,B014Z11HI8|B01ACIP716|B01BZ0MR54
04247,3,7,7,multi,extend,False,False,B00ROPMLY2|B00SNZBO04|B01DCL705Q
04248,2,7,7,multi,extend,False,False,B016MBOMB8|B016VOOMBG
04253,2,2,2,multi,extend,False,False,B00M0MR50Y|B00TUVMQI4
04254,1,1,1,single,seed,False,False,B00TUVMQI4
04255,2,2,2,multi,extend,False,False,B00TUVMQI4|B014S24C4K
04259,3,5,5,multi,extend,False,False,1610352653|B0045DMLXM|B01ABUD6CC
04281,1,5,5,single,seed,False,False,B0070WTV4M
04282,3,9,9,multi,extend,False,False,B0070WTV4M|B00EORP8U2|B019LA01I0
04283,3,8,8,multi,extend,False,False,B0070WTV4M|B00EORP8U2|B019LA01I0
04284,4,5,5,hard,extend,False,False,0830810498|0972428216|B004IW5ITO|B015QWHXWE
04285,3,4,4,multi,extend,False,False,0830810498|0972428216|B015QWHXWE
04309,1,1,1,single,seed,False,False,B00UJ2GX82
04322,2,2,2,multi,extend,False,False,B003JQJTCM|B0047WX5B8
04323,3,3,3,multi,extend,False,False,B003JQJTCM|B0047WX5B8|B0049Q0P9M
04330,4,5,5,hard,extend,False,False,B000302ALY|B004GZ0LA4|B01E58XYD2|B01EBAXIJE
04331,3,3,3,multi,extend,False,False,B000302ALY|B004GZ0LA4|B01EBAXIJE
04333,3,3,3,multi,extend,False,False,B00B4IGS3A|B00J05NHLA|B00TLFTFJ2
04334,2,2,2,multi,extend,False,False,B00B4IGS3A|B00J05NHLA
04335,3,4,4,multi,extend,False,False,B00B4IGS3A|B00J05NHLA|B01EKMGG92
04354,2,3,3,multi,extend,False,False,B002138O4I|B00BAXQ1D6
04355,1,2,2,single,seed,False,False,B002138O4I
04356,2,9,9,multi,extend,False,False,B002138O4I|B00UMR7TBO
04374,1,2,2,single,seed,False,False,B01A7PYVS4
04375,3,7,7,multi,extend,False,False,B014AHIR80|B01A7PYVS4|B01C9PIK6Y
04392,2,2,2,multi,extend,False,False,B000V56P5S|B014697C38
04393,1,1,1,single,seed,False,False,B014697C38
04397,3,4,4,multi,extend,False,False,B00004TT3S|B00G6C7XUG|B00NODLUGI
04420,2,2,2,multi,extend,False,False,B008UZY25G|B00VPFNUDS
04421,3,3,3,multi,extend,False,False,B008UZY25G|B00KAWSJUQ|B00VPFNUDS
04422,2,2,2,multi,extend,False,False,B008UZY25G|B00VPFNUDS
04456,3,3,3,multi,extend,False,False,1585360562|B000A09MGI|B00I08JAYG
04457,1,1,1,single,seed,False,False,1585360562
04458,3,3,3,multi,extend,False,False,1585360562|B00RW0IBTS|B00VIJI9G4
04459,3,4,4,multi,extend,False,False,B00B8XFDBO|B00VTVXQYQ|B00YU4CNBG
04461,3,4,4,multi,extend,False,False,B0069U5OW4|B00FZS28Z2|B00VYXSQUS
04462,3,3,3,multi,extend,False,False,B0069U5OW4|B00FZS28Z2|B00VYXSQUS
04463,3,6,6,multi,extend,False,False,0553805444|B00FZS28Z2|B00VYXSQUS
04472,3,3,3,multi,extend,False,False,B0015MT27Y|B007PJK04A|B00FM4E3SE
04473,2,2,2,multi,extend,False,False,B007PJK04A|B00FM4E3SE
04477,1,1,1,single,seed,False,False,B019W91GK2
04478,2,2,2,multi,extend,False,False,B000WZKDDC|B019W91GK2
04479,2,4,4,multi,extend,False,False,B00DM24HNE|B00LA116IS
04480,1,2,2,single,seed,False,False,B00LA116IS
04481,2,3,3,multi,extend,False,False,B002HRETZQ|B00LA116IS
04482,2,2,2,multi,extend,False,False,B009K54W6O|B00ZB7W4QU
04483,3,3,3,multi,extend,False,False,B009K54W6O|B00ZB7W4QU|B01ER2JN72
04487,4,4,4,hard,extend,False,False,B00872TUMC|B00DD0P0TK|B00M2HMAMA|B019HA65HU
04488,3,3,3,multi,extend,False,False,B00DD0P0TK|B00M2HMAMA|B019HA65HU
04489,4,5,5,hard,extend,False,False,B001PR0B24|B00DD0P0TK|B00M2HMAMA|B019HA65HU
04491,3,7,7,multi,extend,False,False,B0013306JI|B004GW5TQI|B0097BEG1C
04498,3,5,5,multi,extend,False,False,0985914815|B004NMH94G|B005DKKBUG
04501,3,7,7,multi,extend,False,False,B002JAKRAM|B00ELKDD4U|B00KQW9ZKI
04511,1,1,1,single,seed,False,False,B019HIC2MY
04512,2,4,4,multi,extend,False,False,B019HIC2MY|B01EUEJ0B6
04513,3,5,5,multi,extend,False,False,B0000632QE|B019HIC2MY|B01EUEJ0B6
04514,1,1,1,single,seed,False,False,B00MDNB8C6
04533,2,3,3,multi,extend,False,False,B00TZF8EJK|B01CAT2I30
04548,1,2,2,single,seed,False,False,0803629516
04549,2,4,4,multi,extend,False,False,0803629516|B01E5GJNO8
04550,2,3,3,multi,extend,False,False,0803629516|B01E5GJNO8
04557,3,3,3,multi,extend,False,False,1617690228|B001CROHX6|B00KG72F1Y
04566,2,3,3,multi,extend,False,False,B00RVEE45A|B0146D9U0W
04567,3,4,4,multi,extend,False,False,B00CST4LBK|B00RVEE45A|B0146D9U0W
04568,3,3,3,multi,extend,False,False,B00KXNSPME|B00UKEKHJK|B0129XSZXY
04569,2,2,2,multi,extend,False,False,B00KXNSPME|B00UKEKHJK
04575,2,4,4,multi,extend,False,False,B008PX1Y0Y|B00KUFFIQQ
04576,3,5,5,multi,extend,False,False,B008PX1Y0Y|B00D2C0ZX0|B00KUFFIQQ
04577,4,13,13,hard,extend,False,False,B000051WTG|B004YOT8KQ|B01964L6US|B01CVRFJRI
04588,3,11,11,multi,extend,False,False,0821851683|1580137962|B00UEAI3OQ
04589,3,10,10,multi,extend,False,False,0821851683|1580137962|B00UEAI3OQ
04594,4,4,4,hard,extend,False,False,B007OWNIRY|B00NPAF016|B0184YM1OG|B019IZ88VA
04595,3,3,3,multi,extend,False,False,B007OWNIRY|B00NPAF016|B0184YM1OG
04596,2,2,2,multi,extend,False,False,B007OWNIRY|B0184YM1OG
04611,2,5,5,multi,extend,False,False,B0013OVZAG|B001GAOTSW
04612,4,7,7,hard,extend,False,False,B0013OVZAG|B001GAOTSW|B004Y231F6|B005LRYE36
04634,3,3,3,multi,extend,False,False,B002Z8IX1S|B00WUPNH5S|B01AL4OD20
04635,2,2,2,multi,extend,False,False,B00WUPNH5S|B01AL4OD20
04636,2,2,2,multi,extend,False,False,B00TTO66RY|B00ZFSXF7C
04637,4,4,4,hard,extend,False,False,B0072FTS40|B00GI79YEW|B00TTO66RY|B00ZFSXF7C
04638,3,3,3,multi,extend,False,False,B0072FTS40|B00TTO66RY|B00ZFSXF7C
04639,2,5,5,multi,extend,False,False,B00P4CE7US|B00UXPIDH4
04666,2,3,3,multi,eval,True,True,B0012DL8B4|B00542ZQ2Q
04667,1,2,2,single,seed,False,False,B00542ZQ2Q
04694,4,4,4,hard,extend,False,False,B000JNC696|B002IT5JQG|B006O8NVKI|B00B7N5JJG
04695,3,3,3,multi,extend,False,False,B000JNC696|B002IT5JQG|B006O8NVKI
04696,3,5,5,multi,extend,False,False,B00BCOHDW6|B00HFQEJNG|B00QKH1K92
04697,2,4,4,multi,extend,False,False,B00BCOHDW6|B00QKH1K92
04698,3,5,5,multi,extend,False,False,B003C7K4LS|B00BCOHDW6|B00QKH1K92
04712,2,3,3,multi,extend,False,False,B011IISNJW|B01774WPQ8
04713,1,2,2,single,seed,False,False,B011IISNJW
04761,3,3,3,multi,extend,False,False,B003MZ80L6|B00ATZJ5YS|B0176IQMD2
04775,3,4,4,multi,extend,False,False,B0049Z4LLG|B00ATBRJRC|B016F59BDU
04793,2,2,2,multi,extend,False,False,B0020R399A|B01AVVD5YA
04794,1,1,1,single,eval,True,False,B0020R399A
04795,2,2,2,multi,extend,False,False,B0020R399A|B01H8SC4IW
04802,3,3,3,multi,extend,False,False,B00U8M34RG|B01A94WK7M|B01CBMDY3O
04813,3,3,3,multi,extend,False,False,B0002I5QHW|B004ZXW4MK|B00BYPJH40
04814,2,2,2,multi,extend,False,False,B0002I5QHW|B00BYPJH40
04827,2,2,2,multi,extend,False,False,013386295X|1423165241
04828,3,6,6,multi,extend,False,False,013386295X|1423165241|B01BYMM5ZA
04833,3,5,5,multi,extend,False,False,B000IXCO8K|B005BZNE2A|B013U3NHIU
04836,2,2,2,multi,extend,False,False,B00R93FEZ2|B01CSH5MYQ
04837,1,1,1,single,seed,False,False,B01CSH5MYQ
04838,2,2,2,multi,extend,False,False,B00PYXSTTM|B01CSH5MYQ
04841,2,3,3,multi,extend,False,False,B000GWKK02|B003982KVM
04852,2,5,5,multi,extend,False,False,B00495Y6UC|B00TQ9K9CA
04853,2,3,3,multi,extend,False,False,B00495Y6UC|B00TQ9K9CA
04854,3,5,5,multi,extend,False,False,B00495Y6UC|B00TQ9K9CA|B01DV2OJYG
04864,4,5,5,hard,extend,False,False,B002Y27O6K|B003BKZNU8|B015ZL27I6|B01868XG30
04865,3,3,3,multi,extend,False,False,B003BKZNU8|B015ZL27I6|B01868XG30
04870,3,4,4,multi,extend,False,False,B000C76I8Y|B00INZO35W|B01FVGCBAY
04871,2,3,3,multi,extend,False,False,B000C76I8Y|B01FVGCBAY
04879,3,4,4,multi,extend,False,False,0738719641|B00NFSGS4Q|B013U3ZGT8
04891,3,4,4,multi,extend,False,False,B00OM1DCS0|B015FV1CUK|B016D9K970
04892,4,5,5,hard,extend,False,False,B00MOZBTSQ|B00OM1DCS0|B015FV1CUK|B016D9K970
04894,2,3,3,multi,extend,False,False,B00CBDUDJ2|B00I9WRQJY
04908,4,7,7,hard,extend,False,False,B0018C6XSW|B001VLFE7G|B0085MNH6Y|B01EHIP8HK
04931,2,2,2,multi,extend,False,False,B003294J4O|B00KOCLVZC
04932,4,4,4,hard,extend,False,False,B003294J4O|B005X1Y7I2|B00JJI6MQU|B00KOCLVZC
04935,3,4,4,multi,extend,False,False,B00I7L4V04|B0199R4WZI|B01FCT9OKA
04974,3,3,3,multi,extend,False,False,089942564X|B00U8AS5N6|B016VTLYCG
04982,1,1,1,single,seed,False,False,B00S0TS1KY
05028,4,6,6,hard,extend,False,False,B00D5PXUUY|B00WGLZGDW|B0176S8E9C|B019UGWNMM
05029,2,4,4,multi,extend,False,False,B00WGLZGDW|B019UGWNMM
05030,3,6,6,multi,extend,False,False,B00WGLZGDW|B019UGWNMM|B01F3A57CM
05048,2,4,4,multi,extend,False,False,B010D37NP8|B013KKIYSQ
05049,2,3,3,multi,extend,False,False,B010D37NP8|B013KKIYSQ
05050,1,2,2,single,seed,False,False,B010D37NP8
05087,1,1,1,single,eval,True,False,B00BLHYDL8
05155,4,19,19,hard,extend,False,False,0826196756|1554539641|1561456993|B00JWVSS2A
05162,2,2,2,multi,eval,True,True,B00D5Z1EBG|B00FRTXDDA
05163,3,3,3,multi,extend,False,False,B00D5Z1EBG|B00FRTXDDA|B00WVPL4CK
05164,2,2,2,multi,extend,False,False,B00D5Z1EBG|B00FRTXDDA
05174,2,5,5,multi,extend,False,False,B0038B9GIA|B00ZV45I52
05175,3,3,3,multi,extend,False,False,B0038B9GIA|B015Y34EC2|B01CQ5OG92
05176,2,2,2,multi,extend,False,False,B0038B9GIA|B015Y34EC2
05181,4,6,6,hard,extend,False,False,B00009LI4K|B0006O2S0U|B00JYCE3ZI|B00PC0BMY6
05182,3,5,5,multi,extend,False,False,B00009LI4K|B0006O2S0U|B00JYCE3ZI
05183,2,4,4,multi,extend,False,False,B0006O2S0U|B00JYCE3ZI
05239,4,4,4,hard,extend,False,False,B001O5CCQK|B00M5ATY9Q|B00WNJHZD6|B014DEHUU6
05240,1,9,9,single,seed,False,False,3791354256
05241,2,10,10,multi,extend,False,False,3791354256|B00253T7R2
05242,1,9,9,single,seed,False,False,3791354256
05246,2,2,2,multi,extend,False,False,B0000VUNB0|B0176G38HC
05247,1,1,1,single,seed,False,False,B0176G38HC
05254,4,5,5,hard,extend,False,False,0345511395|B00UKEKHJK|B00YQNVIXU|B00ZC27TSW
05274,4,5,5,hard,extend,False,False,B002XZJTCK|B003TNANSO|B00ROSZ4VQ|B015GZASVO
05275,1,1,1,single,seed,False,False,B01DA1EK38
05276,2,2,2,multi,extend,False,False,B01AQB4X46|B01DA1EK38
05277,1,1,1,single,seed,False,False,B01DA1EK38
05292,2,2,2,multi,extend,False,False,B0030UF6EW|B004EHNAM0
05313,3,3,3,multi,extend,False,False,B004RIMJG4|B00ASLRJCS|B0118EP0JM
05358,3,4,4,multi,extend,False,False,B007HJ89VE|B00N3T3KDE|B01A9HXLL8
05359,2,2,2,multi,extend,False,False,B00N3T3KDE|B01A9HXLL8
05369,3,3,3,multi,extend,False,False,B002BF9698|B00UZYHNCE|B01FKVYPFO
05370,2,2,2,multi,extend,False,False,B002BF9698|B00UZYHNCE
05371,1,1,1,single,seed,False,False,B002BF9698
05377,3,12,12,multi,extend,False,False,B003X9XKPC|B00VHHIUNY|B01F73DZ1K
05378,3,11,11,multi,extend,False,False,B003X9XKPC|B00VHHIUNY|B01F73DZ1K
05379,3,10,10,multi,extend,False,False,B003X9XKPC|B00VHHIUNY|B01F73DZ1K
05380,3,4,4,multi,extend,False,False,B002MHFXS8|B00GKOIRQE|B00QKLL4NA
05381,2,3,3,multi,extend,False,False,B002MHFXS8|B00GKOIRQE
05385,4,4,4,hard,extend,False,False,0321979478|0323100945|B00X4SGP9K|B015K11VME
05388,1,1,1,single,seed,False,False,B019U00D7K
05389,3,3,3,multi,extend,False,False,B010VFFU1W|B019U00D7K|B01H204MJ0
05392,4,5,5,hard,extend,False,False,B000C7NQR0|B006I6PEBA|B00HYM0NR2|B00V06LXRM
05396,2,3,3,multi,extend,False,False,B0095ZBTZQ|B00U2UZ40Y
05397,1,1,1,single,seed,False,False,B00U2UZ40Y
05420,1,1,1,single,seed,False,False,B0009F3SAK
05421,2,3,3,multi,extend,False,False,B0009F3SAK|B00NEPYNYM
05454,3,7,7,multi,extend,False,False,B001G60EK8|B01DEGYTC6|B01DPWK5H2
05467,3,5,5,multi,extend,False,False,B00025666U|B00596QVHG|B005BZNE2A
05468,2,4,4,multi,extend,False,False,B00596QVHG|B005BZNE2A
05478,1,6,6,single,seed,False,False,B010XYJCP6
05479,2,7,7,multi,extend,False,False,B010XYJCP6|B01GNXNEKK
05480,1,6,6,single,seed,False,False,B010XYJCP6
05483,2,23,23,multi,extend,False,False,B00Y20CUVG|B01B2MCLOC
05484,3,4,4,multi,extend,False,False,B000ASDX3S|B00CR0JAT8|B01CGH7AAC
05485,2,3,3,multi,extend,False,False,B00CR0JAT8|B01CGH7AAC
05486,3,4,4,multi,extend,False,False,B00BFU7QQ0|B00CR0JAT8|B01CGH7AAC
05531,3,4,4,multi,extend,False,False,B00CBY9R6G|B00II8N0IK|B00MDCMUHE
05532,3,3,3,multi,extend,False,False,B00CBY9R6G|B00II8N0IK|B00MDCMUHE
05533,1,1,1,single,seed,False,False,B00II8N0IK
05540,2,30,30,multi,extend,False,False,B000EOHCCG|B013CP5IWO
05541,2,16,16,multi,extend,False,False,B000EOHCCG|B013CP5IWO
05542,2,11,11,multi,extend,False,False,B000EOHCCG|B013CP5IWO
05562,3,3,3,multi,extend,False,False,B0084JMC9G|B00MFW2UEA|B01CSIODGS
05575,4,4,4,hard,extend,False,False,0321910397|1423147774|1563678209|B016Q3XLPA
05576,3,3,3,multi,extend,False,False,0321910397|1563678209|B016Q3XLPA
05577,4,5,5,hard,extend,False,False,0321910397|0756607647|1563678209|B016Q3XLPA
05580,1,4,4,single,seed,False,False,B017KS1FPS
05581,3,6,6,multi,extend,False,False,B00YGJ7W5C|B015YEI8JG|B017KS1FPS
05582,2,5,5,multi,extend,False,False,B00YGJ7W5C|B017KS1FPS
05594,4,4,4,hard,extend,False,False,B007WI0FSA|B009JXHTNU|B00BFREXSW|B00OPS4X56
05595,3,3,3,multi,extend,False,False,B009JXHTNU|B00BFREXSW|B00OPS4X56
05596,4,4,4,hard,extend,False,False,B001FA1NTG|B009JXHTNU|B00BFREXSW|B00OPS4X56
05599,2,8,8,multi,extend,False,False,B012NO019K|B014T96WBI
05600,2,6,6,multi,extend,False,False,B012NO019K|B014T96WBI
05601,3,3,3,multi,extend,False,False,B00LV8QI9M|B012NO019K|B014T96WBI
05604,2,3,3,multi,extend,False,False,B00DUGZFWY|B00W1XN60A
05605,1,1,1,single,seed,False,False,B00W1XN60A
05606,2,9,9,multi,extend,False,False,B00G2G3UPS|B00W1XN60A
05609,3,5,5,multi,extend,False,False,4431558411|B00OYQ5ET8|B01CY6KXZE
05610,3,4,4,multi,extend,False,False,4431558411|B00OYQ5ET8|B01CY6KXZE
05611,3,4,4,multi,extend,False,False,B00III7IP6|B01CEAYWZW|B01DMYISEA
05612,2,3,3,multi,extend,False,False,B009WTOGU0|B013TGFWMW
05613,1,2,2,single,seed,False,False,B013TGFWMW
05614,2,9,9,multi,extend,False,False,B013TGFWMW|B015QP996Y
05643,3,3,3,multi,extend,False,False,B000BEUZS2|B00K0VTVTA|B016N85VTW
05644,2,2,2,multi,extend,False,False,B00K0VTVTA|B016N85VTW
05645,4,4,4,hard,extend,False,False,0073513903|B000WJVVF2|B00YOI20FW|B016N85VTW
05647,2,2,2,multi,extend,False,False,B0026M6L12|B00T85PMWY
05652,4,5,5,hard,extend,False,False,1565541979|B0001URFPC|B00511SBMW|B01D8IVKE0
05654,3,3,3,multi,extend,False,False,B001EQ4IKW|B00A3DPO3C|B01HDCIHY8
05660,3,4,4,multi,extend,False,False,1455568872|B000A0CAIA|B00DZSC9U8
05661,2,2,2,multi,extend,False,False,B000A0CAIA|B00DZSC9U8
05662,2,2,2,multi,extend,False,False,B00GQP0XTQ|B00PSZLHWM
05663,3,4,4,multi,extend,False,False,B00GQP0XTQ|B00PSZLHWM|B016Y1PL70
05664,2,2,2,multi,extend,False,False,B00GQP0XTQ|B00PSZLHWM
05665,3,19,19,multi,extend,False,False,B004WCTQIO|B018DQYUCG|B01DP2NH90
05675,4,8,8,hard,extend,False,False,B0177A0UKU|B01952D5LY|B019RIQND8|B01A4YU06K
05705,3,7,7,multi,extend,False,False,B00063E98U|B000ELP7TY|B00BUER7EC
05706,2,6,6,multi,extend,False,False,B00063E98U|B00BUER7EC
05717,3,3,3,multi,extend,False,False,B002QXN1HI|B003U7Q9SM|B00BPW7LI6
05718,2,2,2,multi,extend,False,False,B002QXN1HI|B003U7Q9SM
05727,2,17,17,multi,extend,False,False,B00MK0ZBAW|B00PKRX4OW
05728,3,18,18,multi,extend,False,False,B00MK0ZBAW|B00PKRX4OW|B01EI92A06
05734,2,12,12,multi,extend,False,False,B018IZ0SWI|B01FKJLO5K
05735,3,3,3,multi,eval,True,True,0078111005|0321885171|1483352722
05743,3,3,3,multi,extend,False,False,B004QN4GZC|B008Y5A0IA|B00GGQMWO4
05744,2,2,2,multi,extend,False,False,B008Y5A0IA|B00GGQMWO4
05745,1,1,1,single,seed,False,False,B00GGQMWO4
05756,4,5,5,hard,extend,False,False,1455806439|B00139YMUQ|B003Y7NCLK|B00VNM0UUY
05791,3,4,4,multi,extend,False,False,B00004RANV|B000BUXZG0|B01AWGZXNA
05792,4,5,5,hard,extend,False,False,B00004RANV|B000BUXZG0|B003ETUSBK|B01AWGZXNA
05825,3,3,3,multi,extend,False,False,B005I03JMI|B010TS35ZY|B0195EK510
05849,1,2,2,single,seed,False,False,B01D3D57YY
05850,2,3,3,multi,extend,False,False,B00VUV0MG0|B01D3D57YY
05851,1,2,2,single,seed,False,False,B01D3D57YY
05852,4,6,6,hard,extend,False,False,B007PE7ANY|B0168QL97W|B01DK69P42|B01FM8IC9K
05853,3,5,5,multi,extend,False,False,B007PE7ANY|B0168QL97W|B01DK69P42
05866,4,4,4,hard,extend,False,False,013334777X|B00A7R6GUE|B00BLBTXZ0|B00ILFD0LW
05867,3,3,3,multi,extend,False,False,B00A7R6GUE|B00BLBTXZ0|B00ILFD0LW
05868,4,4,4,hard,extend,False,False,B000UWE0AO|B00A7R6GUE|B00BLBTXZ0|B00ILFD0LW
05869,4,5,5,hard,extend,False,False,B00LL4A7IY|B00TIMEJR6|B00XF1WCNE|B010SPXQWA
05870,4,4,4,hard,eval,True,True,B00LL4A7IY|B00TIMEJR6|B00XF1WCNE|B010SPXQWA
05887,3,3,3,multi,extend,False,False,B00L0YLJJG|B00MUEHPGQ|B00PQ5RC3W
05888,2,2,2,multi,extend,False,False,B00L0YLJJG|B00MUEHPGQ
05907,3,4,4,multi,extend,False,False,0192842269|B00QT7AZIK|B015JTIQBQ
05908,4,5,5,hard,eval,True,True,0192842269|B00QT7AZIK|B015JTIQBQ|B017Y9QGSO
05920,3,7,7,multi,extend,False,False,B000LSZ2D6|B00E9ODPEG|B01CWFY5ME
05925,3,5,5,multi,extend,False,False,B0012YUPS0|B007RA0ZAQ|B00W6YN230
05926,4,7,7,hard,eval,True,True,B0012YUPS0|B007RA0ZAQ|B00W6YN230|B012WMWPJW
05927,3,11,11,multi,extend,False,False,B00124YDMY|B0043ICR2O|B00UJ98IHY
05928,3,9,9,multi,extend,False,False,B00124YDMY|B0043ICR2O|B00UJ98IHY
05940,2,3,3,multi,extend,False,False,B00GKEHWL0|B014AHLFJI
05947,2,2,2,multi,extend,False,False,B001KN959I|B003QL370U
05957,4,5,5,hard,extend,False,False,B00IZN74H6|B015XW83N0|B01A1F3V7W|B01BVS6N8C
05976,4,6,6,hard,extend,False,False,B000PSBAOM|B003HESEU4|B01BCZFM1I|B01G9LWDVC
05987,3,4,4,multi,extend,False,False,B000SVKVEQ|B00EQCE19O|B00TDP7K38
05996,2,2,2,multi,extend,False,False,B0002H49BC|B000TJFWSM
05997,3,3,3,multi,extend,False,False,B0002H49BC|B000TJFWSM|B008SF8XIU
05998,1,1,1,single,seed,False,False,B000TJFWSM
06028,1,1,1,single,seed,False,False,B015MY23GW
06082,2,3,3,multi,extend,False,False,B00BJSPXAO|B01AT1YXZC
06106,2,5,5,multi,extend,False,False,B00K1LRDXK|B016LG5LOQ
06107,3,6,6,multi,extend,False,False,0394896742|B00K1LRDXK|B016LG5LOQ
06108,4,7,7,hard,extend,False,False,0394896742|B002U0LOQC|B00K1LRDXK|B016LG5LOQ
06111,3,7,7,multi,extend,False,False,B00PIEHU74|B00V5JVN38|B014AZYGC8
06112,3,6,6,multi,extend,False,False,B00PIEHU74|B00V5JVN38|B014AZYGC8
06113,2,4,4,multi,extend,False,False,B00PIEHU74|B014AZYGC8
06117,4,4,4,hard,extend,False,False,0323072003|B00005T39Y|B018XLS28Y|B01EG9M9MC
06132,2,3,3,multi,extend,False,False,B014DAVV00|B01BEXG78K
06133,2,2,2,multi,extend,False,False,B014DAVV00|B01BEXG78K
06134,3,4,4,multi,extend,False,False,B00006BBAC|B001733MIG|B01CVMPCLQ
06135,2,2,2,multi,extend,False,False,B00006BBAC|B01CVMPCLQ
06142,2,4,4,multi,extend,False,False,0321885171|1608465624
06143,2,3,3,multi,extend,False,False,0321885171|1608465624
06158,3,4,4,multi,extend,False,False,B001F6L0UW|B004V95EE8|B008HBMR0A
06159,4,5,5,hard,extend,False,False,B001F6L0UW|B004V95EE8|B008HBMR0A|B014CAUUNA
06170,2,2,2,multi,extend,False,False,B006F33D82|B008CL5Y6O
06171,1,1,1,single,seed,False,False,B008CL5Y6O
06172,2,2,2,multi,extend,False,False,B008CL5Y6O|B00IJ0ALYS
06181,2,4,4,multi,extend,False,False,B008VD9BQM|B01B7P10AA
06182,3,5,5,multi,extend,False,False,B003JT0L4Y|B008VD9BQM|B01B7P10AA
06188,2,2,2,multi,extend,False,False,B002Q4M3FS|B00LLMMHC0
06190,3,3,3,multi,extend,False,False,B000MR0H04|B00H8E1IFW|B00M7L2Y5Y
06191,4,5,5,hard,extend,False,False,B000MR0H04|B009SZ2QV4|B00H8E1IFW|B00M7L2Y5Y
06192,4,4,4,hard,eval,True,True,B000MR0H04|B009SZ2QV4|B00H8E1IFW|B00M7L2Y5Y
06209,2,3,3,multi,extend,False,False,B003NHN8YW|B00WH1RG70
06210,1,1,1,single,seed,False,False,B00WH1RG70
06226,2,5,5,multi,eval,True,True,B002UC6NIE|B01C8E3X40
06227,2,3,3,multi,extend,False,False,B002UC6NIE|B01C8E3X40
06228,1,2,2,single,seed,False,False,B01C8E3X40
06230,1,4,4,single,seed,False,False,B0008D6WBA
06249,3,3,3,multi,extend,False,False,B003XVW95C|B0151RQPF0|B01DOIAFD6
06250,2,2,2,multi,extend,False,False,B003XVW95C|B0151RQPF0
06258,2,2,2,multi,extend,False,False,B0017U48KK|B012W4MPP4
06259,1,1,1,single,seed,False,False,B012W4MPP4
06260,2,3,3,multi,extend,False,False,B012W4MPP4|B017B19LD2
06261,3,5,5,multi,extend,False,False,1623411726|B000W78V8E|B01D70SPEM
06262,4,6,6,hard,extend,False,False,1623411726|B000UXDDU6|B000W78V8E|B01D70SPEM
06274,3,12,12,multi,extend,False,False,B002MWB7IS|B002NFUNHA|B005OK3JT0
06275,3,11,11,multi,extend,False,False,B002MWB7IS|B002NFUNHA|B005OK3JT0
06276,3,5,5,multi,extend,False,False,B003BS34FG|B00GWXVJA4|B00UNA1OES
06278,3,6,6,multi,extend,False,False,B00B3PB8PW|B00CSXMQ3G|B01FRERK0G
06279,4,7,7,hard,extend,False,False,B003NVLWMI|B00B3PB8PW|B00CSXMQ3G|B01FRERK0G
06298,1,2,2,single,seed,False,False,B001LDKAU0
06311,2,5,5,multi,extend,False,False,B000L8EF16|B004MDM8ZQ
06312,3,6,6,multi,extend,False,False,B000L8EF16|B004MDM8ZQ|B00CWTYJ40
06313,2,5,5,multi,extend,False,False,B000L8EF16|B004MDM8ZQ
06322,2,3,3,multi,extend,False,False,B00MXOVBO0|B01C5S0YCS
06323,3,5,5,multi,extend,False,False,B000YJ2UPA|B00MXOVBO0|B01C5S0YCS
06324,2,4,4,multi,extend,False,False,B000YJ2UPA|B00MXOVBO0
06331,3,3,3,multi,extend,False,False,B002DUD6S8|B00O9A57MI|B00SD1SVTK
06332,4,4,4,hard,extend,False,False,B002DUD6S8|B00O9A57MI|B00SD1SVTK|B019W307NA
06333,3,3,3,multi,extend,False,False,B002DUD6S8|B00SD1SVTK|B019W307NA
06365,2,2,2,multi,extend,False,False,B00UJ2GX82|B01B4HCM44
06366,3,3,3,multi,extend,False,False,B00UJ2GX82|B01B4HCM44|B01D8IVKE0
06387,2,2,2,multi,extend,False,False,B0018P1U0A|B01D6VEI16
06388,1,1,1,single,seed,False,False,B01D6VEI16
06389,2,5,5,multi,eval,True,True,B01D6VEI16|B01GX3OK1W
06395,2,3,3,multi,extend,False,False,B00Z7WL5TG|B019407ERI
06396,3,4,4,multi,extend,False,False,B004I13FYK|B00Z7WL5TG|B019407ERI
06397,4,4,4,hard,extend,False,False,0393912671|1452241457|B004T8WDMM|B005552S6E
06398,4,5,5,hard,extend,False,False,0393912671|1452241457|B005552S6E|B00ES3UE3I
06431,3,9,9,multi,extend,False,False,B00HYRSJ9G|B00WEFGR6U|B019S22ZBC
06432,2,8,8,multi,extend,False,False,B00HYRSJ9G|B019S22ZBC
06433,1,6,6,single,seed,False,False,B00HYRSJ9G
06436,1,1,1,single,seed,False,False,B0027UPPDI
06437,2,3,3,multi,extend,False,False,B0027UPPDI|B018ICYNKY
06438,2,2,2,multi,extend,False,False,B0027UPPDI|B018ICYNKY
06443,2,2,2,multi,extend,False,False,B00NYGVIEO|B00OCEKCB2
06444,1,1,1,single,seed,False,False,B00NYGVIEO
06445,2,7,7,multi,extend,False,False,B00NYGVIEO|B01DEM7DO6
06449,3,4,4,multi,extend,False,False,B001CCGYU0|B00WSB9DLG|B01ABPRWJA
06450,4,5,5,hard,extend,False,False,B001CCGYU0|B00FAMABGQ|B00WSB9DLG|B01ABPRWJA
06456,2,2,2,multi,extend,False,False,B00PR2XIDC|B01469DJLM
06458,2,5,5,multi,extend,False,False,B0017WU5MI|B002JPEVMC
06459,1,1,1,single,seed,False,False,B00MX8ZOVC
06460,2,2,2,multi,extend,False,False,B003ZS2I5O|B00MX8ZOVC
06461,3,3,3,multi,extend,False,False,B003ZS2I5O|B00MX8ZOVC|B01ETGB4J6
06462,2,2,2,multi,extend,False,False,B00DOF1ICW|B00Y8S5N9I
06478,4,7,7,hard,extend,False,False,B009O8HH3M|B00O5YEV84|B00PJ8VVN8|B00WTH31E4
06479,4,6,6,hard,extend,False,False,B009O8HH3M|B00O5YEV84|B00PJ8VVN8|B00WTH31E4
06480,3,3,3,multi,extend,False,False,B0006HKDC2|B0006I5BOG|B00X4QF796
06481,2,2,2,multi,extend,False,False,B0006I5BOG|B00X4QF796
06487,2,2,2,multi,extend,False,False,B00NGZE5LG|B00UEWBDGE
06488,1,1,1,single,seed,False,False,B00NGZE5LG
06519,2,2,2,multi,extend,False,False,B00SL0BR0S|B01D42YN6W
06523,2,2,2,multi,extend,False,False,1284032841|B01DMXZ3OO
06526,4,5,5,hard,extend,False,False,B0006MY7EC|B003CGJAIM|B00457I1GO|B01B1K5U5C
06527,2,3,3,multi,extend,False,False,B005DBRDPG|B014LGB86S
06528,3,4,4,multi,extend,False,False,B005DBRDPG|B007CN7I7Q|B014LGB86S
06529,3,3,3,multi,extend,False,False,B005DBRDPG|B007CN7I7Q|B014LGB86S
06533,3,5,5,multi,extend,False,False,B01068HT8G|B01B7P0MRM|B01CH6ONPM
06534,2,3,3,multi,extend,False,False,B01B7P0MRM|B01CH6ONPM
06575,2,2,2,multi,extend,False,False,B000HBGFOW|B00UL22ATQ
06576,3,3,3,multi,extend,False,False,B000HBGFOW|B00283LQI2|B00UL22ATQ
06577,2,2,2,multi,extend,False,False,B000HBGFOW|B00UL22ATQ
06586,4,8,8,hard,extend,False,False,B000M8YMEU|B00OD01MO6|B01B65I77K|B01EGUSWFE
06587,4,7,7,hard,extend,False,False,B000M8YMEU|B00OD01MO6|B01B65I77K|B01EGUSWFE
06599,2,4,4,multi,extend,False,False,B019D9HESO|B01DC4NN8G
06600,2,3,3,multi,extend,False,False,B019D9HESO|B01DC4NN8G
06607,4,12,12,hard,extend,False,False,B0036Q9R0E|B00SA7S57A|B018I2IVIE|B01AD33I5M
06617,2,3,3,multi,extend,False,False,B00P558084|B01DLB5K72
06618,1,2,2,single,seed,False,False,B01DLB5K72
06619,2,3,3,multi,extend,False,False,B017L187RI|B01DLB5K72
06636,4,4,4,hard,extend,False,False,B0002AJPXQ|B003GIS8TI|B008872BTU|B00V9JP8EE
06637,2,2,2,multi,extend,False,False,B0002AJPXQ|B008872BTU
06638,1,1,1,single,seed,False,False,B008872BTU
06649,3,3,3,multi,extend,False,False,B007A0O1EO|B009B2Y98C|B00UC5YMBG
06650,2,2,2,multi,extend,False,False,B000EWWZPW|B00PR2XIDC
06651,1,1,1,single,seed,False,False,B00PR2XIDC
06703,1,1,1,single,seed,False,False,B00008KA7I
06704,4,6,6,hard,extend,False,False,B00008KA7I|B003GSXV68|B0048KGSZY|B00JOP3BJY
06713,3,3,3,multi,extend,False,False,B00FKPTIB2|B012AZXWPM|B01F36HZZI
06728,3,3,3,multi,extend,False,False,B001Q3LYDW|B00RLYLC5A|B014DEI2OY
06729,2,2,2,multi,extend,False,False,B00RLYLC5A|B014DEI2OY
06730,3,3,3,multi,extend,False,False,B0013Z9NWC|B00RLYLC5A|B014DEI2OY
06753,2,5,5,multi,extend,False,False,B00GWF93HI|B00ZQVSKSM
06755,3,4,4,multi,extend,False,False,B008XZASOC|B00NO6MBH2|B00QH0O08K
06756,3,3,3,multi,extend,False,False,B008XZASOC|B00NO6MBH2|B00QH0O08K
06757,3,4,4,multi,extend,False,False,B00MK0ZBAW|B01DAIGIUE|B01FW74XH6
06763,2,2,2,multi,extend,False,False,B001O5CCQK|B009GIFAQG
06764,1,1,1,single,seed,False,False,B001O5CCQK
06774,3,4,4,multi,extend,False,False,B00S2G09ZU|B013DF2DU8|B017Q8ZQI4
06805,1,1,1,single,seed,False,False,B000NWGCZ2
06806,2,4,4,multi,extend,False,False,B000NWGCZ2|B00GWBR5N6
06846,2,4,4,multi,extend,False,False,143361586X|B0000A0AIA
06847,3,7,7,multi,extend,False,False,143361586X|B0000A0AIA|B000NHWMGU
06848,3,6,6,multi,extend,False,False,143361586X|B0000A0AIA|B000NHWMGU
06850,3,6,6,multi,extend,False,False,B00A2VMDFW|B00EKR5S0Q|B00KOJQTES
06851,3,5,5,multi,extend,False,False,B00A2VMDFW|B00EKR5S0Q|B00KOJQTES
06852,3,4,4,multi,extend,False,False,B002MFYRDC|B00A2VMDFW|B00KOJQTES
06854,2,3,3,multi,extend,False,False,B00001ZWV7|B001BJKO3M
06867,2,8,8,multi,extend,False,False,0307988295|B01D8YBSOG
06868,3,10,10,multi,extend,False,False,0307988295|B00X965GCE|B01D8YBSOG
06870,4,4,4,hard,extend,False,False,B00LMR6EEQ|B00OV9JT0I|B00SO1IH7A|B01CSH5Q60
06871,3,3,3,multi,extend,False,False,B00LMR6EEQ|B00SO1IH7A|B01CSH5Q60
06872,4,4,4,hard,extend,False,False,B00BR3WWY6|B00LMR6EEQ|B00SO1IH7A|B01CSH5Q60
06878,2,2,2,multi,extend,False,False,B000MIIFB6|B00I03L3BO
06881,3,3,3,multi,extend,False,False,B000VWK17O|B00IWGJN2K|B00N2M5EDQ
06884,3,3,3,multi,extend,False,False,0307382370|B00JMVT9BY|B013SEXKI8
06895,3,3,3,multi,extend,False,False,B00BU23KFO|B00TUVMQUC|B01FWGQ2IA
06903,2,3,3,multi,extend,False,False,B002IT5JQG|B00SX8PPOW
06904,3,4,4,multi,extend,False,False,B0039NN124|B00YZO04CQ|B014U8M7M6
06926,3,3,3,multi,extend,False,False,B00407LREC|B00L9IUMP0|B01606IDL0
06927,4,4,4,hard,extend,False,False,B00407LREC|B004IFERXO|B00L9IUMP0|B01606IDL0
06928,3,3,3,multi,extend,False,False,B00407LREC|B00L9IUMP0|B01606IDL0
06929,2,3,3,multi,extend,False,False,B00000J0JF|B016BPDMHU
06930,3,4,4,multi,extend,False,False,B00000J0JF|B00704IOGQ|B016BPDMHU
06931,4,5,5,hard,extend,False,False,B00000J0JF|B00704IOGQ|B016BPDMHU|B017JXOE0M
06941,3,3,3,multi,extend,False,False,B004I5RPUG|B0052SRX00|B00MNY835A
06942,4,6,6,hard,extend,False,False,B004I5RPUG|B0052SRX00|B00MNY835A|B01EZNQ3VW
06943,3,5,5,multi,extend,False,False,B0052SRX00|B00MNY835A|B01EZNQ3VW
06963,3,3,3,multi,extend,False,False,B004UILW6E|B01540EI80|B01CJKRFQK
06968,1,1,1,single,seed,False,False,B0098ZSOX8
06969,3,4,4,multi,extend,False,False,B0098ZSOX8|B00SDKSWMW|B01C2SK90S
06972,4,5,5,hard,extend,False,False,B00FXCT6TQ|B00TX14HPQ|B01B86F7D4|B01ECISLWE
06973,1,2,2,single,seed,False,False,B010VWT110
06974,2,3,3,multi,extend,False,False,B0030BBHN0|B010VWT110
06975,3,4,4,multi,extend,False,False,B0030BBHN0|B0104MGCDC|B010VWT110
06978,4,4,4,hard,extend,False,False,B0083F2ZIY|B00AGI2UFO|B00MZX4WRC|B00U8NGUQM
06985,4,26,26,hard,extend,False,False,B000H0G85Y|B0025Y6742|B004IWZ40C|B00X8Y18U6
06986,4,23,23,hard,extend,False,False,B000H0G85Y|B0025Y6742|B004IWZ40C|B00X8Y18U6
06988,2,3,3,multi,extend,False,False,B00NMVDND0|B019407ERI
06989,2,8,8,multi,extend,False,False,B008BI7AZG|B01DB1Z5HM
06990,2,7,7,multi,extend,False,False,B008BI7AZG|B01DB1Z5HM
06991,4,5,5,hard,extend,False,False,B00G6UMOKW|B00N3T3JVM|B00XREH1HG|B014MQ905S
06992,3,4,4,multi,extend,False,False,B00G6UMOKW|B00N3T3JVM|B014MQ905S
07011,3,6,6,multi,extend,False,False,0787996866|1133591469|B008PX1Y0Y
07031,1,1,1,single,seed,False,False,B016KX4B78
07032,2,3,3,multi,extend,False,False,B00NPZYZRQ|B0115VMHSU
07033,3,4,4,multi,extend,False,False,B00NPZYZRQ|B00U3ODVWM|B0115VMHSU
07034,2,3,3,multi,extend,False,False,B00NPZYZRQ|B0115VMHSU
07059,2,3,3,multi,extend,False,False,B000A0IBV0|B007OX47S2
07060,1,2,2,single,seed,False,False,B007OX47S2
07061,2,3,3,multi,extend,False,False,B007OX47S2|B00A7V9AVC
07066,3,3,3,multi,extend,False,False,B00AHXY10U|B01DJF9AJY|B01DZ869DK
07067,4,4,4,hard,eval,True,True,B001HSMW3W|B00AHXY10U|B01DJF9AJY|B01DZ869DK
07068,3,3,3,multi,extend,False,False,B00TPSP760|B01DJF9AJY|B01DZ869DK
07077,3,18,18,multi,extend,False,False,B0022ZAFOC|B005Y8422A|B0086VIA0M
07078,3,17,17,multi,extend,False,False,B0022ZAFOC|B005Y8422A|B0086VIA0M
07079,3,16,16,multi,extend,False,False,B0022ZAFOC|B005Y8422A|B0086VIA0M
07092,2,3,3,multi,eval,True,True,B01B19YW3Y|B01FZX2XX8
07093,1,1,1,single,seed,False,False,B01FZX2XX8
07094,2,3,3,multi,extend,False,False,B00IOEFBKS|B01FZX2XX8
07107,3,3,3,multi,extend,False,False,B000BO6RIE|B00W045QT4|B014HNGQ7Q
07108,2,2,2,multi,extend,False,False,B00W045QT4|B014HNGQ7Q
07109,1,1,1,single,seed,False,False,B00W045QT4
07130,2,4,4,multi,extend,False,False,B00NQWL2II|B00ZQVSKSM
07131,3,5,5,multi,extend,False,False,B00NQWL2II|B00ZQVSKSM|B01G26R18Y
07146,4,6,6,hard,extend,False,False,B002VAS5PE|B004ZIUJJA|B00G6C7XUG|B00GJYKU4C
07147,4,4,4,hard,extend,False,False,B002VAS5PE|B004ZIUJJA|B00G6C7XUG|B00GJYKU4C
07148,4,5,5,hard,extend,False,False,B0006NARRC|B0009F3SAK|B010X8U6B6|B01E4JT9R2
07154,2,20,20,multi,extend,False,False,B01540EI80|B01BFKVI22
07155,2,19,19,multi,extend,False,False,B01540EI80|B01BFKVI22
07175,2,2,2,multi,extend,False,False,B009CCRK8C|B01BD2SMAI
07210,2,8,8,multi,extend,False,False,B000E1MXSW|B00WUF65ZM
07211,3,9,9,multi,extend,False,False,B00C23RC7W|B019PEAI80|B01AHXEHYY
07212,3,8,8,multi,extend,False,False,B00C23RC7W|B019PEAI80|B01AHXEHYY
07214,4,8,8,hard,extend,False,False,0062080644|B0030UF6EW|B007B6YPAM|B01DKHJV5O
07215,4,7,7,hard,extend,False,False,0062080644|B0030UF6EW|B007B6YPAM|B01DKHJV5O
07230,3,5,5,multi,extend,False,False,B00E3DEPBA|B00XE394NY|B015HKIK86
07231,2,4,4,multi,extend,False,False,B00XE394NY|B015HKIK86
07232,3,5,5,multi,extend,False,False,B001O1Q0NA|B0068QUZXC|B01GJVAIAK
07235,3,8,8,multi,extend,False,False,B001ET7B5I|B00DHE1MB2|B00STWO4B2
07236,2,5,5,multi,extend,False,False,B00DHE1MB2|B00STWO4B2
07237,2,4,4,multi,extend,False,False,B00DHE1MB2|B00STWO4B2
07238,2,4,4,multi,extend,False,False,B0002KKIXC|B00P4A3HYW
07244,3,4,4,multi,extend,False,False,0545861012|1600660940|B00VTQ7ZK2
07245,4,6,6,hard,extend,False,False,0545861012|1600660940|B00VTQ7ZK2|B00YAZGNPW
07246,3,5,5,multi,extend,False,False,1600660940|B00VTQ7ZK2|B00YAZGNPW
07257,1,1,1,single,seed,False,False,B00B9L7ZFW
07258,4,8,8,hard,extend,False,False,B004Z3W9BG|B0092Z7L4W|B00B9L7ZFW|B00N0QDVFM
07298,4,4,4,hard,extend,False,False,B001CDLF58|B002SD9BLG|B005JRGH0G|B011MIV3EU
07311,3,6,6,multi,extend,False,False,1338054597|B00XVG29MW|B015503KFQ
07312,2,5,5,multi,extend,False,False,1338054597|B00XVG29MW
07324,2,2,2,multi,extend,False,False,B00G75X158|B017Q5E53Y
07325,3,10,10,multi,extend,False,False,B003CF1PFY|B00G75X158|B017Q5E53Y
07332,2,3,3,multi,extend,False,False,B00MG88NWQ|B00PUZTQI2
07333,3,4,4,multi,extend,False,False,B00MG88NWQ|B00PUZTQI2|B017W20V9I
07334,2,3,3,multi,eval,True,True,B00MG88NWQ|B00PUZTQI2
07379,1,1,1,single,seed,False,False,B00LZJHZ44
07385,4,4,4,hard,extend,False,False,B00ARH9DPY|B00XBTSGAI|B0152L66NQ|B01D1OX6M0
07402,3,8,8,multi,extend,False,False,B0018791CC|B00512J84G|B017J4XS4E
07415,3,8,8,multi,extend,False,False,B0058OWF5Q|B00LZGN66I|B01DT6M0TK
07416,3,7,7,multi,extend,False,False,B0058OWF5Q|B00LZGN66I|B01DT6M0TK
07417,4,8,8,hard,extend,False,False,B002I0H27E|B0058OWF5Q|B00LZGN66I|B01DT6M0TK
07418,3,4,4,multi,extend,False,False,B009XP5XE6|B00JJ0W2VW|B00MCC376S
07431,4,6,6,hard,extend,False,False,B004Q3SBYO|B00B6IM3GE|B00K3BJV74|B018Z5C1NU
07459,3,3,3,multi,extend,False,False,B00132SP0Q|B00R804I0I|B016WHWUXY
07460,2,2,2,multi,extend,False,False,B00132SP0Q|B00R804I0I
07461,3,3,3,multi,extend,False,False,B00132SP0Q|B00GDJLKWY|B00R804I0I
07498,3,5,5,multi,extend,False,False,B001O0CNMI|B017QEB2WM|B017T421I8
07499,3,4,4,multi,extend,False,False,B001O0CNMI|B017QEB2WM|B017T421I8
07500,4,5,5,hard,extend,False,False,B001O0CNMI|B00HUUQ3ZE|B017QEB2WM|B017T421I8
07535,1,1,1,single,seed,False,False,B000VQYDHE
07536,2,5,5,multi,extend,False,False,B000VQYDHE|B00CFH98KE
07542,4,4,4,hard,eval,True,True,B007BPO2HE|B00WH1QKIG|B00ZGZC02A|B01BUUBXS6
07547,1,2,2,single,seed,False,False,B009SD6TNM
07548,2,3,3,multi,extend,False,False,B009SD6TNM|B0146667A0
07549,1,2,2,single,seed,False,False,B009SD6TNM
07565,3,3,3,multi,extend,False,False,B000067SR9|B001B9SL50|B003X51S00
07566,2,2,2,multi,extend,False,False,B001B9SL50|B003X51S00
07567,1,1,1,single,seed,False,False,B003X51S00
07593,3,3,3,multi,extend,False,False,B005JPT9IK|B00DTW183O|B015GZ1ZRU
07594,4,4,4,hard,extend,False,False,B004ZZR9L4|B005JPT9IK|B00DTW183O|B015GZ1ZRU
07595,3,3,3,multi,extend,False,False,B004ZZR9L4|B005JPT9IK|B00DTW183O
07596,2,6,6,multi,extend,False,False,B00BLHYDL8|B00TIBFEIA
07597,2,5,5,multi,extend,False,False,B00BLHYDL8|B00TIBFEIA
07605,3,3,3,multi,extend,False,False,B000BDB91K|B00143WS4I|B012T16L4G
07606,2,2,2,multi,extend,False,False,B00QQA0H3S|B012T16L4G
07607,3,3,3,multi,extend,False,False,B00B2E9XEW|B00ENJWB0Q|B012T16L4G
07608,3,3,3,multi,extend,False,False,B002UOSWE0|B00FDQC67Q|B019X7ICA0
07609,2,2,2,multi,extend,False,False,B002UOSWE0|B019X7ICA0
07614,1,1,1,single,seed,False,False,B019TLO6LE
07615,2,2,2,multi,extend,False,False,B0122QZR1Q|B019TLO6LE
07616,1,1,1,single,seed,False,False,B019TLO6LE
07620,2,4,4,multi,extend,False,False,B0058OWF5Q|B01EIHW2OW
07621,2,3,3,multi,extend,False,False,B0058OWF5Q|B01EIHW2OW
07622,3,7,7,multi,extend,False,False,B0013UFM7M|B0058OWF5Q|B01EIHW2OW
07652,2,3,3,multi,extend,False,False,B0007CG2YO|B00DUGX90O
07653,1,2,2,single,seed,False,False,B00DUGX90O
07654,2,6,6,multi,extend,False,False,B00DUGX90O|B01BX8EJT0
07673,3,4,4,multi,extend,False,False,1604187883|B00CK9LG6G|B01FVS4JHK
07674,3,3,3,multi,extend,False,False,1604187883|B00CK9LG6G|B01FVS4JHK
07681,4,8,8,hard,extend,False,False,B001769IVI|B0027IPYAY|B00TIXY394|B010DECAXC
07694,3,3,3,multi,extend,False,False,B0085JN42Y|B00GB8ZBIQ|B00UR6Y7SS
07695,2,2,2,multi,extend,False,False,B0085JN42Y|B00GB8ZBIQ
07698,4,4,4,hard,extend,False,False,B0027CS7BS|B009MVA3HS|B00R8ZVJ8C|B00U2ON9B6
07710,4,5,5,hard,extend,False,False,B00YD4YUOG|B019O8ZC2Y|B01DBES0YO|B01DBIJTBS
07714,3,6,6,multi,extend,False,False,B007T0W5CA|B00FN7CGCK|B01EH0ZB7A
07717,4,4,4,hard,extend,False,False,B006OFES30|B015QZMHRM|B016Q1S1FM|B01ANE7SI4
07723,4,9,9,hard,extend,False,False,B00KSDSYHK|B00Y7RU3AY|B01CZUTXXC|B01EA550LE
07724,4,8,8,hard,extend,False,False,B00KSDSYHK|B00Y7RU3AY|B01CZUTXXC|B01EA550LE
07725,3,7,7,multi,extend,False,False,B00KSDSYHK|B01CZUTXXC|B01EA550LE
07729,3,3,3,multi,extend,False,False,B002DYJ02U|B013WFRZGQ|B019DSNC2M
07730,2,2,2,multi,extend,False,False,B013WFRZGQ|B019DSNC2M
07731,3,3,3,multi,extend,False,False,B00QOWYKWC|B013WFRZGQ|B019DSNC2M
07747,3,4,4,multi,extend,False,False,B000VI071S|B009DGWTXS|B00AFXXJR8
07748,2,3,3,multi,extend,False,False,B000VI071S|B009DGWTXS
07749,3,5,5,multi,extend,False,False,B000VI071S|B009DGWTXS|B00HFUHO34
07751,3,5,5,multi,extend,False,False,B003KI5JWI|B004T6PEQ6|B00DY6FMMI
07752,2,4,4,multi,extend,False,False,B004T6PEQ6|B00DY6FMMI
07753,3,5,5,multi,extend,False,False,B004T6PEQ6|B00DUHACEE|B00DY6FMMI
07763,1,1,1,single,seed,False,False,B00006IFGP
07766,3,6,6,multi,extend,False,False,B00502E1QC|B01DF4RKLY|B01G6VZQKU
07775,4,5,5,hard,extend,False,False,B0007XJOLG|B014TX0NSW|B01A78LJUY|B01AZSRPW2
07776,3,4,4,multi,extend,False,False,B0007XJOLG|B01A78LJUY|B01AZSRPW2
07777,4,5,5,hard,extend,False,False,B0007XJOLG|B000BQSYL0|B01A78LJUY|B01AZSRPW2
07783,1,1,1,single,seed,False,False,B00F1J8K4I
07784,2,3,3,multi,extend,False,False,B00F1J8K4I|B01E0F0HS0
07831,3,6,6,multi,extend,False,False,1504965655|B001BSX1EM|B01CF5AQ88
07832,2,5,5,multi,extend,False,False,1504965655|B001BSX1EM
07833,4,7,7,hard,extend,False,False,1504965655|B001BSX1EM|B01ARGBY7Y|B01CRAB3P6
07858,2,3,3,multi,extend,False,False,B000GZY9DS|B008HSN7OI
07859,3,4,4,multi,extend,False,False,B000GP157G|B000GZY9DS|B008HSN7OI
07912,1,1,1,single,seed,False,False,B004YI9NTS
07913,2,3,3,multi,extend,False,False,B0000225AQ|B004YI9NTS
07914,2,2,2,multi,extend,False,False,B0000225AQ|B004YI9NTS
07930,3,3,3,multi,extend,False,False,B004GSKZQQ|B00SCBWF52|B00YGIUNYK
07931,2,2,2,multi,extend,False,False,B00SCBWF52|B00YGIUNYK
07959,3,5,5,multi,extend,False,False,B00F890KXU|B00YDAYOK0|B014NT0QUW
07960,3,4,4,multi,extend,False,False,B00F890KXU|B00YDAYOK0|B014NT0QUW
07961,4,7,7,hard,extend,False,False,B000P4O6AG|B00P57L1J2|B018F2VTHW|B01A2IR5G6
07962,2,5,5,multi,extend,False,False,B00P57L1J2|B01A2IR5G6
07963,2,4,4,multi,extend,False,False,B00P57L1J2|B01A2IR5G6
07964,2,6,6,multi,extend,False,False,B0013BG2GG|B013X0NQT0
07965,2,5,5,multi,extend,False,False,B0013BG2GG|B013X0NQT0
07967,2,5,5,multi,extend,False,False,B0013AOVHO|B016D9K970
07988,2,2,2,multi,extend,False,False,B0093UR3BW|B00OR6T842
07989,3,3,3,multi,extend,False,False,B0093UR3BW|B00OR6T842|B019RET154
08012,4,4,4,hard,extend,False,False,B000I4AC0G|B007PLFE5I|B00FPQQKI0|B01B59TY9C
08017,2,2,2,multi,extend,False,False,B002J4U62W|B019D9HESO
08018,1,1,1,single,seed,False,False,B002J4U62W
08019,2,3,3,multi,eval,True,True,B002J4U62W|B00U1KTGEA
08025,2,2,2,multi,extend,False,False,B001CO2J70|B002HW07G6
08026,3,14,14,multi,extend,False,False,B000782SHI|B002HW07G6|B00OBQQTAO
08027,3,13,13,multi,extend,False,False,B000782SHI|B002HW07G6|B00OBQQTAO
08039,4,4,4,hard,extend,False,False,B006KG80Y6|B00937VHNA|B00UMQ9UOE|B01G2UQ5PA
08040,3,3,3,multi,extend,False,False,B006KG80Y6|B00UMQ9UOE|B01G2UQ5PA
08041,2,2,2,multi,extend,False,False,B006KG80Y6|B00UMQ9UOE
08100,3,6,6,multi,extend,False,False,B0006U3ROU|B000GG7UEW|B00CWHS8L2
08107,3,16,16,multi,extend,False,False,B002O8U99I|B00O93CDV8|B014PNOTUE
08130,1,1,1,single,seed,False,False,B00FX2RA8K
08131,2,2,2,multi,extend,False,False,B00FX2RA8K|B016JTHIM8
08135,3,3,3,multi,extend,False,False,1432798383|B0035LTDMW|B0057FQL88
08136,2,2,2,multi,extend,False,False,1432798383|B0057FQL88
08137,3,3,3,multi,extend,False,False,1432798383|B0057FQL88|B014W8T8H6
08148,3,3,3,multi,extend,False,False,B0091HKNLE|B013INLPF4|B01G317714
08149,4,4,4,hard,extend,False,False,B0007TKHFW|B0091HKNLE|B013INLPF4|B01G317714
08203,3,3,3,multi,extend,False,False,B0053T4PHC|B00Y8CWEKK|B01B4S7FTA
08213,2,2,2,multi,extend,False,False,B000H0ZJHW|B00O0S97SE
08215,1,3,3,single,seed,False,False,B000UH7SVW
08216,2,4,4,multi,extend,False,False,B000UH7SVW|B01D16IQTG
08217,1,3,3,single,seed,False,False,B000UH7SVW
08271,4,6,6,hard,extend,False,False,0415530180|B00AI1TBEW|B00ASCQWF2|B018Z0TE3K
08272,4,5,5,hard,extend,False,False,0415530180|B00AI1TBEW|B00ASCQWF2|B018Z0TE3K
08273,2,5,5,multi,extend,False,False,B003YKPO3Q|B00AJECIUW
08274,2,4,4,multi,extend,False,False,B003YKPO3Q|B00AJECIUW
08275,2,3,3,multi,extend,False,False,B003YKPO3Q|B00AJECIUW
08278,2,5,5,multi,extend,False,False,B00J90CI98|B014JPTDFO
08279,1,2,2,single,seed,False,False,B014JPTDFO
08280,2,3,3,multi,extend,False,False,B00O2TKWSK|B014JPTDFO
08288,2,2,2,multi,extend,False,False,B000A6V8FU|B00J3W2J00
08289,1,1,1,single,seed,False,False,B00J3W2J00
08293,4,5,5,hard,extend,False,False,B00KA84CXI|B00N6EC1MM|B00QSHKE5K|B014GUKH7A
08296,2,3,3,multi,extend,False,False,B00IDN4OX0|B00KGRRFTQ
08297,1,1,1,single,seed,False,False,B00IDN4OX0
08299,4,7,7,hard,eval,True,True,B00749SYYO|B00934NGDC|B013HKLK8K|B0147XXAYI
08300,4,6,6,hard,extend,False,False,B00749SYYO|B00934NGDC|B013HKLK8K|B0147XXAYI
08301,4,5,5,hard,extend,False,False,B00749SYYO|B00934NGDC|B013HKLK8K|B0147XXAYI
08311,3,17,17,multi,extend,False,False,B004YL4AWA|B00QJTEHWS|B01B8YZGRS
08312,2,16,16,multi,extend,False,False,B00QJTEHWS|B01B8YZGRS
08315,2,2,2,multi,extend,False,False,B004ZF4F2U|B00BPF32PY
08316,3,3,3,multi,extend,False,False,B004ZF4F2U|B00BPF32PY|B00IJHIPDK
08317,2,2,2,multi,extend,False,False,B004ZF4F2U|B00BPF32PY
08327,3,5,5,multi,extend,False,False,B0013LQJKU|B008TLBN2Q|B00AYPOHMI
08331,2,10,10,multi,extend,False,False,B003Z4ZXNW|B0156DRDTG
08332,2,9,9,multi,eval,True,True,B003Z4ZXNW|B0156DRDTG
08344,3,12,12,multi,extend,False,False,B0035RRPQM|B0178O1OGO|B017T3ZVDQ
08345,3,11,11,multi,extend,False,False,B0035RRPQM|B0178O1OGO|B017T3ZVDQ
08346,3,10,10,multi,extend,False,False,B0035RRPQM|B0178O1OGO|B017T3ZVDQ
08362,3,7,7,multi,extend,False,False,B00FZMTRFW|B00V6BSCF2|B01DNC0REU
08363,2,6,6,multi,extend,False,False,B00FZMTRFW|B01DNC0REU
08364,2,4,4,multi,extend,False,False,B00FZMTRFW|B01DNC0REU
08373,3,7,7,multi,extend,False,False,B012HDH4SS|B01FKZ62FQ|B01FVYWNWW
08411,2,2,2,multi,extend,False,False,B00L5FUJEG|B012G1AVTA
08412,1,1,1,single,seed,False,False,B00L5FUJEG
08413,2,3,3,multi,extend,False,False,B00IKDETOW|B00L5FUJEG
08420,4,4,4,hard,extend,False,False,B000GIPJ16|B0052P1CAK|B0077SWBYG|B00I03L3BO
08428,4,10,10,hard,extend,False,False,B000GULU58|B002BDTY2O|B00B9VH8VI|B00WH69YTI
08429,3,8,8,multi,extend,False,False,B002BDTY2O|B00B9VH8VI|B00WH69YTI
08432,4,7,7,hard,extend,False,False,0143125478|B005CS6AK4|B00EEDVYZO|B00VHHIUNY
08442,4,7,7,hard,extend,False,False,B004FW00X6|B00DG9YUNA|B00EDJCICW|B01CS2OH5G
08443,4,6,6,hard,extend,False,False,B004FW00X6|B00DG9YUNA|B00EDJCICW|B01CS2OH5G
08444,4,5,5,hard,extend,False,False,B004FW00X6|B00DG9YUNA|B00EDJCICW|B01CS2OH5G
08447,4,5,5,hard,extend,False,False,B012XYT420|B0166Y7L46|B0187VYGLM|B01G9MNH6Q
08464,2,2,2,multi,extend,False,False,0547166621|B00X6A1OD8
08465,3,4,4,multi,extend,False,False,0547166621|B00X6A1OD8|B019FNCXLQ
08466,2,2,2,multi,extend,False,False,0547166621|B00X6A1OD8
08472,3,6,6,multi,extend,False,False,B000FSQ7F4|B003GISNGQ|B019ZI4YKO
08473,4,7,7,hard,extend,False,False,B000FSQ7F4|B003GISNGQ|B00YSG6OFM|B019ZI4YKO
08494,1,1,1,single,eval,True,False,B00K3HFU8W
08495,2,2,2,multi,extend,False,False,B00K3HFU8W|B00SK66UJG
08496,1,1,1,single,seed,False,False,B00K3HFU8W
08526,2,3,3,multi,eval,True,True,B004D8NZ52|B017LLB40A
08527,3,7,7,multi,extend,False,False,B004D8NZ52|B004ZDL0K2|B017LLB40A
08536,3,3,3,multi,extend,False,False,B002TWL9O8|B00O64T7UA|B015C44CVG
08537,4,4,4,hard,extend,False,False,B000UXDDU6|B002TWL9O8|B00O64T7UA|B015C44CVG
08554,3,5,5,multi,extend,False,False,B001IKYV7Y|B00JSLJ4OA|B015QZN6D6
08555,3,3,3,multi,extend,False,False,B001IKYV7Y|B00JSLJ4OA|B015QZN6D6
08565,3,3,3,multi,extend,False,False,B01CZMKKKU|B01DEGYTC6|B01DVW5HII
08569,3,5,5,multi,extend,False,False,B00LD5O5CA|B015CCR1XY|B0185Z99BM
08602,3,5,5,multi,extend,False,False,B00KIG3WPQ|B00YWD4V5Q|B01BBNS1UK
08607,2,2,2,multi,extend,False,False,B00EXLTF1M|B00YH6AJWC
08608,3,3,3,multi,extend,False,False,B00EXLTF1M|B00YH6AJWC|B00ZZ4ME5A
08609,2,2,2,multi,extend,False,False,B00EXLTF1M|B00YH6AJWC
08610,3,4,4,multi,extend,False,False,0833552953|B00009LI4K|B019BEJO52
08612,4,4,4,hard,extend,False,False,B0002H49BC|B007N0JTHK|B0088R7938|B00A671RR2
08627,2,7,7,multi,extend,False,False,B001G96FZS|B0068FM72A
08628,3,8,8,multi,extend,False,False,B001G96FZS|B0068FM72A|B00N7CD4BK
08634,2,3,3,multi,extend,False,False,B00DPJ3CYO|B00W8K19DM
08635,2,2,2,multi,extend,False,False,B00DPJ3CYO|B00W8K19DM
08636,1,1,1,single,seed,False,False,B00W8K19DM
08669,3,3,3,multi,extend,False,False,B0040ZOEE4|B011IPV7KM|B01AX0CSEW
08670,2,2,2,multi,extend,False,False,B011IPV7KM|B01AX0CSEW
08671,3,3,3,multi,extend,False,False,B0050JL4QA|B011IPV7KM|B01AX0CSEW
08689,3,3,3,multi,extend,False,False,B003FW0YZG|B008G7LDJQ|B016U7VROE
08695,4,8,8,hard,extend,False,False,B0054L0W12|B00704IO48|B008DBRDH6|B017RX4VW0
08696,2,4,4,multi,extend,False,False,B00704IO48|B017RX4VW0
08701,2,2,2,multi,extend,False,False,B0013CTK9Q|B003UC5H0I
08702,1,1,1,single,seed,False,False,B003UC5H0I
08703,2,2,2,multi,extend,False,False,B0000TN7MY|B003UC5H0I
08721,3,3,3,multi,extend,False,False,B000VWTA94|B007G7PUMS|B016KX4B78
08722,2,2,2,multi,extend,False,False,B000VWTA94|B016KX4B78
08747,3,3,3,multi,extend,False,False,B0002X4DP8|B015EHYWRA|B01EZLWEL2
08773,2,2,2,multi,extend,False,False,1582381356|B00KOCLVZC
08819,1,1,1,single,seed,False,False,B0006MY7EC
08820,2,2,2,multi,extend,False,False,B0006MY7EC|B007I31SC6
08827,3,4,4,multi,extend,False,False,B005HOUVUS|B007ZJTYZ6|B01EBSL9FG
08828,3,3,3,multi,extend,False,False,B005HOUVUS|B007ZJTYZ6|B01EBSL9FG
08829,2,2,2,multi,extend,False,False,B007ZJTYZ6|B00FMWX8EQ
08831,4,4,4,hard,extend,False,False,0073403253|1285867971|B001MYEU0E|B01505SXDU
08835,1,1,1,single,seed,False,False,B005MHRK5Y
08836,2,8,8,multi,extend,False,False,B005MHRK5Y|B00W5DMX3C
08853,3,6,6,multi,extend,False,False,B0018S4XIS|B00WGXA7YI|B0156DRDTG
08857,2,4,4,multi,extend,False,False,B000ULQTE0|B00VFVGFWU
08858,3,5,5,multi,extend,False,False,B000ULQTE0|B00VFVGFWU|B012DTDI2C
08859,2,4,4,multi,extend,False,False,B000ULQTE0|B00VFVGFWU
08871,3,5,5,multi,extend,False,False,B00E00GJ2E|B00MC5ZCAY|B01D2ODEXK
08887,3,3,3,multi,extend,False,False,B00CRABRSU|B00DV8AJLS|B00H95M72S
08888,2,2,2,multi,extend,False,False,B00CRABRSU|B00DV8AJLS
08919,3,4,4,multi,extend,False,False,0684848066|B007XE5LTG|B01ENPNF6I
08935,2,3,3,multi,extend,False,False,B00ZI8IHQS|B01EXYXM94
08965,2,9,9,multi,extend,False,False,B005H3N43K|B00Y6Y8VN4
08966,1,1,1,single,seed,False,False,B00Y6Y8VN4
08967,2,8,8,multi,extend,False,False,B00DI89I04|B00Y6Y8VN4
08972,3,3,3,multi,extend,False,False,B0040723CC|B00NUFF5JI|B01B4Q4POU
08973,4,4,4,hard,extend,False,False,B0040723CC|B00NUFF5JI|B00PMEODQG|B01B4Q4POU
08974,3,3,3,multi,extend,False,False,B0040723CC|B00NUFF5JI|B01B4Q4POU
08979,4,4,4,hard,extend,False,False,B002JFQKMG|B01459J8SG|B0199R4WZI|B01FOITMT2
09015,3,6,6,multi,extend,False,False,B010SMUW6Q|B01AX6O3RG|B01CBG6FG8
09047,4,4,4,hard,extend,False,False,B003I627V8|B00J3W2J00|B017JCO4D0|B01CU5Z3RW
09083,2,2,2,multi,extend,False,False,B0142FNW4E|B01FH2GZNQ
09096,4,5,5,hard,extend,False,False,B001DSZ7EC|B001T8W79E|B01B37CK60|B01GRQL8NS
09126,3,3,3,multi,extend,False,False,B005HJQRQK|B006ZNLO10|B015SR7M0K
09127,2,2,2,multi,extend,False,False,B006ZNLO10|B015SR7M0K
09128,3,3,3,multi,extend,False,False,B006ZNLO10|B0113YL5V4|B015SR7M0K
09132,2,2,2,multi,extend,False,False,B00H5UJ068|B00N9LZM82
09133,3,4,4,multi,extend,False,False,B00H5UJ068|B00N9LZM82|B01F2538ZG
09150,2,2,2,multi,extend,False,False,B0055VPOTQ|B00D4INF0M
09151,3,3,3,multi,extend,False,False,B0055VPOTQ|B00602YFBC|B00D4INF0M
09152,2,2,2,multi,extend,False,False,B0055VPOTQ|B00D4INF0M
09159,2,7,7,multi,extend,False,False,B00R0T2MZK|B00VRMCRTC
09160,2,5,5,multi,extend,False,False,B00R0T2MZK|B00VRMCRTC
09161,2,4,4,multi,extend,False,False,B00R0T2MZK|B00VRMCRTC
09182,1,2,2,single,seed,False,False,B00IUFILXU
09183,2,3,3,multi,extend,False,False,B000G1CPV0|B00IUFILXU
09184,1,2,2,single,seed,False,False,B00IUFILXU
09200,2,4,4,multi,extend,False,False,B002E6P3IM|B01DKD9UNQ
09201,2,3,3,multi,extend,False,False,B002E6P3IM|B01DKD9UNQ
09202,1,2,2,single,seed,False,False,B01DKD9UNQ
09218,2,4,4,multi,extend,False,False,B00PJ4UGH4|B00YS9HI7C
09219,2,3,3,multi,extend,False,False,B00PJ4UGH4|B00YS9HI7C
09220,2,2,2,multi,extend,False,False,B00PJ4UGH4|B00YS9HI7C
09225,2,7,7,multi,extend,False,False,B0007KLH96|B004O2I9JO
09226,2,6,6,multi,extend,False,False,B0007KLH96|B004O2I9JO
09227,2,5,5,multi,extend,False,False,B0007KLH96|B004O2I9JO
09240,1,1,1,single,seed,False,False,B009B73M0S
09247,3,4,4,multi,extend,False,False,B002TXT502|B00KU4G9NS|B00SKDU554
09248,2,3,3,multi,extend,False,False,B00KU4G9NS|B00SKDU554
09249,3,7,7,multi,extend,False,False,B00KU4G9NS|B00SKDU554|B01AE8OMT2
09251,1,1,1,single,seed,False,False,B019O8ZC2Y
09252,2,2,2,multi,extend,False,False,B00JQXT5JO|B019O8ZC2Y
09259,2,2,2,multi,extend,False,False,B0089ECPHU|B00EKW8UEM
09260,1,1,1,single,seed,False,False,B00EKW8UEM
09261,2,4,4,multi,extend,False,False,B01963A2JK|B01BCQ86BU
09262,1,3,3,single,seed,False,False,B01BCQ86BU
09265,2,3,3,multi,extend,False,False,B001E39MGU|B004T33Y8O
09266,1,2,2,single,eval,True,False,B004T33Y8O
09275,1,1,1,single,eval,True,False,B00MFPBW4Q
09276,2,2,2,multi,extend,False,False,B003TXDZS4|B00MFPBW4Q
09277,1,1,1,single,seed,False,False,B00MFPBW4Q
09296,3,3,3,multi,extend,False,False,B00G6C1ZEG|B00MXOVBO0|B0136K7XN2
09297,4,7,7,hard,extend,False,False,B0049MK5FK|B00G6C1ZEG|B00MXOVBO0|B0136K7XN2
09299,3,8,8,multi,extend,False,False,B00I0BJ80O|B012F96MCS|B013UAH7AC
09389,2,4,4,multi,extend,False,False,B00BC470V0|B00MLGB3M0
09392,3,3,3,multi,extend,False,False,B0052QH7AS|B00WDIDV44|B00Y31ZQ1K
09393,2,2,2,multi,extend,False,False,B0052QH7AS|B00Y31ZQ1K
09394,3,4,4,multi,extend,False,False,B0052QH7AS|B00Y31ZQ1K|B01707HZCQ
09406,2,7,7,multi,extend,False,False,B00E6IWNC0|B00F9Z3RX8
09407,3,8,8,multi,extend,False,False,B002B55AC0|B00E6IWNC0|B00F9Z3RX8
09408,2,7,7,multi,extend,False,False,B00E6IWNC0|B00F9Z3RX8
09435,3,3,3,multi,extend,False,False,B000BRMYN8|B01FSY1L14|B01FUA90MI
09436,3,4,4,multi,extend,False,False,B01FSY1L14|B01FUA90MI|B01GGN87E0
09437,2,3,3,multi,extend,False,False,B01FUA90MI|B01GGN87E0
09443,2,3,3,multi,extend,False,False,B000EFNKLC|B0031XUY3Q
09444,1,2,2,single,eval,True,False,B000EFNKLC
09445,2,12,12,multi,extend,False,False,B000EFNKLC|B01FEWG1RY
09470,4,10,10,hard,extend,False,False,B00DQDJK86|B00IZF0LCE|B00K85690C|B01CIV60UC
09553,3,3,3,multi,extend,False,False,B005DQD17A|B00PFI00PC|B013W5JJXS
09567,2,4,4,multi,extend,False,False,B00OUKCSEM|B01FWTJ5X6
09575,4,7,7,hard,extend,False,False,B001MP2P50|B00269PJQI|B00TDP7K38|B017TVDYFA
09576,4,5,5,hard,extend,False,False,B001MP2P50|B00269PJQI|B00TDP7K38|B017TVDYFA
09601,2,3,3,multi,extend,False,False,B0157O5MVA|B0181OBCW6
09602,3,4,4,multi,extend,False,False,B0157O5MVA|B01707HZCQ|B0181OBCW6
09603,2,3,3,multi,extend,False,False,B0157O5MVA|B0181OBCW6
09606,3,5,5,multi,extend,False,False,B00M8NOM7O|B00OUKCSEM|B00V1KED9W
09607,2,4,4,multi,extend,False,False,B00M8NOM7O|B00OUKCSEM
09608,4,21,21,hard,extend,False,False,B0011E2S7C|B005NJNF1Y|B018TGV5EG|B01G4A025M
09609,4,19,19,hard,extend,False,False,B0011E2S7C|B005NJNF1Y|B018TGV5EG|B01G4A025M
09610,4,18,18,hard,extend,False,False,B0011E2S7C|B005NJNF1Y|B018TGV5EG|B01G4A025M
09623,3,4,4,multi,eval,True,True,B00022628A|B00IPGVYI8|B0167PFDYE
09632,2,2,2,multi,extend,False,False,B016KDLD0G|B01D7WDA4A
09633,3,4,4,multi,extend,False,False,B015E8OHEW|B016KDLD0G|B01D7WDA4A
09636,4,10,10,hard,extend,False,False,0310435307|B007W8RDAS|B00KI7QCAC|B00W33223U
09637,4,9,9,hard,extend,False,False,0310435307|B007W8RDAS|B00KI7QCAC|B00W33223U
09650,4,7,7,hard,extend,False,False,B001K37L08|B00BD8ZUEO|B00NPMNO80|B00YRMPFZW
09651,3,6,6,multi,extend,False,False,B001K37L08|B00BD8ZUEO|B00YRMPFZW
09652,4,7,7,hard,extend,False,False,B00114Q7TC|B001K37L08|B00BD8ZUEO|B00CFNUHEO
09663,4,6,6,hard,extend,False,False,B00DS842HS|B00FWUKJ2M|B00WH1ROHC|B01B25Q4MY
09713,1,4,4,single,seed,False,False,B014AHMW5Y
09714,2,5,5,multi,extend,False,False,B007Y8VIQ6|B014AHMW5Y
09715,3,6,6,multi,extend,False,False,B007Y8VIQ6|B014AHMW5Y|B01GX5YWAO
09755,4,8,8,hard,extend,False,False,B004GZV5JA|B00L2V09VQ|B00MOTNAXY|B00NBS75R4
09756,4,6,6,hard,extend,False,False,B00AXVXFLM|B00MFBMO06|B014XBYI7W|B01CQK5SZI
09757,3,4,4,multi,extend,False,False,B00MFBMO06|B014XBYI7W|B01CQK5SZI
09759,2,2,2,multi,extend,False,False,B009LGO88E|B01D9Y96YY
09760,3,3,3,multi,extend,False,False,B009LGO88E|B01D9Y96YY|B01FZA2PYS
09761,4,4,4,hard,extend,False,False,B009LGO88E|B01D9Y96YY|B01DW73BKS|B01FZA2PYS
09768,2,3,3,multi,extend,False,False,B008AOH1O6|B00VJ4IGDY
09769,1,2,2,single,seed,False,False,B00VJ4IGDY
09770,2,4,4,multi,extend,False,False,B00VJ4IGDY|B01DU97VTU
09791,2,5,5,multi,extend,False,False,B00PWNHUIU|B01D5EOH0Q
09792,4,8,8,hard,extend,False,False,B008HKL6L2|B016GKJSSM|B017AGN1XO|B019JZ2XP6
09802,2,4,4,multi,eval,True,True,B005JRJFSW|B01CIUX1N2
09803,2,2,2,multi,extend,False,False,B005JRJFSW|B01CIUX1N2
09804,3,3,3,multi,extend,False,False,B003ML36HI|B005JRJFSW|B01CIUX1N2
09807,3,5,5,multi,extend,False,False,B0007WFY4S|B01BLVG50U|B01FFG9J0U
09813,2,3,3,multi,extend,False,False,B000089D9U|B015VMRJ9G
09879,4,4,4,hard,extend,False,False,B000E1ZY6U|B00D25EW5O|B00MUEHPGQ|B01EQO9UMO
09897,3,13,13,multi,extend,False,False,0385376715|B00N0JIS8O|B00PWNHUIU
09898,3,12,12,multi,extend,False,False,0385376715|B00N0JIS8O|B00PWNHUIU
09899,2,2,2,multi,extend,False,False,0373211627|B01FU2A6N8
09900,3,3,3,multi,extend,False,False,0373211627|B01AWV6Q8G|B01FU2A6N8
09923,2,5,5,multi,extend,False,False,B003ZLR8MY|B00KNK0M1O
09936,4,4,4,hard,extend,False,False,B003BMGAFI|B00B9L7ZFW|B00M9AB3KU|B011QPR4HE
09937,2,2,2,multi,extend,False,False,B003DGPWLK|B007O58268
09938,3,3,3,multi,extend,False,False,B00015H0X4|B003DGPWLK|B007O58268
09956,1,1,1,single,seed,False,False,B00WH1ROHC
09957,2,2,2,multi,extend,False,False,B00CJB9K4K|B00WH1ROHC
09968,1,1,1,single,seed,False,False,B0192ZH6PU
09969,2,2,2,multi,extend,False,False,B00FSKX266|B0192ZH6PU
100000,3,3,3,multi,extend,False,False,B001UHN0HM|B003WDEYPE|B00MWI4HW0
100011,2,2,2,multi,extend,False,False,B00V36OU92|B00WIWXU00
100012,1,1,1,single,seed,False,False,B00WIWXU00
100020,2,3,3,multi,extend,False,False,B00Y8CWEKK|B01AX0CSBK
100021,3,4,4,multi,extend,False,False,B00BFDJ6VK|B00Y8CWEKK|B01AX0CSBK
100022,4,5,5,hard,extend,False,False,B001L1RG54|B00BFDJ6VK|B00Y8CWEKK|B01AX0CSBK
100025,2,4,4,multi,extend,False,False,B0185LXWBY|B018TDV4NG
100026,3,3,3,multi,extend,False,False,B010TFQH9S|B018TDV4NG|B01C5P1PVA
100027,2,2,2,multi,extend,False,False,B018TDV4NG|B01C5P1PVA
100034,4,4,4,hard,extend,False,False,B00006IF22|B00BL8BQCG|B00HNYT16K|B00WL2PRMG
100043,2,3,3,multi,extend,False,False,B004BP1DAG|B010K8L8ES
100044,3,5,5,multi,extend,False,False,B004BP1DAG|B00XJJV1FM|B010K8L8ES
100045,2,3,3,multi,extend,False,False,B004BP1DAG|B010K8L8ES
100046,2,2,2,multi,extend,False,False,B002ILXDY4|B016BBZ8NK
100047,3,4,4,multi,extend,False,False,B002ILXDY4|B0055521W0|B016BBZ8NK
100048,2,2,2,multi,extend,False,False,B002ILXDY4|B016BBZ8NK
100050,1,2,2,single,seed,False,False,B00QUGTKWW
100051,2,6,6,multi,extend,False,False,B001O7PNS2|B00QUGTKWW
100052,3,3,3,multi,extend,False,False,B00VMOC7DG|B014JT1N7Q|B014ZCJVDU
100053,4,4,4,hard,extend,False,False,B00VMOC7DG|B010IU5B78|B014JT1N7Q|B014ZCJVDU
100054,3,3,3,multi,extend,False,False,B00VMOC7DG|B014JT1N7Q|B014ZCJVDU
100068,3,4,4,multi,extend,False,False,B002VHBOD2|B01DP871OG|B01FVPOWD4
100069,4,7,7,hard,extend,False,False,B002CACMR0|B005VPS2UE|B007TMWRRG|B00L9IEF1M
100070,3,6,6,multi,extend,False,False,B005VPS2UE|B007TMWRRG|B00L9IEF1M
100071,2,5,5,multi,extend,False,False,B005VPS2UE|B007TMWRRG
100083,3,3,3,multi,extend,False,False,B00005Y70W|B0043K8LWW|B00SL2ZYFU
100084,2,2,2,multi,extend,False,False,B00005Y70W|B0043K8LWW
100085,4,5,5,hard,extend,False,False,B00005Y70W|B0043K8LWW|B00BPY98D0|B01DKKFMAE
100090,4,4,4,hard,extend,False,False,0310435307|B0000225W2|B00WJC2VKO|B014NOGAPC
100095,2,3,3,multi,extend,False,False,B00UHDR6VQ|B01CSH5X86
100096,3,4,4,multi,extend,False,False,B002DQY776|B00UHDR6VQ|B01CSH5X86
100097,2,3,3,multi,extend,False,False,B00UHDR6VQ|B01CSH5X86
100112,2,3,3,multi,extend,False,False,B00YQVWQS8|B01B8N9L2A
100113,3,4,4,multi,extend,False,False,B000AHJ7SY|B00YQVWQS8|B01B8N9L2A
100114,2,3,3,multi,extend,False,False,B000AHJ7SY|B01B8N9L2A
100117,3,6,6,multi,extend,False,False,B008654VYC|B01488541O|B014KEF0VK
100118,3,5,5,multi,extend,False,False,B008654VYC|B01488541O|B014KEF0VK
100121,3,4,4,multi,extend,False,False,B008835ZJ2|B00SYE4SAW|B01AOXP8G8
100122,4,5,5,hard,extend,False,False,B008835ZJ2|B00SYE4SAW|B01AOXP8G8|B01G6RZJFQ
100123,3,4,4,multi,extend,False,False,B008835ZJ2|B00SYE4SAW|B01AOXP8G8
10013,3,5,5,multi,extend,False,False,B00FM7MABS|B00IGIT0WW|B019RIQND8
100153,3,5,5,multi,extend,False,False,B000WVW6YK|B00857GFJU|B00BF50JJ6
100154,3,4,4,multi,extend,False,False,B000WVW6YK|B00857GFJU|B00BF50JJ6
100155,2,3,3,multi,extend,False,False,B000WVW6YK|B00857GFJU
100196,1,1,1,single,seed,False,False,B00FRLHTWE
100197,2,2,2,multi,extend,False,False,B00DRIEPN0|B00FRLHTWE
100198,1,1,1,single,seed,False,False,B00FRLHTWE
100224,2,2,2,multi,extend,False,False,B00JPLTM3Q|B00MK8127A
100225,3,3,3,multi,extend,False,False,B001G8AIMU|B00JPLTM3Q|B00MK8127A
100238,3,5,5,multi,extend,False,False,B000HCR8CE|B00FWLC5XW|B01DFOKE1W
100239,3,3,3,multi,extend,False,False,B000HCR8CE|B00FWLC5XW|B01DFOKE1W
100240,2,2,2,multi,extend,False,False,B00FWLC5XW|B01DFOKE1W
10025,3,3,3,multi,extend,False,False,B003DS7TCS|B004JRMIDM|B00NBS75R4
100252,3,4,4,multi,extend,False,False,B004PNAE1S|B00CGYCOR0|B00JUTWEZG
100253,2,3,3,multi,extend,False,False,B004PNAE1S|B00JUTWEZG
100254,3,5,5,multi,eval,True,True,B004PNAE1S|B00JUTWEZG|B01ER32Y4K
100258,1,2,2,single,seed,False,False,B003RL7RRS
100259,3,4,4,multi,extend,False,False,B000IO2DT4|B003RL7RRS|B014QVWM4A
10026,2,2,2,multi,extend,False,False,B004JRMIDM|B00NBS75R4
100265,3,5,5,multi,extend,False,False,B0049OSQ0Y|B004QIUGFQ|B005QBMYY8
100266,2,3,3,multi,extend,False,False,B004QIUGFQ|B005QBMYY8
100267,2,2,2,multi,extend,False,False,B004QIUGFQ|B005QBMYY8
100279,2,2,2,multi,extend,False,False,B000CQJ0DK|B000F3N7AC
100280,1,1,1,single,seed,False,False,B000CQJ0DK
100305,4,4,4,hard,extend,False,False,B00132GQD4|B003TFE7VG|B00GJ2EMSY|B013HW8ZIG
100306,3,3,3,multi,extend,False,False,B00132GQD4|B00GJ2EMSY|B013HW8ZIG
100379,2,2,2,multi,extend,False,False,B00X8FKW52|B00XVG29MW
100385,2,9,9,multi,extend,False,False,B00V2PB16O|B01D9S5UG8
100386,2,7,7,multi,extend,False,False,B00V2PB16O|B01D9S5UG8
100396,1,6,6,single,eval,True,False,B017BJ9LFM
100397,2,7,7,multi,extend,False,False,B0091H09EU|B017BJ9LFM
100398,1,6,6,single,seed,False,False,B017BJ9LFM
100409,3,4,4,multi,extend,False,False,B00HYSFV4Q|B013HSW4N2|B01DBVVPJE
100412,4,4,4,hard,extend,False,False,0073193534|0073386340|0131499459|B01CQMSGWI
100414,4,4,4,hard,extend,False,False,0073193534|0073386340|0131499459|B01CQMSGWI
100421,2,3,3,multi,extend,False,False,B002NMICB2|B0032J1KAK
100422,4,5,5,hard,extend,False,False,B001Y1F0HW|B002NMICB2|B0032J1KAK|B01EM94ROE
100447,2,3,3,multi,extend,False,False,B00FX2RA8K|B016W20EIM
100464,2,2,2,multi,extend,False,False,B009CCRK8C|B00WFAAMQK
100465,1,1,1,single,eval,True,False,B009CCRK8C
100476,2,2,2,multi,extend,False,False,B017D6UKB2|B01DM0FBGW
100486,3,4,4,multi,extend,False,False,B003VST2VG|B005FA3TB2|B00N2M5EDQ
100487,2,2,2,multi,extend,False,False,B003VST2VG|B00N2M5EDQ
100494,3,5,5,multi,extend,False,False,0985245719|B000C9Y1EA|B003QDRJXY
100495,4,6,6,hard,extend,False,False,0985245719|B000C9Y1EA|B003QDRJXY|B00AEXWE52
100496,3,5,5,multi,extend,False,False,0985245719|B000C9Y1EA|B00AEXWE52
100514,3,9,9,multi,extend,False,False,B000N26TH8|B00T57U810|B017OSHA12
100515,3,8,8,multi,extend,False,False,B000N26TH8|B00T57U810|B017OSHA12
100516,3,7,7,multi,extend,False,False,B000N26TH8|B00T57U810|B017OSHA12
100531,3,5,5,multi,extend,False,False,B000XASWPC|B007Q2FXY8|B015GZASVO
100543,1,1,1,single,seed,False,False,B01EIO7LLO
100544,2,3,3,multi,extend,False,False,B001L1RFOG|B01EIO7LLO
100545,1,1,1,single,seed,False,False,B01EIO7LLO
100566,2,5,5,multi,extend,False,False,B00KUFFIQQ|B00R1QSDT6
100567,1,1,1,single,seed,False,False,B01BIDPHYQ
100602,3,3,3,multi,extend,False,False,B000UVKE2I|B00BSN2402|B01BM3L4RQ
100603,2,2,2,multi,extend,False,False,B000UVKE2I|B00BSN2402
10061,4,4,4,hard,extend,False,False,B00006BBAC|B00K5HV1HO|B014JMIHTK|B01CVMPCLQ
100616,1,1,1,single,seed,False,False,B01A50AXLK
100617,2,5,5,multi,extend,False,False,B000CNAEEW|B01A50AXLK
100618,2,4,4,multi,extend,False,False,B000CNAEEW|B01A50AXLK
100619,3,3,3,multi,extend,False,False,B00OV2KDLO|B00VXRY8ZC|B01GKDQUAO
10063,3,3,3,multi,extend,False,False,B00JKNRYPM|B00U33QU30|B017ICWP82
10064,3,4,4,multi,extend,False,False,B00JKNRYPM|B00U33QU30|B01ALL7SI4
10065,3,3,3,multi,extend,False,False,B00JKNRYPM|B00U33QU30|B01ALL7SI4
100653,1,1,1,single,seed,False,False,B001UJU8ZC
100654,2,2,2,multi,extend,False,False,B001UJU8ZC|B00DBTP02A
100655,1,1,1,single,seed,False,False,B001UJU8ZC
100663,4,7,7,hard,extend,False,False,B0072F8D7S|B007ID2ILQ|B017PB0ZU6|B01CIB70BA
100664,3,6,6,multi,extend,False,False,B0072F8D7S|B007ID2ILQ|B017PB0ZU6
100665,4,8,8,hard,extend,False,False,B000ENWTCA|B0072F8D7S|B00ARJN5G0|B017PB0ZU6
100666,3,3,3,multi,extend,False,False,B00065TT2E|B00GGRCHKW|B01FRERK0G
100668,2,3,3,multi,extend,False,False,B009T87JSU|B00FXYIGBS
100669,1,2,2,single,seed,False,False,B009T87JSU
10067,2,2,2,multi,extend,False,False,B000078CQA|B002DUD6TW
100670,3,4,4,multi,extend,False,False,B009T87JSU|B00C88BNPS|B012MGT3Q6
100675,2,8,8,multi,extend,False,False,B000QCHMG2|B00GF2KVLK
100676,1,6,6,single,seed,False,False,B00GF2KVLK
100677,2,9,9,multi,extend,False,False,B00EDBY7X8|B00GF2KVLK
10068,1,1,1,single,seed,False,False,B002DUD6TW
100682,3,7,7,multi,extend,False,False,B006Q5SYC4|B00OKIFV3Y|B00T275IR2
10069,2,2,2,multi,extend,False,False,B002DUD6TW|B00Q25KMB4
100693,3,14,14,multi,extend,False,False,B011QTRVV4|B01BWKPD8A|B01F0VSKIC
100694,3,13,13,multi,extend,False,False,B011QTRVV4|B01BWKPD8A|B01F0VSKIC
100695,4,14,14,hard,extend,False,False,B011QTRVV4|B01BWKPD8A|B01F0VSKIC|B01GKJA9UU
10070,2,4,4,multi,extend,False,False,B016XBLT90|B01CGPUWS6
10071,1,3,3,single,seed,False,False,B016XBLT90
10072,2,5,5,multi,extend,False,False,B016XBLT90|B01EZI7X0M
100723,4,5,5,hard,extend,False,False,B00005NUVP|B004071ZX0|B00LCI2RGE|B0192EBED6
100724,3,4,4,multi,extend,False,False,B00005NUVP|B004071ZX0|B0192EBED6
100725,4,5,5,hard,extend,False,False,B00005NUVP|B004071ZX0|B0092KZBCQ|B0192EBED6
100726,3,3,3,multi,extend,False,False,B00KJM7T3A|B00LWMD110|B00PWK47ZM
100727,4,4,4,hard,extend,False,False,B00KJM7T3A|B00LWMD110|B00PWK47ZM|B01CIEBXZG
100728,3,3,3,multi,extend,False,False,B00KJM7T3A|B00LWMD110|B00PWK47ZM
100739,3,4,4,multi,extend,False,False,B003L33HOY|B007XRLH7S|B00VQOPDX8
100760,2,13,13,multi,eval,True,True,B000A0IL1A|B00F3FC3M0
100761,2,12,12,multi,extend,False,False,B000A0IL1A|B00F3FC3M0
100762,2,11,11,multi,extend,False,False,B000A0IL1A|B00F3FC3M0
100763,4,6,6,hard,extend,False,False,B0093SYK7E|B00RW6OPHE|B0148GWSHY|B01DXWZR9A
100774,2,3,3,multi,extend,False,False,B00PKKN12E|B00S745NCQ
100775,2,2,2,multi,extend,False,False,B00PKKN12E|B00S745NCQ
100776,3,3,3,multi,extend,False,False,1118277554|B00PKKN12E|B00S745NCQ
100789,2,2,2,multi,extend,False,False,B00VX9F566|B0108TJ9FY
100792,3,7,7,multi,extend,False,False,B001GBC000|B00U2TQ9LS|B012Q4M3DO
100811,2,2,2,multi,extend,False,False,B01055A1D0|B01C3RRDPW
100812,3,3,3,multi,extend,False,False,B00JKQC9R2|B01055A1D0|B01C3RRDPW
100819,2,3,3,multi,extend,False,False,B00ZS1YC9Q|B015OG91PE
100820,3,4,4,multi,extend,False,False,B00OCNZTKW|B00ZS1YC9Q|B015OG91PE
100821,2,3,3,multi,extend,False,False,B00OCNZTKW|B00ZS1YC9Q
100822,1,1,1,single,seed,False,False,B011DF475Y
100831,2,3,3,multi,extend,False,False,B00GZPF4FA|B00IKYPS78
100832,2,2,2,multi,extend,False,False,B00GZPF4FA|B00IKYPS78
100833,1,1,1,single,seed,False,False,B00IKYPS78
100869,3,6,6,multi,extend,False,False,B0000V2C7S|B00BAHV2RC|B00O7CM12W
100870,3,5,5,multi,extend,False,False,B0000V2C7S|B00BAHV2RC|B00O7CM12W
100871,3,4,4,multi,extend,False,False,B0000V2C7S|B00BAHV2RC|B00O7CM12W
100876,2,2,2,multi,extend,False,False,B005W1DBCQ|B014AHLFJI
100877,3,3,3,multi,extend,False,False,B005W1DBCQ|B014AHLFJI|B01E4ZBWOE
10092,4,4,4,hard,extend,False,False,1423180704|B00IABI87S|B00LL4A7IY|B01EN87OVC
100924,3,7,7,multi,extend,False,False,B00006IFHD|B005NXS6D2|B016OV18U4
10093,2,6,6,multi,extend,False,False,1421584492|B007TNSM0G
10094,4,8,8,hard,extend,False,False,1421584492|1598803840|B005IA9X7I|B007TNSM0G
100944,2,3,3,multi,extend,False,False,B004FEEY9A|B01CJ7BGEK
100945,2,4,4,multi,extend,False,False,B004EHSP3Y|B01CJ7BGEK
100949,4,6,6,hard,eval,True,True,0613633393|B00443B74C|B007P5VZUM|B0154ARWHE
10095,3,7,7,multi,extend,False,False,1421584492|B005IA9X7I|B007TNSM0G
100958,3,3,3,multi,extend,False,False,B0083G3AXC|B00GRUOTO0|B01AV78Y5O
10096,1,1,1,single,seed,False,False,B000HCZ4FW
100960,2,6,6,multi,extend,False,False,B0015S4ZJI|B0089MUDM6
100961,3,7,7,multi,extend,False,False,B0015S4ZJI|B0089MUDM6|B01DW73BKS
100962,2,6,6,multi,extend,False,False,B0089MUDM6|B01DW73BKS
100973,2,2,2,multi,extend,False,False,B00O35DPN2|B00UYBX2FU
100974,3,3,3,multi,extend,False,False,B00O35DPN2|B00UYBX2FU|B019SWUZEQ
100977,1,9,9,single,seed,False,False,B01D8BSBWQ
100978,2,10,10,multi,extend,False,False,B008BE04C6|B01D8BSBWQ
100979,1,9,9,single,seed,False,False,B01D8BSBWQ
100986,2,2,2,multi,extend,False,False,B00RY0C9IK|B018YHQWES
100998,2,7,7,multi,extend,False,False,B00004Z5QI|B00XZH2FSK
100999,2,6,6,multi,extend,False,False,B00004Z5QI|B00XZH2FSK
101000,3,8,8,multi,extend,False,False,B00004Z5QI|B00XUP5M6Y|B00XZH2FSK
101007,2,3,3,multi,extend,False,False,B00K1J0YAQ|B0155CONYG
101008,3,4,4,multi,extend,False,False,B00K1J0YAQ|B00S1LRX3W|B0155CONYG
101018,2,2,2,multi,extend,False,False,B00NIWR5KU|B0105YJJZC
101019,3,3,3,multi,extend,False,False,B0009P34RM|B00NIWR5KU|B0105YJJZC
101030,4,7,7,hard,eval,True,True,B000GP0VQW|B00IKVM60S|B01EBAXIJE|B01G74I1PI
101040,2,4,4,multi,extend,False,False,B00OGKYNF8|B01DYT7TG6
101045,2,9,9,multi,extend,False,False,B00XKLYWFU|B0192LVKI8
101046,2,8,8,multi,extend,False,False,B00XKLYWFU|B0192LVKI8
101047,1,3,3,single,seed,False,False,B0145GMT0S
101048,2,8,8,multi,extend,False,False,B006WAGGUK|B0145GMT0S
101049,2,7,7,multi,extend,False,False,B006WAGGUK|B0145GMT0S
10105,2,3,3,multi,extend,False,False,B00HN2BUOI|B015QLPXQ8
101069,3,3,3,multi,extend,False,False,B000LXCGT4|B00H33SFJU|B019XCLINI
101071,1,1,1,single,eval,True,False,B00Y4QBK46
101072,2,2,2,multi,extend,False,False,B000THH6K6|B00Y4QBK46
101092,4,4,4,hard,extend,False,False,B00017IJO6|B002O06N8C|B006OZRLQ6|B00N20LPA4
101093,3,3,3,multi,extend,False,False,B00017IJO6|B006OZRLQ6|B00N20LPA4
101112,2,3,3,multi,extend,False,False,B0015G6QVK|B00XF7DLLK
101113,3,5,5,multi,extend,False,False,B0015G6QVK|B00BP4DUMU|B00XF7DLLK
101116,3,4,4,multi,extend,False,False,B00982Y30Y|B00XNZ8KDS|B0155A9YRO
10112,2,2,2,multi,extend,False,False,B00F4PI6W0|B01AZV0HMO
101122,2,2,2,multi,extend,False,False,B00J8DL78O|B00MBVDBC0
10113,3,3,3,multi,extend,False,False,B00F4PI6W0|B0182AN2Y0|B01AZV0HMO
10114,2,2,2,multi,extend,False,False,B0182AN2Y0|B01AZV0HMO
101143,4,4,4,hard,extend,False,False,1629053856|B001UHN0HM|B005THAO28|B00TASOOP0
101147,4,5,5,hard,extend,False,False,B000PCMCJ0|B0049AUKJI|B00A6TKLRC|B00SQIEHNO
101148,4,4,4,hard,extend,False,False,B000PCMCJ0|B0049AUKJI|B00A6TKLRC|B00SQIEHNO
101149,3,3,3,multi,extend,False,False,B000PCMCJ0|B005DVUU06|B00SQIEHNO
101150,2,15,15,multi,extend,False,False,0071833102|B000J0C9VE
101151,2,14,14,multi,extend,False,False,0071833102|B000J0C9VE
101152,2,13,13,multi,extend,False,False,0071833102|B000J0C9VE
101156,4,4,4,hard,extend,False,False,B000276B2C|B00TRR071O|B011ERM9OC|B0142NQ9NC
101157,3,3,3,multi,extend,False,False,B000276B2C|B00TRR071O|B0142NQ9NC
101177,2,2,2,multi,extend,False,False,B003DH1S26|B00U1NFVZ0
101178,3,3,3,multi,extend,False,False,B003DH1S26|B019HSU5NW|B01AA5MUDE
101179,3,3,3,multi,extend,False,False,B000P1UA9U|B00A3DPO3C|B01C7EVXZ2
101180,2,2,2,multi,extend,False,False,B000P1UA9U|B00A3DPO3C
101185,1,2,2,single,seed,False,False,B01EIUJPS0
101186,3,4,4,multi,extend,False,False,B00CP2N5Z8|B01BTI8GVG|B01EIUJPS0
101187,2,3,3,multi,extend,False,False,B01BTI8GVG|B01EIUJPS0
101212,2,4,4,multi,extend,False,False,B00GKTQTHS|B00Q30JU7U
101233,1,2,2,single,seed,False,False,B0078DP5XE
101250,4,4,4,hard,extend,False,False,B00062YMXS|B00FMHPX62|B00NLOLOXO|B00NSIF5EM
101253,3,6,6,multi,extend,False,False,B0007A0PWQ|B00GKTQTHS|B00ILD580U
101254,3,5,5,multi,extend,False,False,B0007A0PWQ|B00GKTQTHS|B00ILD580U
101265,3,5,5,multi,extend,False,False,B00O66G1KM|B01CSVBEF8|B01F36Q608
101266,3,4,4,multi,extend,False,False,B00O66G1KM|B01CSVBEF8|B01F36Q608
101267,4,5,5,hard,eval,True,True,B00O66G1KM|B014GP8XGM|B01CSVBEF8|B01F36Q608
101295,2,3,3,multi,extend,False,False,B001334UNQ|B00XE394NY
101296,1,2,2,single,eval,True,False,B001334UNQ
101297,2,3,3,multi,extend,False,False,B001334UNQ|B00WFDWAEY
10131,2,2,2,multi,extend,False,False,B009VQNJWU|B014KEF0VK
101317,3,3,3,multi,extend,False,False,B00JH0KX4C|B00OGKYNF8|B014IINLGY
101335,3,10,10,multi,extend,False,False,B00OQRAF9O|B00PAIZQTM|B00RBA9WBU
101336,4,13,13,hard,extend,False,False,B00OQRAF9O|B00PAIZQTM|B00RBA9WBU|B01AX6O3RG
101337,4,12,12,hard,extend,False,False,B00OQRAF9O|B00PAIZQTM|B00RBA9WBU|B01AX6O3RG
101352,2,3,3,multi,extend,False,False,B00S2L0YK0|B010M3G24C
101353,2,2,2,multi,extend,False,False,B00S2L0YK0|B010M3G24C
101354,3,6,6,multi,eval,True,True,B00S2L0YK0|B010M3G24C|B015QP996Y
101363,4,6,6,hard,extend,False,False,B000BHDLQM|B001DSZ7EC|B00BE69DSE|B00QERMUBU
101364,3,5,5,multi,eval,True,True,B000BHDLQM|B001DSZ7EC|B00BE69DSE
10137,3,4,4,multi,extend,False,False,B006UBM1T6|B007I4D5LC|B009LQI3D0
101373,2,2,2,multi,extend,False,False,B00CWK2G4Y|B01BJM71S6
101374,3,3,3,multi,extend,False,False,B006ZZGDH8|B00CWK2G4Y|B01BJM71S6
101375,2,2,2,multi,extend,False,False,B00CWK2G4Y|B01BJM71S6
101376,4,13,13,hard,extend,False,False,B001EHLSSG|B00DOZD09G|B00MJGAYJU|B015QZMHRM
10138,3,3,3,multi,extend,False,False,B006UBM1T6|B007I4D5LC|B009LQI3D0
101384,2,2,2,multi,extend,False,False,B00H4Y1Q9E|B011WNKWII
101385,4,5,5,hard,extend,False,False,B000WGX5GS|B005HPAEYA|B00P02C1X2|B01A6SQ2PM
101388,3,5,5,multi,extend,False,False,B001VNQNCY|B0078DP5XE|B00MFLAM7I
101389,4,6,6,hard,extend,False,False,B001VNQNCY|B0078DP5XE|B00M5EGB6G|B00MFLAM7I
10139,4,7,7,hard,extend,False,False,B006UBM1T6|B007I4D5LC|B009LQI3D0|B00DI89IQS
10140,3,10,10,multi,extend,False,False,B003CTPHLI|B013KHSTAM|B01E62O5AS
10141,2,9,9,multi,extend,False,False,B013KHSTAM|B01E62O5AS
101418,4,5,5,hard,extend,False,False,B000C984SE|B0096HUKZS|B00EPLFAD2|B00J56XG8S
10142,3,10,10,multi,extend,False,False,B013KHSTAM|B01DV1Z428|B01E62O5AS
101422,2,2,2,multi,extend,False,False,B007Q2H65M|B00H4B343S
101427,3,6,6,multi,extend,False,False,B0014291SA|B00OKIFV3Y|B01EFFHI14
101437,4,4,4,hard,extend,False,False,B000BVS3CA|B0049U3XQK|B00T3EDUXI|B00YCL88N4
101445,3,5,5,multi,extend,False,False,B00000IWD0|B0081DFEA4|B01AH2RY7M
10145,3,8,8,multi,extend,False,False,B00IWTD1JS|B00XIS0D8A|B01DDM3BPW
10146,3,7,7,multi,extend,False,False,B00IWTD1JS|B00XIS0D8A|B01DDM3BPW
101467,3,8,8,multi,extend,False,False,B018LJZUZ6|B01A7PVTGG|B01FW4N77Q
10147,3,6,6,multi,extend,False,False,B00IWTD1JS|B00XIS0D8A|B01DDM3BPW
10148,4,5,5,hard,extend,False,False,B000KVLKPI|B00U6SL442|B012YLRXB6|B018Z0TE3K
101503,2,6,6,multi,extend,False,False,B00OIIJOIO|B012DTDBI8
101504,4,4,4,hard,extend,False,False,B00HKA79C0|B00OIIJOIO|B012DTDBI8|B0184NPI74
101505,3,3,3,multi,extend,False,False,B00HKA79C0|B00OIIJOIO|B0184NPI74
101529,3,5,5,multi,extend,False,False,B00R2DUWOM|B00ZY3GSGS|B017PD9C1M
101530,2,4,4,multi,extend,False,False,B00ZY3GSGS|B017PD9C1M
101531,3,6,6,multi,extend,False,False,B005MHRK5Y|B00ZY3GSGS|B017PD9C1M
10154,3,4,4,multi,extend,False,False,B00UUR7NZS|B01ADY2YIS|B01AG4F8ZQ
101553,2,2,2,multi,eval,True,True,B00G46732W|B00KDJO26G
101554,3,3,3,multi,extend,False,False,B001EOD40Y|B00G46732W|B00KDJO26G
101555,4,4,4,hard,extend,False,False,B001EOD40Y|B00G46732W|B00KDJO26G|B01B7OXOZU
101558,3,10,10,multi,extend,False,False,B0039CXQW0|B0199S7HW2|B01ARFWBOK
101565,3,4,4,multi,extend,False,False,B00MP08AI2|B010AH61G4|B01EKBKFWM
101566,4,5,5,hard,extend,False,False,B00694XO0Y|B00MP08AI2|B010AH61G4|B01EKBKFWM
101567,3,4,4,multi,extend,False,False,B00694XO0Y|B00MP08AI2|B01EKBKFWM
101579,3,3,3,multi,extend,False,False,B00378K7JQ|B0061G4B6G|B01DFMVTKO
101581,2,4,4,multi,extend,False,False,B00BB53K1O|B01DCDN1R0
101591,3,7,7,multi,extend,False,False,B00V20D414|B016IHDEJC|B01ARFWBOK
10160,2,4,4,multi,extend,False,False,B0015ZSW86|B0186VDEUC
10161,3,5,5,multi,extend,False,False,B000HBIL7G|B0015ZSW86|B0186VDEUC
101623,2,2,2,multi,extend,False,False,B003OOS7C2|B01CRILWGS
101624,3,3,3,multi,extend,False,False,B0001CU16A|B003OOS7C2|B01CRILWGS
101627,2,6,6,multi,extend,False,False,B002T0072U|B018JXIB00
101628,3,7,7,multi,extend,False,False,B002T0072U|B00796NFHS|B018JXIB00
101629,2,6,6,multi,extend,False,False,B002T0072U|B018JXIB00
101630,2,14,14,multi,extend,False,False,B007T0W5CA|B00MYFCK8E
101633,3,4,4,multi,extend,False,False,B001JTJFO8|B00CEBJGD0|B00I0DI0Z6
101636,4,5,5,hard,extend,False,False,B008L1113A|B010MIEJKG|B01COYYPPU|B01CVA1618
101637,3,3,3,multi,extend,False,False,B008L1113A|B010MIEJKG|B01CVA1618
101640,2,5,5,multi,extend,False,False,B00I03L4SG|B01D53TEGO
101641,3,6,6,multi,extend,False,False,B0014EW4N2|B00I03L4SG|B01D53TEGO
101642,3,5,5,multi,extend,False,False,B0014EW4N2|B00I03L4SG|B01D53TEGO
101647,2,3,3,multi,extend,False,False,B00MFZ1DT0|B0175TCKYM
101648,1,2,2,single,eval,True,False,B0175TCKYM
101649,2,5,5,multi,extend,False,False,B015KNCR6G|B0175TCKYM
101679,3,3,3,multi,extend,False,False,B00LOU649G|B00RDJAD1C|B00VTOD2QK
101680,4,4,4,hard,extend,False,False,B000C9UJ32|B00LOU649G|B00RDJAD1C|B00VTOD2QK
101681,3,3,3,multi,extend,False,False,B000C9UJ32|B00RDJAD1C|B00VTOD2QK
101708,3,3,3,multi,extend,False,False,B000A0EJ9S|B00BUER7EC|B016PIN2GY
101709,2,2,2,multi,extend,False,False,B000FMZ57G|B01DDSDFTI
101710,4,6,6,hard,eval,True,True,B0083TXXIQ|B0125KU44Y|B013PU2KLS|B018B2E65I
101711,3,4,4,multi,extend,False,False,B0083TXXIQ|B013PU2KLS|B018B2E65I
101712,4,5,5,hard,extend,False,False,B001GMZR18|B0083TXXIQ|B013PU2KLS|B018B2E65I
101713,4,4,4,hard,extend,False,False,B005OQB02C|B0091J3EPE|B00K8HQ62G|B00O92R328
101714,3,3,3,multi,extend,False,False,B005OQB02C|B0091J3EPE|B00K8HQ62G
101716,3,3,3,multi,extend,False,False,B000GZSI7G|B00VY1G7GA|B017V9AHFU
101734,2,4,4,multi,extend,False,False,1936022907|B0168N1O52
101735,2,2,2,multi,extend,False,False,1936022907|B0168N1O52
101736,3,5,5,multi,extend,False,False,1936022907|B015XC3B46|B0168N1O52
101742,3,3,3,multi,extend,False,False,B004VR1NHC|B00EKW6JZ4|B01DSUUJ4A
101743,4,4,4,hard,extend,False,False,B004VR1NHC|B00EKW6JZ4|B00MBB0L7S|B01DSUUJ4A
101744,3,3,3,multi,extend,False,False,B004VR1NHC|B00MBB0L7S|B01DSUUJ4A
101747,4,5,5,hard,extend,False,False,B004P0JRP0|B008SNM144|B00NGZE5LG|B00NH8SASG
101760,2,3,3,multi,extend,False,False,B007R6TR2W|B015KNBDVQ
101763,1,1,1,single,seed,False,False,B00O35CWQ8
101764,2,4,4,multi,extend,False,False,B00O35CWQ8|B01EUC7NPI
101784,2,7,7,multi,extend,False,False,B0006Z3GYG|B019HKB02K
101785,2,6,6,multi,extend,False,False,B0006Z3GYG|B019HKB02K
101786,2,4,4,multi,extend,False,False,B0006Z3GYG|B019HKB02K
10180,4,4,4,hard,extend,False,False,0061986623|0062111736|0891093117|B015QZMHQS
101802,2,2,2,multi,extend,False,False,B01BBO5A76|B01CBMDY3O
101803,3,3,3,multi,extend,False,False,B01BBO5A76|B01CBMDY3O|B01FHCI1M4
101825,3,3,3,multi,extend,False,False,B0007P94PU|B00NIBK2U6|B017KAID2Y
101826,2,2,2,multi,extend,False,False,B0007P94PU|B00NIBK2U6
10183,2,2,2,multi,eval,True,True,B009B7U7FQ|B00F9IWWIQ
101861,2,2,2,multi,extend,False,False,B001E5E0NI|B00HNYT16K
101873,4,4,4,hard,extend,False,False,B000J5A2K4|B005IG2XGU|B006B2UER0|B00I19QZX8
101874,3,3,3,multi,extend,False,False,B000J5A2K4|B005IG2XGU|B006B2UER0
101892,2,2,2,multi,extend,False,False,B0000DH8I8|B014PNOTUE
101893,3,9,9,multi,extend,False,False,B0000DH8I8|B014PNOTUE|B01E058LU6
101901,2,2,2,multi,extend,False,False,B014CCS21U|B016NE9Z1Q
101902,3,3,3,multi,extend,False,False,B008CU53TI|B014CCS21U|B016NE9Z1Q
101903,4,5,5,hard,extend,False,False,B008CU53TI|B00WHYS0R2|B014CCS21U|B016NE9Z1Q
101906,2,2,2,multi,eval,True,True,B00DM24HNE|B014WTJRYE
101907,3,6,6,multi,extend,False,False,039335279X|B00DM24HNE|B014WTJRYE
10191,3,4,4,multi,extend,False,False,B007UT8XHQ|B011AMCFB8|B0137FBG52
10192,2,3,3,multi,extend,False,False,B007UT8XHQ|B0137FBG52
101921,3,3,3,multi,extend,False,False,B000BQK2K6|B000CLTC4C|B01F1SGQYO
101922,2,2,2,multi,extend,False,False,B000BQK2K6|B000CLTC4C
101923,1,1,1,single,seed,False,False,B000CLTC4C
101924,3,8,8,multi,extend,False,False,B0032JSQA2|B004QSV27C|B00GJ2EMSY
10193,3,7,7,multi,extend,False,False,B007UT8XHQ|B0137FBG52|B01C89MDZU
101932,3,3,3,multi,extend,False,False,B00Q30P8IK|B00SA7XHMI|B00X3KQZ94
101933,2,2,2,multi,extend,False,False,B00Q30P8IK|B00SA7XHMI
101945,3,7,7,multi,eval,True,True,B007CM0T4Q|B010CFCJ9W|B01A9HXLL8
101957,2,3,3,multi,extend,False,False,B00I4IYOJ8|B00JDKV4NK
101958,1,2,2,single,seed,False,False,B00JDKV4NK
101983,3,5,5,multi,extend,False,False,B002VE54VI|B00ZWBKCRS|B01BFKWTQG
101984,4,6,6,hard,extend,False,False,B002VE54VI|B00E4MQODC|B00ZWBKCRS|B01BFKWTQG
101997,3,4,4,multi,extend,False,False,B004PUJTXK|B00CQ857YS|B00EB3OCW4
101998,3,3,3,multi,extend,False,False,B004PUJTXK|B00CQ857YS|B00EB3OCW4
101999,1,1,1,single,seed,False,False,B00CQ857YS
102000,3,5,5,multi,extend,False,False,B0006GZB8E|B001769IVI|B00ICRJJXW
102001,2,4,4,multi,extend,False,False,B001769IVI|B00ICRJJXW
102004,3,3,3,multi,extend,False,False,B000UUWBL6|B0012XIUP6|B012D0JJPQ
102007,3,6,6,multi,extend,False,False,B00MCHH5CK|B017I2P2WI|B01BURVMXU
102008,3,5,5,multi,extend,False,False,B00MCHH5CK|B017I2P2WI|B01BURVMXU
10201,3,4,4,multi,extend,False,False,B008ATHE16|B016IXHZLO|B01AD9DN4W
102011,3,3,3,multi,extend,False,False,1449356354|B004DIZY7O|B01BEMF94E
102012,2,2,2,multi,extend,False,False,B004DIZY7O|B01BEMF94E
102017,3,12,12,multi,extend,False,False,B0013LR7LK|B007TG5EG8|B00FZQGC1U
102018,3,11,11,multi,extend,False,False,B0013LR7LK|B007TG5EG8|B00FZQGC1U
102019,3,10,10,multi,extend,False,False,B0013LR7LK|B007TG5EG8|B00FZQGC1U
10202,4,8,8,hard,extend,False,False,B000FGWBH4|B008ATHE16|B016IXHZLO|B01AD9DN4W
102023,2,4,4,multi,extend,False,False,B00512J84G|B019YG7OF4
102065,4,4,4,hard,extend,False,False,B003IPCUXY|B0060Q1OH6|B00UUJMTUK|B01FV0HQDC
102077,2,4,4,multi,extend,False,False,B004A6OBFA|B006ZBB5X4
102078,3,5,5,multi,extend,False,False,B000IZ1KW4|B004A6OBFA|B006ZBB5X4
102079,2,4,4,multi,extend,False,False,B004A6OBFA|B006ZBB5X4
102080,3,3,3,multi,eval,True,True,B00MCC373G|B01AMLWN10|B01BO8A2AE
102081,2,2,2,multi,extend,False,False,B00MCC373G|B01BO8A2AE
102094,4,8,8,hard,extend,False,False,B009QAPKL4|B00DVNLRSM|B0116MGM98|B01EEVKNNO
102151,3,7,7,multi,extend,False,False,1933054395|B019HN6RUC|B01BZL66PU
102152,3,5,5,multi,extend,False,False,1933054395|B019HN6RUC|B01BZL66PU
102153,4,6,6,hard,extend,False,False,1933054395|B019HN6RUC|B01BZL66PU|B01FRAQADI
102183,4,5,5,hard,extend,False,False,0842528539|B005KBZQGC|B00OZZ595M|B016DXXC5C
102184,3,3,3,multi,eval,True,True,0842528539|B005KBZQGC|B00OZZ595M
102185,2,2,2,multi,extend,False,False,0842528539|B00OZZ595M
102188,2,2,2,multi,extend,False,False,B0053B7ONM|B0083G3AXC
102192,3,5,5,multi,extend,False,False,B00MGXNA1K|B00VH8IHT0|B017LZZ94I
102195,2,2,2,multi,extend,False,False,B00F1J8K4I|B00Z7F218W
102202,1,1,1,single,seed,False,False,B01BSEQKI2
102203,3,3,3,multi,eval,True,True,B0002TJAXM|B00UBMO2VA|B01BSEQKI2
102204,2,2,2,multi,extend,False,False,B0002TJAXM|B01BSEQKI2
102236,2,3,3,multi,extend,False,False,B000MXTJ9S|B0040BDDWM
102237,2,2,2,multi,extend,False,False,B000MXTJ9S|B0040BDDWM
102238,1,1,1,single,seed,False,False,B0040BDDWM
102247,2,4,4,multi,extend,False,False,B000MTM0WK|B00WOAQ1A2
102259,1,3,3,single,seed,False,False,B01AXAPTNY
102260,3,5,5,multi,extend,False,False,B000BPF0G8|B0054NFWH4|B01AXAPTNY
102261,2,4,4,multi,extend,False,False,B0054NFWH4|B01AXAPTNY
102262,3,3,3,multi,extend,False,False,B001WT11Y2|B005DJUVC0|B005QUQ99U
102263,2,2,2,multi,extend,False,False,B001WT11Y2|B005QUQ99U
102264,3,4,4,multi,extend,False,False,B001WT11Y2|B005QUQ99U|B01H3P9CKI
102268,3,5,5,multi,extend,False,False,B0033TKPAK|B009ZM9R4O|B011LRZ15E
102274,4,4,4,hard,extend,False,False,B000H8KYCE|B000UVKE2I|B000WID03O|B001ILW4M2
102285,2,2,2,multi,extend,False,False,B0032Z8KH0|B01EFCZ1IE
102296,2,2,2,multi,extend,False,False,B000J09DNQ|B001L1REDI
102297,3,3,3,multi,extend,False,False,B000J09DNQ|B001L1REDI|B004QHQPCU
10230,3,4,4,multi,extend,False,False,B000BFWJTO|B00M1VMTLE|B01DPGYPE2
10231,3,3,3,multi,extend,False,False,B000BFWJTO|B00M1VMTLE|B01DPGYPE2
102317,4,5,5,hard,extend,False,False,B000GWKK02|B00K7AJGQM|B00KLL8INE|B015XDZLJI
102318,3,4,4,multi,extend,False,False,B000GWKK02|B00K7AJGQM|B00KLL8INE
10232,2,2,2,multi,extend,False,False,B00M1VMTLE|B01DPGYPE2
102329,1,1,1,single,seed,False,False,B003OOS7C2
102364,3,3,3,multi,extend,False,False,B002V3AFPO|B005P0MSHS|B00KI0WQTA
102365,2,2,2,multi,extend,False,False,B002V3AFPO|B00KI0WQTA
102366,3,3,3,multi,extend,False,False,B002V3AFPO|B008YO8TUW|B00KI0WQTA
102369,3,7,7,multi,extend,False,False,B001QA4F40|B0196LFDKA|B019DDSSH6
102370,2,2,2,multi,extend,False,False,B001QA4F40|B0196LFDKA
102371,3,3,3,multi,extend,False,False,B001QA4F40|B0196LFDKA|B019Z44B74
102377,2,3,3,multi,extend,False,False,B0100U8MVS|B0162FFD8K
102378,4,5,5,hard,extend,False,False,B00CG6KRSG|B0100U8MVS|B0162FFD8K|B01AD2NURY
102379,3,4,4,multi,extend,False,False,B0100U8MVS|B0162FFD8K|B01AD2NURY
102381,2,50,50,multi,extend,False,False,1118875869|B0036WEBLI
102382,2,47,47,multi,extend,False,False,1118875869|B0036WEBLI
102383,2,43,43,multi,extend,False,False,1118875869|B0036WEBLI
102400,3,3,3,multi,extend,False,False,B00IO2M5S6|B00SD8GUM8|B01DNCM09K
102401,2,2,2,multi,extend,False,False,B00SD8GUM8|B01DNCM09K
102402,3,3,3,multi,extend,False,False,B00CXEXOZO|B00SD8GUM8|B01DNCM09K
102407,4,7,7,hard,extend,False,False,0393912671|1608935760|B007BHLUWM|B00FTTZ17Y
102422,3,7,7,multi,extend,False,False,B00U2UZ40Y|B0156VK6NI|B01CMKA3HK
102433,4,5,5,hard,extend,False,False,1438005520|B00GEG40KA|B00ODZ5BQG|B017Y54JV4
102434,3,4,4,multi,extend,False,False,B00GEG40KA|B00ODZ5BQG|B017Y54JV4
102435,2,3,3,multi,extend,False,False,B00GEG40KA|B017Y54JV4
102464,2,2,2,multi,extend,False,False,B0057B6HEA|B007L599HC
102465,1,1,1,single,seed,False,False,B007L599HC
102466,3,13,13,multi,extend,False,False,B000EJNRQG|B000EJRBF4|B007L599HC
102467,2,2,2,multi,extend,False,False,B00FYJHJMY|B019IXWBUG
102468,3,3,3,multi,extend,False,False,B00P3XWIS6|B019IXWBUG|B01D7V9AKO
102469,2,2,2,multi,extend,False,False,B00P3XWIS6|B019IXWBUG
10247,2,2,2,multi,extend,False,False,B0006II74C|B001AWJHI8
102472,3,6,6,multi,extend,False,False,B00EYFKKZC|B00I0ZXN1K|B00SK9OI5G
102473,2,5,5,multi,extend,False,False,B00EYFKKZC|B00SK9OI5G
102474,3,6,6,multi,extend,False,False,B009YJ7V2S|B00EYFKKZC|B00SK9OI5G
10248,3,4,4,multi,extend,False,False,B0006II74C|B001AWJHI8|B01FCWJW90
102483,2,7,7,multi,extend,False,False,B001UWVIAI|B008CEDY5O
102484,3,5,5,multi,extend,False,False,B001UWVIAI|B008CEDY5O|B00YHUBV6Q
102485,4,9,9,hard,extend,False,False,B001UWVIAI|B008CEDY5O|B00AFLSE7U|B00YHUBV6Q
10249,2,3,3,multi,extend,False,False,B001AWJHI8|B01FCWJW90
102491,3,4,4,multi,extend,False,False,B001A67AE2|B00MTAW8U4|B00NWD3LD0
102492,2,3,3,multi,extend,False,False,B001A67AE2|B00MTAW8U4
102515,4,5,5,hard,extend,False,False,B004YHVNWO|B00EA06U7S|B00F1J7UXU|B015IK3NPA
102516,3,4,4,multi,extend,False,False,B004YHVNWO|B00EA06U7S|B015IK3NPA
102517,3,3,3,multi,extend,False,False,B00EA06U7S|B015IK3NPA|B01E9WTHUS
102533,2,2,2,multi,extend,False,False,B0028IY6KC|B00J9B8GES
102544,1,1,1,single,seed,False,False,B003VKPCV8
102545,2,11,11,multi,extend,False,False,B001VXY3F8|B003VKPCV8
102546,2,10,10,multi,extend,False,False,B001VXY3F8|B003VKPCV8
102547,2,6,6,multi,extend,False,False,B003ZZY9UY|B018KQ358O
102548,3,8,8,multi,extend,False,False,B003ZZY9UY|B018KQ358O|B01F66AE5I
102549,3,7,7,multi,extend,False,False,B003ZZY9UY|B018KQ358O|B01F66AE5I
10255,3,4,4,multi,extend,False,False,B00DR67P9I|B00MG1K4ZW|B018IZ0SWI
102571,4,5,5,hard,extend,False,False,B0095ZBUGY|B00BNQWCWY|B00I9ICJWM|B00MHVPICK
102592,3,16,16,multi,extend,False,False,B00KOW827M|B00XN4JLAK|B01CSEPDJ8
102615,2,8,8,multi,extend,False,False,B00BWYO0LI|B0195PEYE8
102616,2,7,7,multi,extend,False,False,B00BWYO0LI|B0195PEYE8
102617,3,8,8,multi,extend,False,False,B001C6YKD4|B00BWYO0LI|B0195PEYE8
102624,3,3,3,multi,extend,False,False,B000EXUB3E|B00GT4WCL6|B00WHDN3BQ
102625,2,2,2,multi,extend,False,False,B000EXUB3E|B00WHDN3BQ
102642,4,5,5,hard,extend,False,False,B006ZPU6GW|B00CDB8AXS|B00FFJ5WAO|B01C7QC5J8
10267,2,2,2,multi,extend,False,False,1890989290|B0026NZFCC
102674,4,4,4,hard,extend,False,False,0064434974|B00AFEMBFS|B00SM3G9RK|B019ULEPUU
102675,3,3,3,multi,extend,False,False,B00AFEMBFS|B00SM3G9RK|B019ULEPUU
102676,4,4,4,hard,extend,False,False,B00AFEMBFS|B00SM3G9RK|B00VV2YIEU|B019ULEPUU
102677,2,8,8,multi,extend,False,False,B00SZR3JLW|B015XW83N0
10268,3,3,3,multi,extend,False,False,1890989290|B0026NZFCC|B01APA662K
10269,4,4,4,hard,extend,False,False,1890989290|B0026NZFCC|B01APA662K|B01EFJY4DK
102702,2,4,4,multi,extend,False,False,B00TAD56DE|B00VQTAS7E
102712,2,2,2,multi,extend,False,False,B005JRJFSW|B00SDJGCL6
10273,2,6,6,multi,extend,False,False,B0132YMOQS|B015P0Q78I
102731,3,11,11,multi,extend,False,False,B0078YA3HQ|B00NEWYJE4|B017AGN1XO
102732,3,10,10,multi,extend,False,False,B0078YA3HQ|B00NOZ1EI0|B017AGN1XO
10274,3,7,7,multi,extend,False,False,B002V1H0W2|B0132YMOQS|B015P0Q78I
102746,2,5,5,multi,extend,False,False,B00OKIFV3Y|B017YVPPTS
10275,2,6,6,multi,extend,False,False,B0132YMOQS|B015P0Q78I
102754,3,3,3,multi,extend,False,False,B00ANL563W|B00O3ZEBX0|B01B1GE6KG
102763,2,3,3,multi,extend,False,False,B00QXJX3QK|B00VEAA6U4
102772,4,15,15,hard,extend,False,False,B00PLUIR2C|B00QL8KUH8|B014EPFBS2|B01EESQ214
102773,3,14,14,multi,extend,False,False,B00PLUIR2C|B00QL8KUH8|B014EPFBS2
102774,3,12,12,multi,extend,False,False,B00PLUIR2C|B00QL8KUH8|B014EPFBS2
102782,1,4,4,single,seed,False,False,B00D7H9LIA
102783,2,10,10,multi,extend,False,False,B0007LTNXC|B00D7H9LIA
10279,2,2,2,multi,extend,False,False,B00CEQLJ8U|B01ARFWU46
102826,2,2,2,multi,extend,False,False,B015UA1O5Y|B0173QSFWS
10283,3,5,5,multi,extend,False,False,0373211627|B00IU2B9NM|B00J2SU880
10285,2,3,3,multi,extend,False,False,B0017D1GG6|B01CJ3N5F2
102855,3,7,7,multi,extend,False,False,B008BR9TZG|B017ZHBR7U|B01G9ZWONU
102856,4,8,8,hard,extend,False,False,B008BR9TZG|B017ZHBR7U|B01G96KXFK|B01G9ZWONU
102857,4,6,6,hard,extend,False,False,B008BR9TZG|B017ZHBR7U|B01G96KXFK|B01G9ZWONU
102866,2,5,5,multi,extend,False,False,B00A530C3M|B016RBU5TQ
102867,3,7,7,multi,extend,False,False,B00A0RHSJO|B00A530C3M|B016RBU5TQ
102868,3,6,6,multi,extend,False,False,B00A0RHSJO|B00A530C3M|B016RBU5TQ
102873,4,6,6,hard,extend,False,False,B0006SW71G|B00GI2Q530|B00VIKACYU|B01ANF7R9I
102874,4,5,5,hard,extend,False,False,B0006SW71G|B00GI2Q530|B00VIKACYU|B01ANF7R9I
102916,4,4,4,hard,extend,False,False,B00007GQLU|B00KB87RPC|B01873ZACY|B01BUURG3C
102918,3,3,3,multi,extend,False,False,1501112465|B01DKHG10W|B01FDPVXZC
102943,4,5,5,hard,extend,False,False,B0012PZI3Q|B006R5WHS0|B009398YIO|B01EFCZ1IE
102986,1,1,1,single,seed,False,False,B004CR4M5Q
102987,2,2,2,multi,extend,False,False,B004CR4M5Q|B01GESR1DA
102988,1,1,1,single,seed,False,False,B004CR4M5Q
103014,3,3,3,multi,extend,False,False,B0001NE76O|B00I5062X6|B015QZN6D6
103015,2,2,2,multi,eval,True,True,B0001NE76O|B00I5062X6
103016,3,3,3,multi,extend,False,False,B000XEGEWG|B00C1CRYLS|B00I5062X6
103022,4,4,4,hard,extend,False,False,B0061G4B6G|B00I5DFBEO|B00UKEW0YU|B01AXFQWMQ
103036,2,4,4,multi,extend,False,False,B007TOKUNM|B01DOIAFD6
103037,2,3,3,multi,extend,False,False,B007TOKUNM|B01DOIAFD6
103041,3,4,4,multi,extend,False,False,B0119TJ2ZE|B012MGTM9O|B013HNYV42
103044,3,3,3,multi,extend,False,False,B00DVEGCK4|B00GIF9YMQ|B00MZX4WRC
103045,2,2,2,multi,extend,False,False,B00DVEGCK4|B00MZX4WRC
10306,4,4,4,hard,extend,False,False,B000ZT12NK|B002P8JO0M|B00IF1VS7U|B011MIZMSS
10307,3,3,3,multi,extend,False,False,B000ZT12NK|B00IF1VS7U|B011MIZMSS
103077,3,3,3,multi,extend,False,False,013386295X|0321871863|B000AF0A78
10308,2,2,2,multi,extend,False,False,B000ZT12NK|B011MIZMSS
103082,4,5,5,hard,extend,False,False,B0016KABFC|B00G32J2BW|B00V3A619U|B01BVWV3RO
103083,3,3,3,multi,extend,False,False,B00G32J2BW|B00V3A619U|B01BVWV3RO
103084,2,2,2,multi,extend,False,False,B00G32J2BW|B01BVWV3RO
103126,2,4,4,multi,extend,False,False,B00HLEG79G|B00NJUT306
103127,2,3,3,multi,extend,False,False,B00HLEG79G|B00NJUT306
103128,3,6,6,multi,extend,False,False,B00HLEG79G|B00J5VK9FQ|B00NJUT306
103132,2,2,2,multi,extend,False,False,B00V3RIG8C|B016YFCTLC
103148,3,9,9,multi,extend,False,False,1465401970|B005IG2XGU|B00PD8H1WE
103160,3,6,6,multi,extend,False,False,B002JAKRAM|B002ZRQ2CQ|B00Y4QBK46
103168,4,4,4,hard,extend,False,False,B000EDQQCY|B00THGCHGS|B014JN1JX0|B0181ES16G
103173,4,38,38,hard,extend,False,False,B0006U2HD2|B003OAMFEC|B00M55BMBE|B01AA27YC4
103178,3,5,5,multi,extend,False,False,B007S69QAY|B00WDIDV44|B01E5BBFNA
103179,3,4,4,multi,extend,False,False,B007S69QAY|B00WDIDV44|B01E5BBFNA
103182,2,2,2,multi,extend,False,False,B004ZJIM16|B01BBRORPO
10319,3,3,3,multi,extend,False,False,B0030HK514|B00N1AG5AU|B01A73ZOS2
103203,2,2,2,multi,extend,False,False,B00DD6OD92|B00VTTZVEQ
103204,1,1,1,single,seed,False,False,B00VTTZVEQ
103205,2,2,2,multi,extend,False,False,B00VTTZVEQ|B01CHZXXR2
103233,1,2,2,single,seed,False,False,B000GG7UEW
103234,3,4,4,multi,extend,False,False,B000GG7UEW|B01ARRAXZW|B01F57T5BM
103238,2,3,3,multi,extend,False,False,B00J3NRAV2|B015RTTGRG
103239,3,4,4,multi,extend,False,False,B00J3NRAV2|B015RTTGRG|B01BHC5ZQ8
103240,4,5,5,hard,extend,False,False,B00J3NRAV2|B015RTTGRG|B01BHC5ZQ8|B01CRAB3P6
103249,3,11,11,multi,extend,False,False,B004Y9GTYE|B010LMLIA2|B0175B6NSY
10325,1,2,2,single,seed,False,False,B00YWD4V5Q
103250,3,9,9,multi,extend,False,False,B004Y9GTYE|B010LMLIA2|B0175B6NSY
103251,3,7,7,multi,extend,False,False,B004Y9GTYE|B010LMLIA2|B0175B6NSY
103259,1,1,1,single,eval,True,False,B01AKX0WJU
10326,2,3,3,multi,extend,False,False,B005PC6WRS|B00YWD4V5Q
103260,3,14,14,multi,extend,False,False,B00325D0WK|B00DTQ05RK|B01AKX0WJU
103261,3,9,9,multi,extend,False,False,B00325D0WK|B00DTQ05RK|B01AKX0WJU
10327,2,2,2,multi,extend,False,False,B00MGDLIL4|B015ZL27I6
103275,3,3,3,multi,extend,False,False,B00JCYODNA|B00QIMEOB0|B01B8962GW
103276,1,1,1,single,seed,False,False,B01B8962GW
103277,2,3,3,multi,extend,False,False,B00AJCNP2E|B01B8962GW
10328,3,4,4,multi,extend,False,False,B00UA2A0XK|B01BVZPJ3K|B01FAY5KGY
103281,4,9,9,hard,extend,False,False,1457187116|1616894598|B00ED3SUA2|B00WJPGSD2
103282,4,6,6,hard,extend,False,False,1457187116|1616894598|B00ED3SUA2|B00WJPGSD2
10329,4,9,9,hard,extend,False,False,B00IMJ2L62|B00NHQICQI|B01BVZPJ3K|B01FAY5KGY
103303,2,2,2,multi,extend,False,False,1880156067|B0000VLIH8
103304,3,3,3,multi,extend,False,False,1880156067|B00CH719ZE|B013X5NWBW
103305,2,2,2,multi,extend,False,False,1880156067|B013X5NWBW
103310,3,12,12,multi,extend,False,False,B00K4VZNBQ|B013SHHYE6|B015TC63LI
103311,3,10,10,multi,extend,False,False,B00K4VZNBQ|B013SHHYE6|B015TC63LI
103312,4,11,11,hard,extend,False,False,B00K4VZNBQ|B010VIP4LU|B013SHHYE6|B015TC63LI
103332,3,9,9,multi,extend,False,False,B00006IECI|B00YFQARNU|B0113ZOZB0
103333,3,8,8,multi,extend,False,False,B00006IECI|B00YFQARNU|B0113ZOZB0
103345,3,7,7,multi,extend,False,False,B00BLQDXWE|B00QMHOFQ0|B010XQXAAM
103346,4,8,8,hard,extend,False,False,B009NUE5YA|B00BLQDXWE|B00QMHOFQ0|B010XQXAAM
103347,3,7,7,multi,extend,False,False,B00BLQDXWE|B00QMHOFQ0|B010XQXAAM
103359,3,6,6,multi,extend,False,False,B00EYW9DSU|B012HDH4SS|B01BLDWRXM
103360,3,5,5,multi,extend,False,False,B00EYW9DSU|B012HDH4SS|B01BLDWRXM
103372,4,7,7,hard,extend,False,False,B000CQ23RA|B007LATTUO|B01765EWJG|B018Z0TE3K
103373,4,6,6,hard,extend,False,False,B000CQ23RA|B007LATTUO|B01765EWJG|B018Z0TE3K
103388,3,10,10,multi,extend,False,False,B00ICAKJJC|B00WH1R5CQ|B015W7SV7O
103389,3,9,9,multi,extend,False,False,B00ICAKJJC|B00WH1R5CQ|B015W7SV7O
103390,4,10,10,hard,extend,False,False,B00ICAKJJC|B00WH1R5CQ|B015W7SV7O|B01ARGBVY0
103396,2,3,3,multi,extend,False,False,B00J2DX6FM|B00YEGNX1Y
103397,3,4,4,multi,extend,False,False,B00J2DX6FM|B00OCEKCB2|B00YEGNX1Y
103398,2,3,3,multi,extend,False,False,B00J2DX6FM|B00YEGNX1Y
103401,3,3,3,multi,extend,False,False,B00004YMY5|B000P9TQCY|B00YU4CNBG
103402,4,6,6,hard,extend,False,False,B00004YMY5|B000P9TQCY|B00YU4CNBG|B01HED8S18
103426,2,3,3,multi,extend,False,False,B0095ZBUGY|B01AOAW5I0
103427,3,11,11,multi,extend,False,False,B006DR2BQU|B0095ZBUGY|B01AOAW5I0
103439,2,2,2,multi,extend,False,False,B01B65I77K|B01GH779I0
103442,1,1,1,single,seed,False,False,B005MHRK5Y
103444,2,2,2,multi,extend,False,False,B0049U493Q|B011J4CC9W
103445,3,3,3,multi,extend,False,False,B0049U493Q|B011J4CC9W|B01ACTJZX6
103446,2,2,2,multi,extend,False,False,B0049U493Q|B011J4CC9W
103454,2,4,4,multi,extend,False,False,B0000CF3UW|B00NLLUMOE
103455,2,3,3,multi,extend,False,False,B0000CF3UW|B00NLLUMOE
103456,3,4,4,multi,extend,False,False,B0000CF3UW|B006AXRRM0|B00NLLUMOE
103463,2,4,4,multi,extend,False,False,B0077B3L42|B011Q0QLDM
103464,1,3,3,single,seed,False,False,B011Q0QLDM
103476,2,7,7,multi,extend,False,False,B0028Y4CV4|B014AHMNWG
103477,3,9,9,multi,extend,False,False,B0028Y4CV4|B0033UTJ4W|B014AHMNWG
103478,2,7,7,multi,extend,False,False,B0028Y4CV4|B014AHMNWG
103480,3,3,3,multi,extend,False,False,B00V06KIPA|B00WIWXQYK|B01A1CZBAK
103481,2,2,2,multi,extend,False,False,B00V06KIPA|B00WIWXQYK
103507,3,5,5,multi,extend,False,False,B001DHC2LO|B002T2MS1Q|B018U3T7MA
103528,1,2,2,single,seed,False,False,B00MVMCF26
103536,3,3,3,multi,extend,False,False,B008Y23698|B00M1NEUKK|B010HWDPKW
103538,2,5,5,multi,extend,False,False,B009C06HWO|B00YDAYOK0
103545,2,3,3,multi,extend,False,False,B0038W0K2K|B0108JQHMC
103546,3,6,6,multi,extend,False,False,B0038W0K2K|B0108JQHMC|B01A69EGS6
103547,2,4,4,multi,extend,False,False,B0108JQHMC|B01A69EGS6
103548,3,3,3,multi,extend,False,False,B00I3L4LF8|B00P9W4GJA|B00PF8ACFU
103549,2,2,2,multi,extend,False,False,B00I3L4LF8|B00PF8ACFU
103550,2,4,4,multi,extend,False,False,B00TF8Z7ZG|B01BA8EWT0
103551,3,5,5,multi,extend,False,False,B00TF8Z7ZG|B00XENF9LK|B01BA8EWT0
103552,4,9,9,hard,extend,False,False,B000WWICJC|B00TF8Z7ZG|B00XENF9LK|B01BA8EWT0
103559,4,5,5,hard,extend,False,False,B004T194Y4|B00EC9JERA|B00FJRS5BA|B00WE6BS8Q
103560,3,4,4,multi,extend,False,False,B004T194Y4|B00EC9JERA|B00WE6BS8Q
103561,4,5,5,hard,extend,False,False,B004T194Y4|B00EC9JERA|B00WE6BS8Q|B01HC5X66A
103565,2,5,5,multi,extend,False,False,B008BI7AZG|B00J7SS8G4
10358,3,5,5,multi,extend,False,False,B000068OEO|B00A121WN6|B01EOFUJE8
10359,2,4,4,multi,extend,False,False,B000068OEO|B01EOFUJE8
103594,2,2,2,multi,extend,False,False,B0006IX7YW|B00JOEAJ2M
10360,3,6,6,multi,extend,False,False,B000068OEO|B00YUWUPMM|B01EOFUJE8
103600,2,2,2,multi,extend,False,False,B00GWCEZ60|B00SB6SOSK
103601,1,1,1,single,seed,False,False,B00GWCEZ60
103602,2,2,2,multi,extend,False,False,B000BUOSC0|B00GWCEZ60
103603,4,4,4,hard,extend,False,False,0073403253|B00PV0FTIM|B013SUNQT0|B01EKCR16O
103612,3,5,5,multi,extend,False,False,B0006U2HD2|B002BH3N2C|B00OKCRZ7A
103613,4,7,7,hard,extend,False,False,B00006IFIA|B0006U2HD2|B002BH3N2C|B00OKCRZ7A
103620,1,2,2,single,seed,False,False,B01B03FAN2
103621,2,5,5,multi,extend,False,False,B017HA3SQ8|B01B03FAN2
103622,2,4,4,multi,extend,False,False,B017HA3SQ8|B01B03FAN2
10363,4,8,8,hard,extend,False,False,0078112699|0716758407|B004L6Q2UQ|B01C6WE640
10364,3,7,7,multi,extend,False,False,0078112699|0716758407|B01C6WE640
103640,4,4,4,hard,extend,False,False,1305101960|B001AMHPNM|B00ZSKTQB6|B018V4ODMC
103641,3,3,3,multi,extend,False,False,1305101960|B00ZSKTQB6|B018V4ODMC
103647,2,2,2,multi,extend,False,False,B00B7BRXLA|B00N1NFW2Y
103648,3,3,3,multi,extend,False,False,B00B7BRXLA|B00N1NFW2Y|B01F2Z464I
103662,4,9,9,hard,extend,False,False,B00MN7IN8O|B00W663FNA|B0158GLN9W|B01EQFMG06
103663,3,8,8,multi,extend,False,False,B00W663FNA|B0158GLN9W|B01EQFMG06
103674,4,5,5,hard,extend,False,False,B0034XRDUA|B00QHPOHSS|B0199R4EQ0|B01CUSC0T8
103691,1,7,7,single,seed,False,False,B00ZYN9AG8
103692,2,8,8,multi,extend,False,False,B0029NIO1S|B00ZYN9AG8
103693,1,7,7,single,seed,False,False,B00ZYN9AG8
103703,4,7,7,hard,extend,False,False,B001JL4LZ4|B0057FQCNC|B006ZT4VA0|B00L8OEHEM
103704,4,6,6,hard,extend,False,False,B001JL4LZ4|B0057FQCNC|B006ZT4VA0|B00L8OEHEM
103705,3,5,5,multi,extend,False,False,B001JL4LZ4|B006ZT4VA0|B00L8OEHEM
103742,3,3,3,multi,extend,False,False,B004Y957W4|B00KJ6R364|B00OQHV9R6
103743,4,4,4,hard,extend,False,False,B004Y957W4|B00IFWSO94|B00KJ6R364|B00OQHV9R6
103750,2,2,2,multi,extend,False,False,B01ABSO6VY|B01AXI796G
103763,2,6,6,multi,extend,False,False,B0000DBMMO|B00IWU5MDK
103764,1,2,2,single,seed,False,False,B00IWU5MDK
103765,3,5,5,multi,extend,False,False,B00IWU5MDK|B00W9AH4CQ|B01BFC7RWU
103772,2,7,7,multi,extend,False,False,B016PARZEC|B01CCVD8OY
103773,2,6,6,multi,extend,False,False,B016PARZEC|B01CCVD8OY
103774,2,5,5,multi,extend,False,False,B016PARZEC|B01CCVD8OY
103781,4,4,4,hard,extend,False,False,B00ASJOCDO|B00N4OSR8Q|B010MVQHR6|B01D3BPZ0M
103816,3,11,11,multi,extend,False,False,B008L2ZNJW|B00DQR63BE|B01CINH4QO
103817,3,10,10,multi,extend,False,False,B008L2ZNJW|B00DQR63BE|B01CINH4QO
103818,3,9,9,multi,extend,False,False,B008L2ZNJW|B00DQR63BE|B01CINH4QO
103822,3,8,8,multi,extend,False,False,0735337705|B00006JNK2|B01FEXRJ3S
103825,2,7,7,multi,extend,False,False,0983824398|B00CN5Y0IS
103826,3,8,8,multi,extend,False,False,0983824398|1629115320|B00CN5Y0IS
103827,4,10,10,hard,extend,False,False,0983824398|1629115320|B00CN5Y0IS|B019U00D7K
103846,3,3,3,multi,extend,False,False,B009NE7B06|B00ROBPGWK|B00V6BRNEI
103847,2,2,2,multi,extend,False,False,B00ROBPGWK|B00V6BRNEI
103848,4,6,6,hard,extend,False,False,B00FFYX0OO|B00JGV8FGU|B00ROBPGWK|B00V6BRNEI
103852,3,3,3,multi,extend,False,False,B002U71NCU|B00A9WP13U|B00HHQVTO6
103853,4,4,4,hard,extend,False,False,B002U71NCU|B00A9WP13U|B00FEKJ3XQ|B00HHQVTO6
103854,3,3,3,multi,extend,False,False,B002U71NCU|B00A9WP13U|B00HHQVTO6
103855,4,9,9,hard,extend,False,False,B00418V2X6|B00LA10KJ4|B00TZF8EJK|B018I8LMX4
103873,4,7,7,hard,extend,False,False,B007RDMWFY|B00D9NV2D4|B00RY3MXAG|B00ZKAE1GY
103874,3,6,6,multi,extend,False,False,B007RDMWFY|B00RY3MXAG|B00ZKAE1GY
103884,2,8,8,multi,extend,False,False,B00512J84G|B017J4XSNK
10389,3,4,4,multi,extend,False,False,B004OZTQ8Y|B00DOAH0RO|B00FH2ZQ9Q
103896,1,1,1,single,seed,False,False,B004MF4RNK
103897,2,4,4,multi,extend,False,False,B004MF4RNK|B00CI6J5JQ
103898,3,14,14,multi,extend,False,False,B004MF4RNK|B00CI6J5JQ|B00YHY10XQ
10390,3,3,3,multi,extend,False,False,B004OZTQ8Y|B00DOAH0RO|B00FH2ZQ9Q
103900,2,2,2,multi,extend,False,False,B00FYOMSMA|B00O6UCXUK
103907,2,3,3,multi,extend,False,False,B005DKKBUG|B00TLRT3YC
103908,2,14,14,multi,extend,False,False,B005DKKBUG|B00MW8WN6W
103912,4,5,5,hard,extend,False,False,B000HFAL3O|B00152TXDM|B00RI7GKVG|B01GJIC6U8
103913,4,4,4,hard,extend,False,False,B000HFAL3O|B00152TXDM|B00RI7GKVG|B01GJIC6U8
103914,3,3,3,multi,extend,False,False,B000HFAL3O|B00RI7GKVG|B01GJIC6U8
103925,2,3,3,multi,extend,False,False,B00E4KLY34|B01AWGZKT2
103926,2,3,3,multi,extend,False,False,B00KI11P96|B0155MAUKW
103927,2,2,2,multi,extend,False,False,B00U33Q940|B0155MAUKW
103928,3,3,3,multi,extend,False,False,B00U33Q940|B0155MAUKW|B017LOOBQG
103929,2,2,2,multi,extend,False,False,B018WWO2SS|B01FWPZDWM
103930,3,4,4,multi,extend,False,False,B003V5V5J6|B018WWO2SS|B01FWPZDWM
103939,3,11,11,multi,extend,False,False,B00LIRSYYI|B00X7JUN0I|B01DW9H30U
103940,3,10,10,multi,extend,False,False,B00LIRSYYI|B00X7JUN0I|B01DW9H30U
103941,3,9,9,multi,extend,False,False,B00LIRSYYI|B00X7JUN0I|B01DW9H30U
103966,2,2,2,multi,extend,False,False,B00DROOO0I|B00HN2BUOI
103967,3,3,3,multi,extend,False,False,B00DROOO0I|B00HN2BUOI|B01AK9RFL2
103970,1,1,1,single,seed,False,False,B014JNP2G0
103971,2,5,5,multi,extend,False,False,B00023N7TG|B014JNP2G0
103972,2,4,4,multi,extend,False,False,B00023N7TG|B014JNP2G0
103973,3,8,8,multi,extend,False,False,B0009T6EA2|B001COAL20|B015MSO7FI
103974,3,7,7,multi,extend,False,False,B0009T6EA2|B001COAL20|B015MSO7FI
103975,3,6,6,multi,extend,False,False,B0009T6EA2|B001COAL20|B015MSO7FI
103983,3,3,3,multi,eval,True,True,B000H0ZJIG|B00I150K74|B00XQSL9Q2
103984,2,2,2,multi,extend,False,False,B000H0ZJIG|B00I150K74
103985,3,3,3,multi,extend,False,False,B000H0ZJIG|B00I150K74|B014R8GVQC
103997,1,1,1,single,seed,False,False,B01DLXHOCE
104017,4,5,5,hard,extend,False,False,B000WYANAG|B00M3P7KEE|B00O7TS1H4|B00U8ZZLVK
104020,2,2,2,multi,extend,False,False,B002Y27JYM|B00O56SLRY
104021,3,3,3,multi,extend,False,False,B002Y27JYM|B00O56SLRY|B015FOTW22
104028,2,2,2,multi,extend,False,False,B000C2O8UE|B017SJKYQ0
104029,1,1,1,single,seed,False,False,B017SJKYQ0
104034,2,2,2,multi,eval,True,True,B0012XIUP6|B002JOVUO0
104035,1,1,1,single,seed,False,False,B0012XIUP6
104040,4,13,13,hard,eval,True,True,B00C1WELFU|B00JB12N7M|B011TCF0OS|B01A2I5GH6
104041,4,5,5,hard,extend,False,False,B00C1WELFU|B00JB12N7M|B011TCF0OS|B01A2I5GH6
104042,4,6,6,hard,extend,False,False,B00C1WELFU|B00GKD1EXI|B00JB12N7M|B011TCF0OS
104055,2,2,2,multi,extend,False,False,B003EVOAOO|B01ALDG07W
104056,3,4,4,multi,extend,False,False,B003EVOAOO|B003KR1K4A|B01ALDG07W
104057,3,3,3,multi,extend,False,False,B003EVOAOO|B003KR1K4A|B01ALDG07W
104060,1,1,1,single,seed,False,False,B00B80JSHC
104061,2,11,11,multi,extend,False,False,B00B80JSHC|B01BA1KY1W
104062,2,9,9,multi,extend,False,False,B00B80JSHC|B01BA1KY1W
104079,3,3,3,multi,extend,False,False,B00JH8M2D4|B014AHHYTS|B017O894I4
104098,3,3,3,multi,extend,False,False,B001G7R3P6|B00PS1FA8S|B01CJ27PWC
104099,2,2,2,multi,extend,False,False,0764350366|B00SNLWJGQ
10410,2,2,2,multi,extend,False,False,B0013306JI|B002V94VP8
104100,3,3,3,multi,extend,False,False,0764350366|1409303187|B00SNLWJGQ
104104,3,3,3,multi,extend,False,False,B004HIZFPQ|B00GLIX72S|B00NH11PEY
10411,3,3,3,multi,extend,False,False,B0007WLCKS|B0013306JI|B002V94VP8
104115,2,9,9,multi,extend,False,False,B00CBPAPZW|B01CKGEMU0
104116,2,3,3,multi,extend,False,False,B014LNQMPS|B01D21AGUM
104117,2,2,2,multi,extend,False,False,B014LNQMPS|B01D21AGUM
104140,2,5,5,multi,extend,False,False,B00C8Z40QU|B01ASV6DAQ
104153,3,5,5,multi,extend,False,False,B00B7CKL1I|B00KVL0SIM|B01DFAK64G
104154,3,4,4,multi,extend,False,False,B00B7CKL1I|B00KVL0SIM|B01DFAK64G
104162,2,4,4,multi,extend,False,False,B000NSL9YK|B00P2SNBZQ
104163,3,5,5,multi,extend,False,False,B0002NY7HM|B000NSL9YK|B00P2SNBZQ
104164,2,3,3,multi,extend,False,False,B000NSL9YK|B00P2SNBZQ
104188,2,3,3,multi,extend,False,False,B0181MMZUG|B01AFLDIRK
104189,1,2,2,single,seed,False,False,B0181MMZUG
104190,3,4,4,multi,extend,False,False,B00FB45SI4|B00IB9P1KG|B0181MMZUG
104192,3,3,3,multi,extend,False,False,B001BLXENC|B005188T90|B011WNKWII
104195,2,2,2,multi,extend,False,False,B00HUG0JB2|B01DEUZPSE
104196,3,3,3,multi,extend,False,False,B0002INOL2|B00HUG0JB2|B01DEUZPSE
104197,2,2,2,multi,extend,False,False,B00HUG0JB2|B01DEUZPSE
104198,2,3,3,multi,eval,True,True,B0028QISNK|B015IEM9ME
104199,1,2,2,single,seed,False,False,B015IEM9ME
104200,2,4,4,multi,extend,False,False,B015IEM9ME|B01ANMNT20
104245,4,5,5,hard,extend,False,False,B000CJ24YY|B001QF3VJA|B00KGU9UHS|B00KP4R2RK
104246,3,4,4,multi,extend,False,False,B000CJ24YY|B00KGU9UHS|B00KP4R2RK
104247,2,3,3,multi,extend,False,False,B000CJ24YY|B00KP4R2RK
104257,3,11,11,multi,extend,False,False,B0019GW3G8|B00AOAFUC4|B017RLT1C2
104258,3,10,10,multi,eval,True,True,B0019GW3G8|B00AOAFUC4|B017RLT1C2
104259,3,9,9,multi,extend,False,False,B0019GW3G8|B00AOAFUC4|B017RLT1C2
104288,1,1,1,single,seed,False,False,B00HUWTYGC
104289,2,2,2,multi,extend,False,False,B00CA0PCH4|B00HUWTYGC
104290,1,1,1,single,seed,False,False,B00HUWTYGC
104297,3,9,9,multi,extend,False,False,B002I6HW6Y|B019UGWNMM|B01DZ6W0CG
104298,3,8,8,multi,extend,False,False,B002I6HW6Y|B019UGWNMM|B01DZ6W0CG
104299,3,7,7,multi,extend,False,False,B002I6HW6Y|B019UGWNMM|B01DZ6W0CG
10431,2,4,4,multi,extend,False,False,B00FI6T7NM|B01ATYIK7G
104326,4,4,4,hard,extend,False,False,B000HKMXTO|B00HVCMCNI|B00HY0NXJ4|B011MIV3EU
104333,2,2,2,multi,extend,False,False,B00BXQW2W4|B014RBSMCU
104334,1,1,1,single,seed,False,False,B014RBSMCU
104335,2,3,3,multi,extend,False,False,B014RBSMCU|B01GE2ZHNM
104338,3,3,3,multi,extend,False,False,B001KCFE8U|B004WCTQIO|B00LFL88ZC
104339,2,2,2,multi,extend,False,False,B001KCFE8U|B004WCTQIO
10434,2,3,3,multi,extend,False,False,B004AKHOXW|B00TTX5T64
104344,2,4,4,multi,extend,False,False,B003ZZY8NM|B0040PG24Y
104345,2,2,2,multi,extend,False,False,B003ZZY8NM|B0040PG24Y
104346,1,1,1,single,seed,False,False,B003ZZY8NM
104354,4,5,5,hard,extend,False,False,B0041FVR9I|B00T3WQNS4|B01BFNZTM4|B01G8FBGDA
104358,2,2,2,multi,extend,False,False,B003SQSUHI|B018V4ODMC
104360,4,4,4,hard,extend,False,False,B000255N00|B008BCPZK4|B012E3KH12|B019WYSCNQ
104361,3,3,3,multi,extend,False,False,B008BCPZK4|B012E3KH12|B019WYSCNQ
104362,2,3,3,multi,extend,False,False,B00E9ARA96|B01EO5BCR6
104363,2,2,2,multi,extend,False,False,B00E9ARA96|B01EO5BCR6
104394,4,7,7,hard,extend,False,False,B00AEXKR4C|B014KQ7YO4|B015OVRRBY|B016TEKJII
10440,2,4,4,multi,extend,False,False,B00ATSOD7O|B016OV18U4
10441,2,3,3,multi,extend,False,False,B00ATSOD7O|B016OV18U4
104410,2,3,3,multi,extend,False,False,B011ECQ1MS|B01E53TNKU
104411,3,4,4,multi,extend,False,False,B011ECQ1MS|B01E53TNKU|B01FSLKGJ0
104412,2,3,3,multi,extend,False,False,B011ECQ1MS|B01E53TNKU
104417,4,9,9,hard,extend,False,False,B008X6RGZK|B00B43LKV0|B00SFX2VXI|B01EG9M9MC
104418,4,8,8,hard,extend,False,False,B008X6RGZK|B00B43LKV0|B00SFX2VXI|B01EG9M9MC
104427,2,2,2,multi,extend,False,False,B013TR5MQM|B01AY144JM
10443,2,2,2,multi,eval,True,True,B010QBO8FA|B0199SXF96
10444,3,8,8,multi,extend,False,False,B010QBO8FA|B0199SXF96|B01D1CWG0K
104445,3,3,3,multi,extend,False,False,0972428216|B000SDIO3E|B01D8Z06KM
10445,3,7,7,multi,extend,False,False,B010QBO8FA|B0199SXF96|B01D1CWG0K
104463,3,4,4,multi,extend,False,False,B0007ZULSY|B00ND5ZC0W|B00ZF8U53E
104464,2,3,3,multi,extend,False,False,B0007ZULSY|B00ND5ZC0W
104465,1,2,2,single,seed,False,False,B0007ZULSY
104466,2,5,5,multi,extend,False,False,B00CBPAPZW|B00Z9O205K
104467,4,7,7,hard,extend,False,False,B00CBPAPZW|B00DP5KX72|B00Z9O205K|B011W0SQB6
104470,2,5,5,multi,extend,False,False,B016NGBY8G|B01766QDTC
104478,3,3,3,multi,extend,False,False,B000I0396E|B00EKPHGQM|B00HRSWRHW
104493,1,1,1,single,seed,False,False,B00Y20CUVG
104494,2,4,4,multi,extend,False,False,B00Y20CUVG|B00ZYK2BJY
104495,3,3,3,multi,extend,False,False,B000A3TA7G|B0027OZWNM|B016KDLSII
10450,3,4,4,multi,extend,False,False,B0053XYM12|B00GXKUROK|B00OILMEI8
104502,4,4,4,hard,extend,False,False,B001RO8MNK|B00ZZN57D2|B010NE3HUM|B01B7P0MRM
10451,4,5,5,hard,extend,False,False,B0053XYM12|B00GXKUROK|B00OILMEI8|B017WNRSMU
104518,3,7,7,multi,extend,False,False,B004LKRRBU|B0192ZH6PU|B01BSO9QWY
104521,1,2,2,single,eval,True,False,B01FVGCBAY
104541,2,8,8,multi,extend,False,False,B00002N6RV|B00N82WTNS
104542,2,7,7,multi,extend,False,False,B00002N6RV|B00N82WTNS
104543,2,6,6,multi,extend,False,False,B00002N6RV|B00N82WTNS
104560,1,1,1,single,seed,False,False,B00N3R9TAE
104561,3,6,6,multi,extend,False,False,B007Q304S2|B00N3R9TAE|B00R8ZUXTI
104562,2,5,5,multi,extend,False,False,B00N3R9TAE|B00R8ZUXTI
104563,3,4,4,multi,extend,False,False,B0002YRVS8|B0002YS9IO|B00MY5R5IE
104564,3,10,10,multi,extend,False,False,0393352730|B0002YS9IO|B00MY5R5IE
104572,2,3,3,multi,extend,False,False,B00BM0S0RW|B00SP6G0HS
104589,3,3,3,multi,extend,False,False,B004HZB32S|B00D1L0BU4|B00VRAMCF8
104590,1,4,4,single,seed,False,False,B00AHAJ80Q
104591,2,8,8,multi,extend,False,False,B00005A43X|B00AHAJ80Q
104600,2,5,5,multi,extend,False,False,B00XLVBL4O|B015Q5MZUQ
104606,3,3,3,multi,extend,False,False,B002CQU596|B003SQSUHI|B00HXPIPOS
104607,2,2,2,multi,extend,False,False,B01ASVDR8M|B01CNAY8DE
104612,4,4,4,hard,extend,False,False,0321909100|0761908943|1305084764|B019U00D7K
104613,3,3,3,multi,extend,False,False,0321909100|0761908943|1305084764
104614,4,5,5,hard,extend,False,False,0321909100|0761908943|1305084764|B0000VOOXI
104616,2,2,2,multi,extend,False,False,B002T2MS1Q|B002X7LN72
104617,3,3,3,multi,extend,False,False,B002T2MS1Q|B002X7LN72|B00C5FK7OW
104627,3,5,5,multi,extend,False,False,B002N6F2UW|B00PRR1VFY|B01BFOHQEW
104628,4,7,7,hard,extend,False,False,B002N6F2UW|B003YMX0W6|B00AA916UE|B00PRR1VFY
104629,4,6,6,hard,extend,False,False,B002N6F2UW|B003YMX0W6|B00AA916UE|B00PRR1VFY
104647,4,8,8,hard,extend,False,False,B00006WNMJ|B000B4N0PC|B00OO9ZUFS|B01DLDDTTG
104657,4,5,5,hard,extend,False,False,B002LNVD8M|B007TM4DJ6|B00LN0EVS8|B00NTJXXW6
104658,3,4,4,multi,extend,False,False,B007TM4DJ6|B00LN0EVS8|B00NTJXXW6
104663,1,1,1,single,seed,False,False,B00LLIM5L2
104664,2,2,2,multi,extend,False,False,B00EVYJKKM|B00LLIM5L2
104665,3,4,4,multi,extend,False,False,B000WFPJIG|B00EVYJKKM|B00LLIM5L2
104685,2,5,5,multi,extend,False,False,0553384112|B01F2YEGYO
104686,2,3,3,multi,extend,False,False,0553384112|B01F2YEGYO
104687,3,4,4,multi,extend,False,False,0553384112|B0047TIQH4|B01F2YEGYO
104695,2,2,2,multi,extend,False,False,B0150O8DCC|B01F8T38ZG
104696,3,3,3,multi,extend,False,False,B00485XSQ6|B0150O8DCC|B01F8T38ZG
104708,4,6,6,hard,extend,False,False,B000078UWA|B0030EY9ZK|B00FH2ZQ9Q|B00JPLTM3Q
104713,3,4,4,multi,extend,False,False,B004Q04X44|B004VRFLU2|B00NLNDO6K
104723,3,4,4,multi,extend,False,False,B001GPCRXQ|B004MG9YYQ|B00Q3N4NT2
104729,2,2,2,multi,extend,False,False,B001UFQNF0|B005DKKBUG
104733,3,5,5,multi,extend,False,False,B0030UF6EW|B00376ZEY6|B01ABWFJIE
104734,2,4,4,multi,extend,False,False,B0030UF6EW|B00376ZEY6
104739,3,6,6,multi,extend,False,False,B00B6ERHNC|B00FK73SGQ|B00U2UZ40Y
104740,2,5,5,multi,extend,False,False,B00B6ERHNC|B00U2UZ40Y
104741,2,4,4,multi,extend,False,False,B00B6ERHNC|B00U2UZ40Y
104773,4,4,4,hard,extend,False,False,B000JWK42S|B001OO3JC2|B00AQ64BG2|B014WTJGL8
104782,4,7,7,hard,extend,False,False,B0046IH17M|B007BPO2HE|B00PQKQ22Y|B01CTZ85UU
104787,4,10,10,hard,extend,False,False,B001QVMTKQ|B0043DSGX8|B00CHHKRDE|B019XA5714
104788,4,9,9,hard,extend,False,False,B001QVMTKQ|B0043DSGX8|B00CHHKRDE|B019XA5714
104789,4,8,8,hard,extend,False,False,B001QVMTKQ|B0043DSGX8|B00CHHKRDE|B019XA5714
104827,3,8,8,multi,extend,False,False,B000YZ7CR0|B001QF9C5C|B014MQ905S
104834,2,2,2,multi,extend,False,False,B000FRVOPI|B000GG2HOU
104835,3,3,3,multi,extend,False,False,B000FRVOPI|B000GG2HOU|B01BZXVULI
104838,2,3,3,multi,extend,False,False,B00IEGIV4O|B012HNYBI4
104839,2,2,2,multi,extend,False,False,B00IEGIV4O|B012HNYBI4
104840,3,4,4,multi,extend,False,False,B00C48QHJO|B00IEGIV4O|B012HNYBI4
104857,2,4,4,multi,extend,False,False,B00KLE93K8|B010NQL8BA
104858,3,5,5,multi,extend,False,False,B00KLE93K8|B010NQL8BA|B01GURWUUY
104859,2,4,4,multi,extend,False,False,B00KLE93K8|B010NQL8BA
10486,2,7,7,multi,extend,False,False,B00S2G09ZU|B00VHA3ZXQ
104864,4,5,5,hard,extend,False,False,B003RBB2PQ|B0055OUGUU|B00EC2CKW8|B015TC63LI
104865,3,3,3,multi,extend,False,False,B003RBB2PQ|B00EC2CKW8|B015TC63LI
104866,4,8,8,hard,extend,False,False,B003RBB2PQ|B00EC2CKW8|B015TC63LI|B016S3D8B0
10487,2,6,6,multi,extend,False,False,B00S2G09ZU|B00VHA3ZXQ
104874,4,5,5,hard,extend,False,False,B000WFS9G0|B00M1VN1MA|B011HILGLK|B01EXYXM94
104875,3,4,4,multi,extend,False,False,B000WFS9G0|B00M1VN1MA|B01EXYXM94
104909,2,3,3,multi,extend,False,False,B00008LMB5|B00C7HM818
104910,1,2,2,single,seed,False,False,B00008LMB5
104911,2,14,14,multi,extend,False,False,B00008LMB5|B00WUKULAC
10492,3,3,3,multi,extend,False,False,B00YNKCWWC|B01B65IHC0|B01C494FT6
10493,2,2,2,multi,extend,False,False,B01B65IHC0|B01C494FT6
104932,3,3,3,multi,extend,False,False,B0017D10WQ|B00ER0N3Y4|B00KW85P5K
104933,2,2,2,multi,extend,False,False,B00ER0N3Y4|B00KW85P5K
104934,3,3,3,multi,extend,False,False,B003VSELJE|B00ER0N3Y4|B00KW85P5K
104940,3,3,3,multi,extend,False,False,B00P73B1E4|B00U8K89ZK|B013TD2NTA
104941,4,4,4,hard,extend,False,False,B00269EHNE|B00P73B1E4|B00U8K89ZK|B013TD2NTA
104943,3,3,3,multi,extend,False,False,B009T45XNM|B00YNNI4BW|B01ETAXSPU
104944,2,2,2,multi,extend,False,False,B009T45XNM|B00YNNI4BW
104945,3,4,4,multi,extend,False,False,B006QB1RPY|B009T45XNM|B00YNNI4BW
104960,3,11,11,multi,extend,False,False,B004QQ9LVS|B00A2S7ZGW|B01B508K8M
104961,4,12,12,hard,extend,False,False,B004QQ9LVS|B00502E1QC|B00A2S7ZGW|B01B508K8M
104962,4,11,11,hard,extend,False,False,B004QQ9LVS|B00502E1QC|B00A2S7ZGW|B01B508K8M
104964,4,5,5,hard,extend,False,False,B009MIYE94|B01EA5U0Q4|B01F4SP2V4|B01FVSLYLO
104974,3,3,3,multi,extend,False,False,B004S5SYRE|B008R6Q9E0|B00WDG9XC0
104975,4,4,4,hard,extend,False,False,B000BRBQGE|B004S5SYRE|B008R6Q9E0|B00WDG9XC0
104976,3,3,3,multi,extend,False,False,B004S5SYRE|B008R6Q9E0|B00WDG9XC0
104977,1,1,1,single,seed,False,False,B00T5TUCTQ
104978,2,2,2,multi,extend,False,False,B00005OARN|B00T5TUCTQ
104979,1,1,1,single,seed,False,False,B00T5TUCTQ
104986,3,6,6,multi,extend,False,False,B004T395J6|B01ANP246Y|B01B8N9PGM
104994,2,3,3,multi,extend,False,False,B003VWU2WA|B00BFUDKPG
104995,1,2,2,single,seed,False,False,B003VWU2WA
105033,2,5,5,multi,extend,False,False,B00I03L3BO|B0186DR9VA
105044,2,2,2,multi,extend,False,False,B0057FSSCU|B016J97WXS
105045,3,16,16,multi,extend,False,False,B0057FSSCU|B016J97WXS|B01866H2OG
105046,3,8,8,multi,extend,False,False,B0057FSSCU|B016J97WXS|B01866H2OG
105057,2,2,2,multi,extend,False,False,B00107I9XM|B003OOCT08
105058,1,1,1,single,seed,False,False,B00107I9XM
105059,2,2,2,multi,extend,False,False,B00107I9XM|B019O3V228
105066,2,4,4,multi,extend,False,False,B0050I7KQ4|B00GJ1ZNXI
105067,4,6,6,hard,extend,False,False,B0050I7KQ4|B0086GHGH0|B00GJ1ZNXI|B00LXHJAAA
105068,3,5,5,multi,extend,False,False,B003VAT976|B01CCHHOIE|B01DYYZD8W
105084,2,3,3,multi,extend,False,False,B01C0MYJR0|B01D70SPEM
10509,3,5,5,multi,extend,False,False,B0024S29C8|B002GDLUTE|B01A7PYVS4
105103,2,2,2,multi,extend,False,False,B00QEGP4JQ|B013WFRZGQ
105114,2,2,2,multi,extend,False,False,B00C7W5B12|B00XJS9LIW
105115,4,4,4,hard,extend,False,False,B004TEVQX8|B00C7W5B12|B00XJS9LIW|B01ANMO71M
105116,3,3,3,multi,extend,False,False,B004TEVQX8|B00C7W5B12|B00XJS9LIW
105123,3,5,5,multi,extend,False,False,B00BYVYHJ4|B00EB4ADQW|B00M2JBBJG
105124,2,4,4,multi,extend,False,False,B00EB4ADQW|B00M2JBBJG
105126,2,2,2,multi,extend,False,False,B00PCZJYWS|B01DPUFUDI
105127,1,1,1,single,seed,False,False,B01DPUFUDI
10513,2,2,2,multi,extend,False,False,B00RZIGZPO|B011ZJASD8
105134,3,7,7,multi,extend,False,False,B00FWXURGW|B00SCBWF52|B01ANMUMWU
10514,3,3,3,multi,extend,False,False,B00RVPUADO|B00RZIGZPO|B011ZJASD8
105189,1,1,1,single,seed,False,False,B00WJPGSD2
10520,3,5,5,multi,extend,False,False,B003F2QD2Y|B012MGT7IA|B0196HUMCS
105201,2,2,2,multi,extend,False,False,B00JKQ81ZQ|B018DWZS12
105204,4,5,5,hard,extend,False,False,B00HA4XMYK|B00J0EKV3I|B00XHXAX5E|B013FQL3FG
105205,3,4,4,multi,extend,False,False,B00HA4XMYK|B00J0EKV3I|B00XHXAX5E
105207,4,7,7,hard,extend,False,False,B001CTK55I|B002UOSWE0|B00N1PV46A|B01BCOBNNK
10523,2,3,3,multi,extend,False,False,B00OWR51XI|B00YAZF84Y
105231,1,2,2,single,eval,True,False,B01AWENDJS
105238,4,4,4,hard,extend,False,False,B00015UC5M|B000NUAFF2|B0160DK70I|B01BFKWTQG
10524,3,4,4,multi,extend,False,False,B00OWR51XI|B00V8NEV9Y|B00YAZF84Y
105259,4,10,10,hard,extend,False,False,B0027A3CDS|B0099ZDX2O|B00UNIBNVE|B0155BVTXA
105260,4,8,8,hard,extend,False,False,B0027A3CDS|B0099ZDX2O|B00UNIBNVE|B0155BVTXA
105261,4,7,7,hard,extend,False,False,B0027A3CDS|B0099ZDX2O|B00UNIBNVE|B0155BVTXA
105265,2,2,2,multi,extend,False,False,B000GVKJDQ|B00452V1WA
105266,1,1,1,single,seed,False,False,B00452V1WA
105267,2,2,2,multi,extend,False,False,B00452V1WA|B01F69GHWY
105277,2,2,2,multi,extend,False,False,B00KAWSJUQ|B01F36HZZI
105278,1,1,1,single,seed,False,False,B01F36HZZI
10528,3,3,3,multi,extend,False,False,B00JE9Y20W|B00POMR3KE|B01C4SXVLK
105282,2,2,2,multi,extend,False,False,B00BB53K1O|B00R1G9782
105283,4,4,4,hard,extend,False,False,B0013K2ZD6|B002E01MHY|B00BB53K1O|B00R1G9782
10529,2,2,2,multi,extend,False,False,B00JE9Y20W|B01C4SXVLK
105292,1,2,2,single,seed,False,False,B00KX7VW2U
105293,2,3,3,multi,extend,False,False,B008UQINX2|B00KX7VW2U
105294,3,4,4,multi,extend,False,False,B008H6R5FC|B00KX7VW2U|B01BLZ44J0
105298,3,4,4,multi,extend,False,False,B003NQZMTC|B00M4WC7BC|B00OR6T842
10530,3,3,3,multi,extend,False,False,B002SXMH3K|B00JE9Y20W|B01C4SXVLK
105308,4,9,9,hard,extend,False,False,B001D11M9S|B005KDEIZ0|B00ZBCRIQ6|B0198Y9G0S
105309,3,8,8,multi,extend,False,False,B001D11M9S|B005KDEIZ0|B0198Y9G0S
105310,3,7,7,multi,extend,False,False,B001D11M9S|B005KDEIZ0|B0198Y9G0S
105337,2,2,2,multi,extend,False,False,B004MNO8HC|B0085JN42Y
105338,1,1,1,single,seed,False,False,B004MNO8HC
105345,2,2,2,multi,extend,False,False,B000ILIHA6|B00KG8BLYK
105346,3,3,3,multi,extend,False,False,B000ILIHA6|B00JVHIMKI|B00KG8BLYK
105347,2,2,2,multi,extend,False,False,B000ILIHA6|B00KG8BLYK
105356,2,2,2,multi,extend,False,False,B00AWKJPOA|B00HQ5J5NA
105384,2,3,3,multi,extend,False,False,B00HCB7ZWG|B0108TJ9FY
105385,2,2,2,multi,extend,False,False,B00HCB7ZWG|B0108TJ9FY
105413,3,4,4,multi,extend,False,False,B003W117II|B00WH1QAKO|B017NZOVY0
105414,4,5,5,hard,extend,False,False,B003W117II|B00WH1QAKO|B017NZOVY0|B01GKJUTFU
105415,3,4,4,multi,extend,False,False,B003W117II|B00WH1QAKO|B017NZOVY0
105455,3,4,4,multi,extend,False,False,B00BH94QZ8|B00EVX0ZH0|B00UCQS4MS
105456,2,3,3,multi,extend,False,False,B00EVX0ZH0|B00UCQS4MS
105457,1,2,2,single,seed,False,False,B00EVX0ZH0
105467,3,4,4,multi,extend,False,False,B003U07CNK|B00763LZWQ|B00X7TEHAU
105477,4,5,5,hard,extend,False,False,B007XX4USU|B0088YRR6U|B00HR5TRH8|B01AFQZSZ0
105484,1,1,1,single,seed,False,False,B002C5W3KQ
105486,3,3,3,multi,extend,False,False,B000C9QU0I|B00M9G5Y8Q|B00ONC0TGG
105487,4,4,4,hard,extend,False,False,B000C9QU0I|B00AST1OQ2|B00M9G5Y8Q|B00ONC0TGG
105490,3,3,3,multi,extend,False,False,B00AMBW69K|B00ZZWBING|B010KJSX3G
105491,2,2,2,multi,extend,False,False,B00ZZWBING|B010KJSX3G
105492,1,1,1,single,eval,True,False,B010KJSX3G
105499,3,3,3,multi,extend,False,False,0399160574|1577662504|B018280H2W
105500,4,5,5,hard,extend,False,False,0399160574|1577662504|B018280H2W|B01D8KOZF4
105507,4,5,5,hard,extend,False,False,B00488I8PE|B004YXWXYU|B00NIWR5KU|B01488541O
105516,2,2,2,multi,eval,True,True,B00M42YZBC|B01D8N9XQM
105517,1,1,1,single,seed,False,False,B01D8N9XQM
105518,3,4,4,multi,extend,False,False,B004R1PLSO|B006ZOG4PU|B01D8N9XQM
105519,4,4,4,hard,extend,False,False,2259217494|B0009Y6LZ0|B00I2F3EBM|B01FD0YTL2
105570,3,23,23,multi,extend,False,False,B01104WJCG|B011M939DC|B01EOF5ZY2
105571,2,21,21,multi,extend,False,False,B01104WJCG|B01EOF5ZY2
105572,2,20,20,multi,extend,False,False,B01104WJCG|B01EOF5ZY2
105598,3,5,5,multi,extend,False,False,B006CBD7UQ|B00ORXVHDK|B00W5X1O8C
105599,3,4,4,multi,extend,False,False,B006CBD7UQ|B00ORXVHDK|B00W5X1O8C
105607,4,11,11,hard,extend,False,False,B00826O2FI|B00QEDNQIK|B0184M7AXA|B01D6NLVK0
105619,2,2,2,multi,extend,False,False,B00J8LVYJ8|B00S745NCQ
105641,2,3,3,multi,extend,False,False,B00BJ579KO|B00DK6QAQ4
105642,3,4,4,multi,extend,False,False,B00BJ579KO|B00DK6QAQ4|B01FFNNLKC
105643,2,3,3,multi,extend,False,False,B00BJ579KO|B00DK6QAQ4
105651,1,30,30,single,seed,False,False,B00CIECDEM
105652,2,33,33,multi,extend,False,False,B00114VV3E|B00CIECDEM
105653,3,34,34,multi,extend,False,False,B00114VV3E|B00ATZ9K0C|B00CIECDEM
105676,1,1,1,single,seed,False,False,B0054GLHYI
105677,2,3,3,multi,extend,False,False,B0054GLHYI|B014DEJNZG
105678,2,2,2,multi,extend,False,False,B0054GLHYI|B014DEJNZG
105679,2,4,4,multi,extend,False,False,B001AVSIOI|B018ZQOI76
105680,2,3,3,multi,extend,False,False,B001AVSIOI|B018ZQOI76
105681,2,2,2,multi,extend,False,False,B001AVSIOI|B018ZQOI76
105693,3,6,6,multi,extend,False,False,1601632118|B004LONG0W|B01GWWJ0OQ
105703,4,7,7,hard,extend,False,False,B006UBM1T6|B008A3JS48|B00VUV0MG0|B018PF0OHK
105704,4,5,5,hard,extend,False,False,B006UBM1T6|B008A3JS48|B00VUV0MG0|B018PF0OHK
105705,3,4,4,multi,extend,False,False,B008A3JS48|B00VUV0MG0|B018PF0OHK
105710,3,4,4,multi,extend,False,False,1940825520|B000NPXBP8|B00UD6EXIQ
105711,2,3,3,multi,extend,False,False,1940825520|B000NPXBP8
105712,3,5,5,multi,extend,False,False,1940825520|B000NPXBP8|B00S732WJE
105717,2,2,2,multi,extend,False,False,1626360944|B00BQYCK8O
105718,3,3,3,multi,extend,False,False,1626360944|B000DZQQYG|B00BQYCK8O
105719,4,8,8,hard,extend,False,False,B009HVH9V6|B00MTAW8U4|B0183PHF9M|B018YR61IK
105721,3,7,7,multi,extend,False,False,0393351904|B00125Q27M|B00VY1G7GA
105722,2,5,5,multi,extend,False,False,0393351904|B00VY1G7GA
105730,2,2,2,multi,extend,False,False,B002UU3TV0|B009ESZFE0
105741,3,6,6,multi,eval,True,True,B00T28FWVS|B00XLVBL4O|B017J9IDC6
105742,2,5,5,multi,extend,False,False,B00XLVBL4O|B017J9IDC6
105743,3,5,5,multi,extend,False,False,B006MMF9M4|B0156RMBQC|B018EAS0JA
105744,4,6,6,hard,extend,False,False,B006MMF9M4|B011YZF04K|B0156RMBQC|B018EAS0JA
105745,4,5,5,hard,extend,False,False,B006MMF9M4|B011YZF04K|B0156RMBQC|B018EAS0JA
105757,3,3,3,multi,extend,False,False,B0009PM9E6|B00FDM87IW|B01DXBMV6S
105758,2,2,2,multi,extend,False,False,B00FDM87IW|B01DXBMV6S
105759,2,3,3,multi,extend,False,False,B00DNGZ4CM|B00FDM87IW
105762,3,4,4,multi,extend,False,False,B0073RNHWQ|B012ZTI1VS|B01AW7VJY6
105763,2,3,3,multi,extend,False,False,B012ZTI1VS|B01AW7VJY6
105774,4,5,5,hard,extend,False,False,B000OS131S|B000Z8WXW0|B00NWTUFVA|B01FTIB1KU
105775,3,4,4,multi,extend,False,False,B000OS131S|B000Z8WXW0|B00NWTUFVA
105783,2,2,2,multi,extend,False,False,B00B7BRXLA|B01GCHU2BQ
105790,3,3,3,multi,extend,False,False,B00QF7HUT6|B010DHV4U4|B01825OHX0
105791,4,6,6,hard,extend,False,False,B00QF7HUT6|B00VGL7LG8|B010DHV4U4|B018ALP5KK
105792,3,5,5,multi,extend,False,False,B00QF7HUT6|B010DHV4U4|B018ALP5KK
105796,3,3,3,multi,extend,False,False,B00EUZSEAE|B00MEXP2SQ|B0124H32TC
105797,4,6,6,hard,extend,False,False,B005QU55EA|B00EUZSEAE|B00MEXP2SQ|B0124H32TC
105803,2,4,4,multi,extend,False,False,B00JDKV4NK|B019RC1EI8
105809,3,5,5,multi,extend,False,False,B000C560QG|B000C81WGG|B001LETOOM
105810,2,4,4,multi,extend,False,False,B000C560QG|B000C81WGG
105811,1,2,2,single,seed,False,False,B000C81WGG
105814,2,4,4,multi,extend,False,False,B002CKA2QI|B01AT1YXZC
105815,3,16,16,multi,extend,False,False,B002CKA2QI|B01A6T8W2M|B01AT1YXZC
105817,3,6,6,multi,extend,False,False,1423425480|B000FNKV2Y|B00N14ZL7E
105818,3,5,5,multi,extend,False,False,1423425480|B000FNKV2Y|B00N14ZL7E
105819,2,4,4,multi,extend,False,False,1423425480|B000FNKV2Y
105845,3,6,6,multi,extend,False,False,B00MHLIFO8|B00T5K665O|B01CCGV9NG
105846,4,9,9,hard,extend,False,False,B00MHLIFO8|B00T5K665O|B01CCGV9NG|B01CN1F70Q
105847,4,8,8,hard,extend,False,False,B00MHLIFO8|B00T5K665O|B01CCGV9NG|B01CN1F70Q
10586,4,4,4,hard,extend,False,False,B004T395J6|B005DKKBUG|B00X1INBQS|B01DN0AJXQ
105865,2,2,2,multi,extend,False,False,B00916SBKU|B00Y4QBKLE
105866,3,3,3,multi,extend,False,False,B003EMKNPS|B00916SBKU|B00Y4QBKLE
105867,4,4,4,hard,extend,False,False,B003EMKNPS|B00916SBKU|B00Y4QBKLE|B018B2E21G
105868,3,3,3,multi,extend,False,False,1451635117|B007Q2KZU0|B00NJ1NX7E
105869,2,2,2,multi,extend,False,False,1451635117|B00NJ1NX7E
10587,3,3,3,multi,extend,False,False,B004T395J6|B005DKKBUG|B01DN0AJXQ
105872,2,4,4,multi,extend,False,False,B000BVITMO|B001MQ9Y5I
105873,2,3,3,multi,extend,False,False,B000BVITMO|B001MQ9Y5I
105874,2,2,2,multi,extend,False,False,B000BVITMO|B001MQ9Y5I
105878,2,4,4,multi,extend,False,False,B000EIPAWG|B000RC2X06
105879,3,5,5,multi,extend,False,False,B000EIPAWG|B000RC2X06|B00IKGBTYM
105887,4,9,9,hard,extend,False,False,B0007ZGN8Q|B0019VJ9V0|B00OKRSMV8|B017HOC4A0
105888,4,8,8,hard,eval,True,True,B0007ZGN8Q|B0019VJ9V0|B00OKRSMV8|B017HOC4A0
105891,4,8,8,hard,extend,False,False,1111039178|B000EFL6SQ|B002C5W3KQ|B01BYBPUQW
105892,3,7,7,multi,extend,False,False,B000EFL6SQ|B002C5W3KQ|B01BYBPUQW
105905,3,5,5,multi,extend,False,False,B001EU61W6|B00GF24C7Y|B00IIDD0ZS
105906,3,4,4,multi,extend,False,False,B001EU61W6|B00GF24C7Y|B00IIDD0ZS
105918,2,3,3,multi,extend,False,False,B0002HR8BU|B000HCR8CE
105919,3,5,5,multi,extend,False,False,B0002HR8BU|B000HCR8CE|B005LOS9YY
105935,3,3,3,multi,extend,False,False,B003LPMC3O|B00Y1HPJWW|B0186VDERK
105938,3,3,3,multi,extend,False,False,B003SQSUHI|B00DP3QMYW|B01FJJO8C2
105953,3,3,3,multi,extend,False,False,B000HF6YX0|B002NFUNHA|B00NQCRXN6
105958,4,11,11,hard,extend,False,False,B009BY8HYM|B00F9IWWIQ|B00JIXSA1Q|B01CWK9WE0
105959,4,9,9,hard,extend,False,False,B009BY8HYM|B00F9IWWIQ|B00JIXSA1Q|B01CWK9WE0
105968,2,3,3,multi,extend,False,False,B0049YQVHE|B014JZKH2M
105969,3,4,4,multi,extend,False,False,B0049YQVHE|B00N99FXIS|B014JZKH2M
105970,2,3,3,multi,extend,False,False,B0049YQVHE|B014JZKH2M
105985,3,5,5,multi,extend,False,False,B000BPE5KU|B003H4QJ3S|B00HNX1SLW
105986,3,4,4,multi,extend,False,False,B000BPE5KU|B003H4QJ3S|B00HNX1SLW
105987,2,2,2,multi,extend,False,False,B000BPE5KU|B003H4QJ3S
105998,2,2,2,multi,extend,False,False,B00H33SFJU|B00LZPA1KS
106001,1,2,2,single,seed,False,False,B00SSXNGB6
106002,2,4,4,multi,extend,False,False,B00GC3CPBQ|B00SSXNGB6
106003,1,2,2,single,seed,False,False,B00SSXNGB6
106004,2,4,4,multi,extend,False,False,B000BPT316|B00V3MJUDM
106005,1,1,1,single,seed,False,False,B00V3MJUDM
106006,2,9,9,multi,extend,False,False,B00V3MJUDM|B016D9OYUS
106015,2,2,2,multi,extend,False,False,B005HEXOEI|B00MV2Z3IE
106016,2,10,10,multi,extend,False,False,B000S8O9ME|B005HEXOEI
106017,2,8,8,multi,extend,False,False,B000S8O9ME|B005HEXOEI
106058,2,2,2,multi,extend,False,False,B000ASBKG0|B00TZF8EJK
10608,4,6,6,hard,extend,False,False,B002FTSTL6|B00IOFDKMS|B00JXBLIJY|B00TV0SMEG
106087,2,2,2,multi,extend,False,False,B00P8ZAWK0|B00X650PME
106088,1,1,1,single,seed,False,False,B00P8ZAWK0
10609,3,7,7,multi,extend,False,False,B008BLCTOU|B00E0L6H5M|B01CIZOJ74
106099,2,2,2,multi,extend,False,False,B002XULCAM|B016U7VROE
10610,3,6,6,multi,extend,False,False,B008BLCTOU|B00E0L6H5M|B01CIZOJ74
106100,3,3,3,multi,extend,False,False,B002XULCAM|B003UDHOD0|B016U7VROE
106107,3,3,3,multi,extend,False,False,B00HT6GFX4|B015QWHXWE|B018E3UZRW
106108,2,2,2,multi,extend,False,False,B015QWHXWE|B018E3UZRW
106109,3,5,5,multi,extend,False,False,B001B3LIOC|B013ITZLI0|B01ABUD6CC
10611,3,5,5,multi,extend,False,False,B008BLCTOU|B00E0L6H5M|B01CIZOJ74
106110,2,4,4,multi,extend,False,False,B00R1DE0XC|B00WHLJIQM
106114,3,4,4,multi,extend,False,False,B00MYJL2VQ|B00W9PIT4S|B019W91GK2
106116,2,2,2,multi,extend,False,False,B0015R36SK|B00TPJNCMU
106117,3,3,3,multi,eval,True,True,B0015R36SK|B008JA7CRW|B00TPJNCMU
106118,2,2,2,multi,extend,False,False,B0015R36SK|B00TPJNCMU
106141,2,4,4,multi,extend,False,False,B008LXRB7S|B015JPB36K
106142,4,8,8,hard,extend,False,False,B001U5XH9U|B002P8MDXC|B008LXRB7S|B015JPB36K
106143,4,6,6,hard,extend,False,False,B001U5XH9U|B002P8MDXC|B008LXRB7S|B015JPB36K
106160,2,2,2,multi,extend,False,False,B002UU3TV0|B00N644DQ4
106161,3,4,4,multi,extend,False,False,B002UU3TV0|B00N644DQ4|B01APB7YHA
106189,3,4,4,multi,extend,False,False,B012ENWG48|B015MA5J3K|B019EOIIJM
106190,3,3,3,multi,extend,False,False,B012ENWG48|B015MA5J3K|B019EOIIJM
106196,1,1,1,single,seed,False,False,B00QBMG33O
106197,3,3,3,multi,extend,False,False,B0006M648E|B00QBMG33O|B01H6FWS92
106198,2,2,2,multi,extend,False,False,B00QBMG33O|B01H6FWS92
106202,4,4,4,hard,extend,False,False,B004RIMJG4|B014TE51C4|B015EB27VY|B016S0W3Y6
106219,2,2,2,multi,extend,False,False,B01A7BSOVS|B01FE94Q4M
106220,3,5,5,multi,extend,False,False,B012MGT3Q6|B01A7BSOVS|B01FE94Q4M
106243,4,6,6,hard,extend,False,False,B001EPFXLQ|B009A5204K|B01F8KI1MA|B01FAMTHW4
106244,3,5,5,multi,extend,False,False,B001EPFXLQ|B009A5204K|B01FAMTHW4
106254,3,4,4,multi,extend,False,False,B0025VKUPM|B003DH1S26|B00W47KIEA
106255,3,4,4,multi,extend,False,False,B0081FIGDO|B01AYDSWK2|B01EAFSTCQ
106261,3,4,4,multi,eval,True,True,B0050I7KQ4|B00F0BD6EG|B00ND014S6
106287,3,6,6,multi,extend,False,False,B001KSCEBE|B008Z1D2Y2|B00STV0HXM
106288,3,5,5,multi,extend,False,False,B001KSCEBE|B008Z1D2Y2|B00STV0HXM
106289,2,2,2,multi,extend,False,False,B001KSCEBE|B008Z1D2Y2
106332,4,7,7,hard,extend,False,False,B00EV58TRQ|B00T4OHP8S|B00VH8IHT0|B00Y6IP0G6
106378,3,3,3,multi,extend,False,False,B00H1H65AY|B00L3PZF56|B00P4CEUS2
10640,1,2,2,single,seed,False,False,B0186GDCPO
10641,2,3,3,multi,eval,True,True,B00MJYDIGS|B0186GDCPO
106414,1,1,1,single,seed,False,False,B00UYBX2FU
10642,3,4,4,multi,extend,False,False,B007PM4KPW|B00MJYDIGS|B0186GDCPO
106433,2,2,2,multi,extend,False,False,B0047Z4GOU|B00ZTRWX7C
106434,1,1,1,single,seed,False,False,B00ZTRWX7C
106435,2,2,2,multi,extend,False,False,B00U0NDJKK|B00ZTRWX7C
106452,3,3,3,multi,extend,False,False,B00DY5YMIY|B00L53BUUK|B019W307NA
106453,4,6,6,hard,extend,False,False,B000YC70XY|B001GPCRXQ|B005EOAR3C|B00TLNXNVK
106454,4,5,5,hard,extend,False,False,B000YC70XY|B001GPCRXQ|B005EOAR3C|B00TLNXNVK
106478,3,4,4,multi,extend,False,False,0425257029|B01AL5BONA|B01C3LEE9G
106482,3,3,3,multi,extend,False,False,0321914228|B00O0UK7CC|B01D7WDA4A
106485,4,5,5,hard,extend,False,False,B00017IJO6|B00TM2T9C2|B012ACL9PA|B018RP3UWO
106496,1,1,1,single,eval,True,False,B0097G8C9O
106497,2,2,2,multi,extend,False,False,B0083G3AXC|B0097G8C9O
106498,2,3,3,multi,extend,False,False,B0097G8C9O|B0156KUB5M
106500,3,6,6,multi,extend,False,False,B0009IQZFM|B004HCM9H4|B0095MH2ZU
106510,2,6,6,multi,extend,False,False,B005T3GRNW|B013HJJLS2
10655,1,1,1,single,seed,False,False,B00NFSGS4Q
10656,3,3,3,multi,extend,False,False,B00GIPVHE4|B00NFSGS4Q|B01CYGSUOU
10657,3,4,4,multi,extend,False,False,B012HFFSDO|B014TE51C4|B01GJ45H1W
106574,3,13,13,multi,extend,False,False,B00006IFHD|B002VKXAY0|B016APHTAM
106575,3,8,8,multi,extend,False,False,B00006IFHD|B002VKXAY0|B016APHTAM
10658,2,2,2,multi,extend,False,False,B012HFFSDO|B014TE51C4
10659,3,3,3,multi,extend,False,False,B001167XXO|B012HFFSDO|B014TE51C4
106596,1,1,1,single,seed,False,False,B00NCMH0JC
106597,2,2,2,multi,extend,False,False,B00NCMH0JC|B01AWGZRN6
106613,3,3,3,multi,eval,True,True,B001GLZU1G|B0087PHP26|B00A8O1R9Q
106614,3,6,6,multi,eval,True,True,B001GLZU1G|B0087PHP26|B00ARH9DPY
106615,3,5,5,multi,extend,False,False,B001GLZU1G|B0087PHP26|B00ARH9DPY
10662,3,7,7,multi,extend,False,False,B00EB4ADQW|B00MR0WBEE|B018S42FWU
106672,2,2,2,multi,extend,False,False,B001DRH930|B013TR5MQM
106673,3,4,4,multi,extend,False,False,B001DRH930|B009PCI2JU|B013TR5MQM
10670,3,7,7,multi,extend,False,False,B00006IF67|B008OGZFIO|B00ROPMLY2
10671,2,6,6,multi,extend,False,False,B008OGZFIO|B00ROPMLY2
106737,2,3,3,multi,extend,False,False,B00139YMUQ|B00E0D034G
106738,3,4,4,multi,extend,False,False,B00139YMUQ|B0036FH7OS|B00E0D034G
106757,3,3,3,multi,extend,False,False,B005HJ0QLC|B0171076IK|B01D8QVW0Y
106783,3,3,3,multi,extend,False,False,B00005BXUU|B00HYO5U0K|B017GQAOFQ
106784,2,2,2,multi,extend,False,False,B00005BXUU|B017GQAOFQ
106795,4,7,7,hard,extend,False,False,B00ECZZDOC|B011I5ZTIS|B01BF0T9NM|B01G7SZOF4
106809,1,2,2,single,seed,False,False,B005T3GRNW
106810,1,1,1,single,seed,False,False,B005T3GRNW
106820,3,10,10,multi,extend,False,False,B010SFDKC6|B0196AGUZI|B01D8IVKE0
106823,2,2,2,multi,extend,False,False,B000E1ZY6A|B000RZOG1W
106824,4,4,4,hard,extend,False,False,B000E1ZY6A|B000RZOG1W|B006L2UZTW|B00AA7V1N8
106825,3,3,3,multi,extend,False,False,B000E1ZY6A|B006L2UZTW|B00AA7V1N8
106849,3,3,3,multi,extend,False,False,B00OW00OU0|B00X59EJ6Y|B00XTUMQVE
106850,4,8,8,hard,extend,False,False,B00OW00OU0|B00U5UDYYO|B00X59EJ6Y|B00XTUMQVE
106851,4,7,7,hard,extend,False,False,B00OW00OU0|B00U5UDYYO|B00X59EJ6Y|B00XTUMQVE
106854,1,1,1,single,eval,True,False,B00XJRTA8Y
106855,2,2,2,multi,extend,False,False,B00UFG6260|B00XJRTA8Y
106856,1,1,1,single,seed,False,False,B00XJRTA8Y
106857,2,4,4,multi,extend,False,False,B00172MWJC|B00JXUALCA
106858,3,5,5,multi,extend,False,False,B00172MWJC|B00IOLFPHK|B00JXUALCA
106878,2,2,2,multi,eval,True,True,B004R6FB8Y|B016LLLXJS
106879,3,3,3,multi,extend,False,False,B004R6FB8Y|B008J87PVC|B016LLLXJS
106880,3,4,4,multi,extend,False,False,B004R6FB8Y|B01606MZ8W|B016LLLXJS
106903,3,3,3,multi,extend,False,False,B000GRA1OM|B0056QXWVM|B00SLPO7VE
106904,4,4,4,hard,eval,True,True,B000GRA1OM|B0056QXWVM|B00SLPO7VE|B016AJS4JS
106912,2,2,2,multi,extend,False,False,B00CEQLJ8U|B00WA0W62S
106937,3,6,6,multi,eval,True,True,B000ZZV22U|B0155L2DNU|B01C9AZ7WY
106938,2,3,3,multi,extend,False,False,B0155L2DNU|B01C9AZ7WY
106939,2,2,2,multi,extend,False,False,B0155L2DNU|B01C9AZ7WY
106941,2,2,2,multi,extend,False,False,B00UJ2GX28|B01H33F2RW
106942,4,13,13,hard,extend,False,False,B0002KHU3I|B0088YRR6U|B00DAFR2SA|B01AFQZT2M
106943,4,12,12,hard,extend,False,False,B0002KHU3I|B0088YRR6U|B00DAFR2SA|B01AFQZT2M
106963,4,4,4,hard,extend,False,False,B00000J19R|B015UA1O5Y|B019ECXFYM|B01ASVD8LS
106964,3,3,3,multi,extend,False,False,B00000J19R|B015UA1O5Y|B01ASVD8LS
106968,1,1,1,single,seed,False,False,B00XKOLGQU
106969,3,10,10,multi,extend,False,False,0323353789|B001PME3FA|B00XKOLGQU
106970,2,9,9,multi,extend,False,False,0323353789|B00XKOLGQU
106979,1,1,1,single,seed,False,False,B00FR6V7W2
10698,2,9,9,multi,extend,False,False,B004I12O0Q|B017PD9C1M
106980,3,3,3,multi,extend,False,False,B008PPPRUK|B00FR6V7W2|B00ZCDCXOQ
106981,2,2,2,multi,extend,False,False,B008PPPRUK|B00FR6V7W2
106982,2,21,21,multi,extend,False,False,B000I1EE4O|B00VBNQEI2
106983,3,22,22,multi,extend,False,False,B000I1EE4O|B0011DIXJU|B00VBNQEI2
106984,2,21,21,multi,extend,False,False,B000I1EE4O|B00VBNQEI2
10699,3,10,10,multi,extend,False,False,B001E5E08S|B004I12O0Q|B017PD9C1M
106990,4,7,7,hard,extend,False,False,B00006IF67|B009IULJMG|B00UMJWDLS|B011IH5ZHG
106991,3,6,6,multi,extend,False,False,B00006IF67|B009IULJMG|B00UMJWDLS
106996,3,4,4,multi,extend,False,False,B003QNZ4TK|B00UEAI3OQ|B01710OBBA
106997,3,3,3,multi,extend,False,False,B002QA52V4|B00VHCW8JG|B01FHZYDJG
106998,2,2,2,multi,extend,False,False,B00VHCW8JG|B01FHZYDJG
106999,3,3,3,multi,extend,False,False,B000PHJV2G|B00VHCW8JG|B01FHZYDJG
10700,2,9,9,multi,extend,False,False,B004I12O0Q|B017PD9C1M
107017,4,9,9,hard,extend,False,False,B003B6V9P0|B004XCJWLY|B0124H32TC|B013JUA60G
107025,2,9,9,multi,extend,False,False,B011HAWZ2W|B01BBJB7CI
107026,3,13,13,multi,extend,False,False,B004L81VXW|B011HAWZ2W|B01BBJB7CI
107027,3,11,11,multi,extend,False,False,B004L81VXW|B011HAWZ2W|B01BBJB7CI
107033,2,5,5,multi,extend,False,False,B00EB4ADQW|B0118769T4
107043,2,2,2,multi,extend,False,False,B000F7W1WI|B00ZPHCB64
107044,3,4,4,multi,extend,False,False,B000F7W1WI|B00LU28PRW|B00ZPHCB64
107045,2,2,2,multi,extend,False,False,B000F7W1WI|B00ZPHCB64
10706,2,2,2,multi,extend,False,False,B0007P94PU|B01CY5DYQK
107063,3,5,5,multi,extend,False,False,B012UW77FG|B017HME9AU|B01ATIFSF4
107064,2,2,2,multi,extend,False,False,B012UW77FG|B01ATIFSF4
107074,2,2,2,multi,extend,False,False,B005F6BB2A|B00WVSM534
10708,2,4,4,multi,extend,False,False,B00FYHYGBS|B00MZGTB2U
10709,2,3,3,multi,extend,False,False,B00FYHYGBS|B00MZGTB2U
10710,3,4,4,multi,extend,False,False,B001ULDAAU|B00MZGTB2U|B00OCLAVTI
107100,1,2,2,single,seed,False,False,B00IZF0LCE
10711,2,2,2,multi,extend,False,False,B00D5EEMUC|B00RNE9D1S
107129,3,5,5,multi,extend,False,False,B008UC9ZTC|B00MBVDBC0|B01A10A198
107133,1,1,1,single,eval,True,False,B013SUNQT0
107134,2,4,4,multi,extend,False,False,B00TFYYWQA|B013SUNQT0
107144,2,2,2,multi,extend,False,False,B004I149RW|B016RVAO6K
107145,1,1,1,single,seed,False,False,B004I149RW
107146,2,2,2,multi,extend,False,False,B004I149RW|B0055FGAS6
107152,2,2,2,multi,extend,False,False,B005OM0YPA|B01ATFGIMO
107153,3,3,3,multi,extend,False,False,B005OM0YPA|B01ATFGIMO|B01FDPVXZC
107154,2,2,2,multi,eval,True,True,B005OM0YPA|B01FDPVXZC
107200,2,7,7,multi,extend,False,False,B012YSG3GA|B0186T37S8
107201,1,5,5,single,seed,False,False,B0186T37S8
107202,2,12,12,multi,extend,False,False,B00C2R54QY|B0186T37S8
107207,2,2,2,multi,extend,False,False,B005IQH62G|B00WUF65ZM
107208,3,4,4,multi,extend,False,False,B002VPE1QG|B005IQH62G|B00WUF65ZM
107212,1,2,2,single,seed,False,False,B00ATBRJRC
107213,2,3,3,multi,extend,False,False,B001FY0D8O|B00ATBRJRC
107223,2,2,2,multi,extend,False,False,B009A3AAH6|B009XDWUCQ
107224,3,4,4,multi,extend,False,False,B0006HWRK8|B009A3AAH6|B009XDWUCQ
107225,2,2,2,multi,extend,False,False,B009A3AAH6|B009XDWUCQ
107228,2,3,3,multi,extend,False,False,B001CZF1ZG|B00H4B343S
107229,1,1,1,single,seed,False,False,B00H4B343S
107257,2,2,2,multi,extend,False,False,B0001FTVEK|B00TAD56DE
107258,1,1,1,single,eval,True,False,B00TAD56DE
107259,2,3,3,multi,extend,False,False,B003AVPV1O|B00XLAZ9KC
107260,2,2,2,multi,extend,False,False,B003AVPV1O|B00XLAZ9KC
107261,1,1,1,single,seed,False,False,B00XLAZ9KC
107262,3,8,8,multi,extend,False,False,B000WYANAG|B001AXPJUW|B019G7N11W
107263,2,5,5,multi,extend,False,False,B000WYANAG|B019G7N11W
107344,2,3,3,multi,extend,False,False,B001L0EP4K|B00JCE14AU
107345,1,1,1,single,seed,False,False,B00JCE14AU
107346,2,3,3,multi,extend,False,False,0062378139|B00JCE14AU
107354,3,7,7,multi,extend,False,False,B00004Z7FE|B00ORXVHDK|B0134SJXPW
107358,3,5,5,multi,extend,False,False,B00OV9JT0I|B00X6OKA0M|B015Y34EC2
10736,2,3,3,multi,extend,False,False,B004INUWX0|B00I08K0CM
10737,3,4,4,multi,extend,False,False,B004INUWX0|B00I08K0CM|B00MIQ9GCM
10738,2,3,3,multi,extend,False,False,B004INUWX0|B00I08K0CM
107382,3,9,9,multi,extend,False,False,B0000025MH|B00QSGO4PC|B00UNA1OES
107383,3,8,8,multi,extend,False,False,B0000025MH|B00QSGO4PC|B00UNA1OES
107384,3,9,9,multi,extend,False,False,B001FQF2E2|B00B697PGQ|B00CQGQX5W
107385,2,8,8,multi,extend,False,False,B001FQF2E2|B00CQGQX5W
107386,3,9,9,multi,extend,False,False,B001FQF2E2|B00CQGQX5W|B00WXJ6KXM
107394,3,11,11,multi,extend,False,False,B00FGPLXAA|B00JKRKJNC|B00SJP8ZRI
107395,2,10,10,multi,extend,False,False,B00JKRKJNC|B00SJP8ZRI
107396,2,9,9,multi,extend,False,False,B00JKRKJNC|B00SJP8ZRI
107403,3,7,7,multi,extend,False,False,B00BLVT1L6|B00ICES0BW|B0146D9U0W
107434,1,1,1,single,seed,False,False,B0047WX5B8
107474,2,5,5,multi,eval,True,True,B016BPEOPY|B01DYTQF5C
107506,3,11,11,multi,extend,False,False,B00LSU4QD8|B011L1VNHU|B018R4C8L4
107507,3,10,10,multi,extend,False,False,B00LSU4QD8|B011L1VNHU|B018R4C8L4
107508,4,11,11,hard,extend,False,False,B00L32K734|B00LSU4QD8|B011L1VNHU|B018R4C8L4
107528,3,3,3,multi,extend,False,False,B00A1N4IUO|B015NU7F9A|B01766QDTC
107529,2,2,2,multi,extend,False,False,B015NU7F9A|B01766QDTC
107530,2,3,3,multi,extend,False,False,B00GWV41GA|B012VPSQAC
107531,3,4,4,multi,extend,False,False,B0057LAICM|B00GWV41GA|B012VPSQAC
107532,2,3,3,multi,extend,False,False,B00GWV41GA|B012VPSQAC
107549,2,3,3,multi,extend,False,False,B012MGTM9O|B014EOHTMY
10755,2,2,2,multi,extend,False,False,B00KW1ZEV2|B01AC857F2
107615,3,3,3,multi,extend,False,False,B0043OUICY|B0044415IE|B016MUB6NQ
107616,2,2,2,multi,extend,False,False,B0043OUICY|B0044415IE
107618,2,3,3,multi,extend,False,False,B01ANFVPMI|B01BHL3DA4
107637,2,6,6,multi,extend,False,False,B00L4O3GV6|B015JQD3SA
107638,2,5,5,multi,extend,False,False,B00L4O3GV6|B015JQD3SA
107639,1,4,4,single,seed,False,False,B00L4O3GV6
107640,3,8,8,multi,extend,False,False,B00DEB6EB6|B00V7N0MAM|B01COPZ6KC
107642,3,4,4,multi,extend,False,False,B005T3GRNW|B00IGXE0O0|B01984EUI6
107643,1,2,2,single,seed,False,False,B005T3GRNW
107677,3,3,3,multi,extend,False,False,B0028IY6KC|B01B2U5I26|B01DN2BF7S
107678,2,2,2,multi,extend,False,False,B0028IY6KC|B01B2U5I26
107687,2,2,2,multi,extend,False,False,B00MCC373G|B00WVSM534
107688,3,3,3,multi,extend,False,False,B008IRGIQC|B00MCC373G|B00WVSM534
107701,3,4,4,multi,extend,False,False,B005KSAJXK|B00TV0SMEG|B01DYI73Y0
107702,4,5,5,hard,extend,False,False,B005KSAJXK|B00TV0SMEG|B015EH3ICU|B01DYI73Y0
107718,2,3,3,multi,extend,False,False,B011JHO6JS|B017L4DIOW
107719,2,2,2,multi,extend,False,False,B011JHO6JS|B017L4DIOW
10772,4,5,5,hard,extend,False,False,0323031250|1618823744|1622020278|B00WWNKY8Q
107720,1,1,1,single,seed,False,False,B017L4DIOW
10773,3,4,4,multi,extend,False,False,0323031250|1618823744|1622020278
107738,3,5,5,multi,extend,False,False,B002JAKRAM|B009V0Z4HY|B0162AHDMY
10774,4,5,5,hard,extend,False,False,0323031250|1618823744|1622020278|B000MTM0WK
107742,2,3,3,multi,extend,False,False,B00NCMH0JC|B01DD1JKRG
10775,2,5,5,multi,extend,False,False,B00CQHYX08|B00JZV58E8
107754,4,7,7,hard,extend,False,False,B00F4JIYUU|B01041CUTS|B01AD9DN4W|B01B4NUKME
10776,1,4,4,single,seed,False,False,B00JZV58E8
107763,4,7,7,hard,extend,False,False,B00EJ3B0J4|B00OGQIQ3C|B01A68JUK6|B01AMZZKFM
107764,3,6,6,multi,extend,False,False,B00OGQIQ3C|B01A68JUK6|B01AMZZKFM
107765,4,7,7,hard,extend,False,False,B00OGQIQ3C|B0171NQUT8|B01A68JUK6|B01AMZZKFM
10777,4,7,7,hard,eval,True,True,B004LK2WJC|B00641YMKS|B00JZV58E8|B00L0G63QS
107783,2,3,3,multi,extend,False,False,B000ET9SB4|B0013AO63I
107792,2,3,3,multi,extend,False,False,B0090DYL7G|B00JODM7WS
107793,3,6,6,multi,extend,False,False,B005GIS6A2|B0090DYL7G|B00JODM7WS
107794,2,5,5,multi,extend,False,False,B005GIS6A2|B00JODM7WS
107833,4,5,5,hard,extend,False,False,B00FVI6RWG|B00RMPRM48|B00X6A8R1U|B00Z705QGQ
107834,2,3,3,multi,extend,False,False,B004HCM9H4|B014C77J0A
107835,1,1,1,single,seed,False,False,B004HCM9H4
107841,3,4,4,multi,extend,False,False,B004Q73W7Q|B007PO8YFW|B00HRSWRHW
107842,2,2,2,multi,extend,False,False,B007PO8YFW|B00HRSWRHW
107853,2,2,2,multi,extend,False,False,B003W47NII|B00P2CGMV2
107854,1,1,1,single,seed,False,False,B003W47NII
107855,2,2,2,multi,extend,False,False,B003W47NII|B016UE081U
10786,4,4,4,hard,eval,True,True,B00779XNN8|B00KZIG9MU|B00U0XS28E|B00ZZBIA8I
10787,3,3,3,multi,extend,False,False,B00779XNN8|B00KZIG9MU|B00ZZBIA8I
107878,4,5,5,hard,extend,False,False,B005CNXDG8|B00627G6QC|B007QV2MXY|B00L9WK26A
107879,3,4,4,multi,extend,False,False,B005CNXDG8|B00627G6QC|B007QV2MXY
10788,3,6,6,multi,extend,False,False,1119225418|B00779XNN8|B00KZIG9MU
107880,4,5,5,hard,extend,False,False,B004164SRA|B005CNXDG8|B00627G6QC|B007QV2MXY
10789,4,8,8,hard,extend,False,False,B000EVMDKU|B00C17FYL0|B00UJ2YF2I|B017T648OG
107893,2,2,2,multi,extend,False,False,B001550DVU|B017D6UKB2
107894,1,1,1,single,eval,True,False,B017D6UKB2
107895,3,5,5,multi,extend,False,False,B0054NFWH4|B00VSBU1ZY|B01FCY5ZR6
10790,4,6,6,hard,extend,False,False,B000EVMDKU|B00C17FYL0|B00UJ2YF2I|B017T648OG
107900,4,9,9,hard,extend,False,False,1563926121|B000XEAV52|B00BKN5RT0|B01A7XXK42
107901,4,8,8,hard,extend,False,False,1563926121|B000XEAV52|B00BKN5RT0|B01A7XXK42
107902,4,6,6,hard,extend,False,False,1563926121|B000XEAV52|B00BKN5RT0|B01A7XXK42
10791,3,5,5,multi,extend,False,False,B000EVMDKU|B00UJ2YF2I|B017T648OG
107929,2,2,2,multi,extend,False,False,B00172I61A|B017LKVGBS
10793,2,2,2,multi,extend,False,False,B00ALAZV1M|B00R6FO576
107930,2,7,7,multi,extend,False,False,B00172I61A|B00I2HY5MW
107931,3,8,8,multi,extend,False,False,B00172I61A|B00I2HY5MW|B01BW1FR8K
10794,1,1,1,single,seed,False,False,B00R6FO576
107947,4,4,4,hard,extend,False,False,B00H8UB8W4|B00XJESJZW|B01CQK5SZI|B01EM1NJPA
107957,2,3,3,multi,extend,False,False,B00577TKVQ|B0067MWPL2
107958,3,5,5,multi,extend,False,False,B00577TKVQ|B0067MWPL2|B01B7OYD2I
107959,4,6,6,hard,extend,False,False,B00577TKVQ|B0067MWPL2|B00XM0GIQU|B01B7OYD2I
10797,4,4,4,hard,extend,False,False,0764126660|B0076MZ3QQ|B009CUTR7G|B00SI2MO8I
10798,3,3,3,multi,extend,False,False,0764126660|B0076MZ3QQ|B00SI2MO8I
107981,2,2,2,multi,extend,False,False,B00ZB7W4QU|B012Q4M3DO
107989,4,4,4,hard,extend,False,False,B00CDRJ3FG|B011DF475Y|B012HNDS4C|B01EHIP38O
107990,3,3,3,multi,extend,False,False,B011DF475Y|B012HNDS4C|B01EHIP38O
108012,3,28,28,multi,extend,False,False,B0013R8GM8|B01953KNWC|B01DYUDPOK
108013,3,27,27,multi,extend,False,False,B0013R8GM8|B01953KNWC|B01DYUDPOK
108014,3,26,26,multi,extend,False,False,B0013R8GM8|B01953KNWC|B01DYUDPOK
108015,3,5,5,multi,extend,False,False,B002NVTD6Q|B005JRAYJQ|B00X4SD9NA
108016,3,4,4,multi,extend,False,False,B002NVTD6Q|B005JRAYJQ|B00X4SD9NA
108053,1,1,1,single,seed,False,False,B008UQINX2
108056,3,4,4,multi,extend,False,False,B004QJREXM|B00CFUJ3P6|B00NB1U6OA
108057,4,5,5,hard,eval,True,True,B003Y3QRE8|B004QJREXM|B00CFUJ3P6|B00NB1U6OA
108058,3,5,5,multi,extend,False,False,B00FW8X0GQ|B00GPRS4RI|B00UKV5YDW
108069,3,3,3,multi,extend,False,False,B000P6TLYU|B00YI79BNI|B015DDDCK8
108070,2,2,2,multi,extend,False,False,B000P6TLYU|B00YI79BNI
108071,3,3,3,multi,extend,False,False,B000P6TLYU|B001CSM07U|B00YI79BNI
108075,3,14,14,multi,extend,False,False,B00O6UCXUK|B00QK888GY|B00U6H39IM
108076,2,2,2,multi,extend,False,False,0321979478|B00B8XFMJC
108077,1,1,1,single,seed,False,False,0321979478
108102,2,2,2,multi,extend,False,False,B001290WMY|B019D9HESO
108103,1,1,1,single,seed,False,False,B001290WMY
108104,2,2,2,multi,extend,False,False,B001290WMY|B006PEE4TI
108107,3,3,3,multi,extend,False,False,B0144MFPOA|B014LVI0D2|B01FFG9J0U
108114,2,3,3,multi,extend,False,False,B00OMX2P90|B00WH1QCMA
108115,3,5,5,multi,extend,False,False,B000F4OYNA|B00OMX2P90|B00WH1QCMA
108116,2,3,3,multi,extend,False,False,B00OMX2P90|B00WH1QCMA
108143,3,3,3,multi,extend,False,False,B00086IAAS|B002DUD6QU|B003EQ3CUM
108144,2,2,2,multi,extend,False,False,B00086IAAS|B003EQ3CUM
108145,1,1,1,single,eval,True,False,B00086IAAS
108148,1,1,1,single,seed,False,False,B00GSQ8MSC
108149,3,4,4,multi,extend,False,False,B000HBO4M2|B00GSQ8MSC|B01B41OZHW
108150,2,3,3,multi,extend,False,False,B00GSQ8MSC|B01B41OZHW
108154,3,7,7,multi,eval,True,True,B00UB6MXBW|B015GS3TGC|B01ARFWBOK
108159,2,4,4,multi,extend,False,False,B00TV0S90I|B0151N6DNS
10816,3,4,4,multi,extend,False,False,B00H8YGOMO|B00KQ3957U|B014TZ6636
108160,2,2,2,multi,extend,False,False,B00TV0S90I|B0151N6DNS
108161,3,5,5,multi,extend,False,False,0323321909|B009MPB9KY|B0151N6DNS
10817,3,3,3,multi,extend,False,False,B00H8YGOMO|B00KQ3957U|B014TZ6636
108171,2,5,5,multi,extend,False,False,B005FQTN5C|B00ZMQKNUO
108172,1,4,4,single,seed,False,False,B00ZMQKNUO
108187,3,4,4,multi,extend,False,False,0323358098|1464126135|B001JKTTVQ
10823,3,4,4,multi,extend,False,False,B0060RZ5OI|B008NDSMT2|B017I5OP6O
108237,3,9,9,multi,extend,False,False,0545284147|B009UOPSOK|B014IV9M8W
108238,3,8,8,multi,extend,False,False,0545284147|B009UOPSOK|B014IV9M8W
10824,2,3,3,multi,extend,False,False,B0060RZ5OI|B008NDSMT2
10825,3,4,4,multi,extend,False,False,B0060RZ5OI|B008NDSMT2|B01BO8A2AE
108253,2,3,3,multi,extend,False,False,B0015G6QVK|B015QZN6KE
108287,2,2,2,multi,extend,False,False,B00064MUQW|B0020XQWCA
108305,2,2,2,multi,extend,False,False,B009B73M0S|B01BY6UFWQ
108306,1,1,1,single,seed,False,False,B009B73M0S
108315,4,10,10,hard,extend,False,False,B00008KA7I|B003DQTO00|B00S3QEF18|B01EACPIIC
108317,1,13,13,single,seed,False,False,1465414053
108318,3,16,16,multi,extend,False,False,1465414053|B0025WGHEE|B00GV347AO
108319,2,15,15,multi,extend,False,False,1465414053|B00GV347AO
108328,3,6,6,multi,extend,False,False,B004HIZFPQ|B007Z50ENQ|B00G9DNO28
10833,4,5,5,hard,extend,False,False,B0026HZXRK|B004TORQ5A|B00X13ZZGM|B00YSPMAMY
10834,3,4,4,multi,extend,False,False,B0026HZXRK|B004TORQ5A|B00YSPMAMY
108351,2,3,3,multi,extend,False,False,B0025ZX0B4|B014LNQMPS
108354,4,4,4,hard,extend,False,False,B001GKUH24|B00W4XV1RM|B00WQP2SOI|B01C45GO8K
108356,3,4,4,multi,extend,False,False,B00LD6KJTC|B011SSCP50|B01AX6O3RG
108357,4,6,6,hard,extend,False,False,B00LD6KJTC|B00QYOSKH6|B011SSCP50|B01AX6O3RG
108366,2,3,3,multi,extend,False,False,B0102ZQ3LM|B014NT0QUW
108367,3,4,4,multi,extend,False,False,B0102ZQ3LM|B014NT0QUW|B017L1WXD2
108368,2,2,2,multi,extend,False,False,B0102ZQ3LM|B017L1WXD2
108373,4,5,5,hard,extend,False,False,B00DHLLNCI|B00JQGVZ44|B00OYQ5ET8|B00RMKVGBS
108389,3,6,6,multi,extend,False,False,B00AMGUZ70|B00ERX21XA|B01917WFRS
108390,2,4,4,multi,extend,False,False,B00ERX21XA|B01917WFRS
108391,3,5,5,multi,extend,False,False,B00ERX21XA|B01917WFRS|B01ETUD3ZU
108401,3,9,9,multi,extend,False,False,B001BC73Y2|B003NEXTGW|B01AGR74U0
108402,3,8,8,multi,extend,False,False,B001BC73Y2|B003NEXTGW|B01AGR74U0
10841,3,5,5,multi,extend,False,False,B001CCGYU0|B00337MOMO|B00L9EPE5M
108424,3,3,3,multi,extend,False,False,B007UVZ1WO|B00F3BG028|B00FPQQKI0
108430,3,7,7,multi,extend,False,False,1429278390|1589238044|B00005302X
108431,3,6,6,multi,extend,False,False,1429278390|1589238044|B00005302X
108441,3,3,3,multi,extend,False,False,B000SX4C7Q|B00OGKYNF8|B016OE3AFW
108455,3,4,4,multi,extend,False,False,1259294099|B000C9TBS6|B01C494FT6
108458,4,5,5,hard,extend,False,False,B0056QXWVM|B00OR2H01O|B00UHZ8A8W|B00WL6VNMK
108490,3,3,3,multi,extend,False,False,B007JJZQIG|B00FBW7CNA|B011486C30
108491,2,4,4,multi,extend,False,False,B00AYVRHKG|B00VGEFNTW
108492,3,5,5,multi,extend,False,False,B000HKMXTO|B00AYVRHKG|B00VGEFNTW
108493,4,7,7,hard,extend,False,False,B000HKMXTO|B005NICMGE|B00AYVRHKG|B00VGEFNTW
108497,4,7,7,hard,extend,False,False,B002IKLOAA|B015UQUOMW|B01943RRWM|B01A6SQ2PM
108498,3,6,6,multi,extend,False,False,B002IKLOAA|B015UQUOMW|B01A6SQ2PM
108507,2,8,8,multi,extend,False,False,B008OME2QE|B013DEC1YM
108508,2,7,7,multi,extend,False,False,B008OME2QE|B013DEC1YM
108509,3,8,8,multi,extend,False,False,B008OME2QE|B00HXCNQWW|B013DEC1YM
108514,3,5,5,multi,extend,False,False,B0007KIFK0|B00ASWNGVA|B012D2X1LC
108515,2,4,4,multi,extend,False,False,B0007KIFK0|B012D2X1LC
108547,2,2,2,multi,extend,False,False,B002BKXAP4|B00XJ0I1WW
108548,1,1,1,single,seed,False,False,B00XJ0I1WW
108549,2,2,2,multi,extend,False,False,B000GISU1M|B00XJ0I1WW
10857,3,11,11,multi,extend,False,False,B004ZRV3AU|B00CUB6UCE|B019CXXZ2U
108579,4,6,6,hard,extend,False,False,0802871771|B00124YDMY|B00O2EDJ4Y|B019G3H9G4
10858,3,10,10,multi,extend,False,False,B004ZRV3AU|B00CUB6UCE|B019CXXZ2U
108587,4,6,6,hard,extend,False,False,1451146701|1891487167|B008HTI7KQ|B01DC4NN8G
10859,3,8,8,multi,extend,False,False,B004ZRV3AU|B00CUB6UCE|B019CXXZ2U
108590,4,4,4,hard,extend,False,False,0781413583|B0044415IE|B00L7TFR3I|B013CJNCLY
108592,4,4,4,hard,eval,True,True,B012ZTI1VS|B017T419ZY|B01A8EMGKY|B01CBV42NG
108604,1,2,2,single,seed,False,False,B0064WIKWI
108605,2,3,3,multi,extend,False,False,B0064WIKWI|B01AXAMPMM
108606,3,10,10,multi,extend,False,False,B0064WIKWI|B01AXAMPMM|B01B4R9O9K
108612,1,20,20,single,seed,False,False,B00XESY010
108613,2,21,21,multi,extend,False,False,B004D9P1A8|B00XESY010
108614,1,20,20,single,seed,False,False,B00XESY010
108677,4,4,4,hard,extend,False,False,B001SAQ546|B00DAOUIQY|B00YGOAD7G|B018T4G7ZU
108684,3,4,4,multi,extend,False,False,B008F4NBB8|B00IJZPZLC|B00T28FWVS
10869,2,3,3,multi,extend,False,False,B001B0E7M0|B00K5R5350
108699,1,1,1,single,seed,False,False,B0151RQPF0
10870,1,2,2,single,seed,False,False,B00K5R5350
108705,3,3,3,multi,extend,False,False,B009J1WA36|B01AVI19XW|B01B575MVS
108706,4,4,4,hard,extend,False,False,B009J1WA36|B00HHLNXUE|B01AVI19XW|B01B575MVS
10871,2,11,11,multi,extend,False,False,B0019TRAFE|B00K5R5350
108714,1,2,2,single,seed,False,False,B016NIEIAU
108715,3,5,5,multi,extend,False,False,B00ICF0OZQ|B00IDB6J0S|B016NIEIAU
108716,2,4,4,multi,extend,False,False,B00IDB6J0S|B016NIEIAU
108721,3,7,7,multi,extend,False,False,B000EIPAWG|B002BMOJXE|B007FLX0UY
10873,3,7,7,multi,extend,False,False,B00474R48G|B012AD4500|B016O6UJSQ
108735,1,1,1,single,seed,False,False,B001DTPQDI
108736,2,2,2,multi,extend,False,False,B001DTPQDI|B013SEXKI8
108737,3,3,3,multi,extend,False,False,B001DTPQDI|B003L1ZYZ6|B013SEXKI8
10874,2,4,4,multi,extend,False,False,B00474R48G|B012AD4500
108744,2,2,2,multi,extend,False,False,B00RAG7Z9Q|B015UB3YGU
108764,2,10,10,multi,extend,False,False,B000QJUDM0|B00B72A3UW
108765,3,13,13,multi,extend,False,False,B008A3TEA6|B010MVVIF2|B01EA5U0Q4
108766,3,12,12,multi,extend,False,False,B008A3TEA6|B010MVVIF2|B01EA5U0Q4
10877,1,1,1,single,eval,True,False,B0006HINDI
108771,3,6,6,multi,extend,False,False,B0052QOL1Q|B00HS2LMD2|B00JMXDT7W
108772,2,5,5,multi,extend,False,False,B00HS2LMD2|B00JMXDT7W
108775,3,13,13,multi,extend,False,False,B00E3W5PII|B00WX1BGYS|B01A6BYWNI
108776,3,12,12,multi,extend,False,False,B00E3W5PII|B00WX1BGYS|B01A6BYWNI
108778,3,4,4,multi,extend,False,False,B005SGEW0K|B00MNL6T9U|B017SJKYQ0
10878,2,2,2,multi,extend,False,False,B0006HINDI|B00K5NELNE
10879,1,1,1,single,seed,False,False,B0006HINDI
108792,4,8,8,hard,extend,False,False,B000YIWS9Y|B007P56GA6|B00PH4QNE6|B01ATIFSF4
108794,3,5,5,multi,extend,False,False,B007E8KCFY|B00HZH3M4W|B00KB94O0C
108795,4,6,6,hard,extend,False,False,B007E8KCFY|B00HZH3M4W|B00KB94O0C|B00MVBDLFC
108796,3,5,5,multi,extend,False,False,B007E8KCFY|B00HZH3M4W|B00MVBDLFC
108803,4,10,10,hard,extend,False,False,0310920086|B003BCLWDS|B005HRZPY2|B007Q4544A
108835,2,9,9,multi,extend,False,False,B013WDJQPQ|B01D8BC1DG
108836,3,10,10,multi,extend,False,False,B000J2KPMC|B013WDJQPQ|B01D8BC1DG
108837,2,9,9,multi,extend,False,False,B013WDJQPQ|B01D8BC1DG
108846,4,5,5,hard,extend,False,False,B001VP8BZ4|B00BCGAP2Y|B00M1NEUKK|B00XE394QG
108852,3,3,3,multi,extend,False,False,B00CEKXJ3Y|B018IP6P70|B01EFCZ1IE
108857,2,4,4,multi,extend,False,False,B0073AADTS|B00IZF0LCE
108862,3,3,3,multi,extend,False,False,B005FVOW3U|B0170MBCL6|B01CCMOMM0
108865,2,2,2,multi,extend,False,False,B00J0EKV3I|B012W688KI
108892,4,5,5,hard,extend,False,False,B00QEX83LA|B00VAPMGLU|B017CUYMZO|B018IZ0SWI
108898,2,2,2,multi,extend,False,False,B00DMPGFSQ|B013MKYY6U
108900,3,3,3,multi,extend,False,False,143368912X|B000065U6Q|B00T8HPF24
108911,3,4,4,multi,eval,True,True,B00BJKK262|B00HF7W2JS|B0145GMV7Y
108924,1,1,1,single,seed,False,False,B017SXVUSC
108925,2,2,2,multi,extend,False,False,B017SXVUSC|B01C05INPQ
108932,3,3,3,multi,extend,False,False,B009F6Q752|B00TI7QILG|B014P0K2A8
108933,2,2,2,multi,extend,False,False,B00TI7QILG|B014P0K2A8
108934,4,4,4,hard,extend,False,False,B002AKJQEY|B00TI7QILG|B014P0K2A8|B019ZYXV98
10894,2,3,3,multi,extend,False,False,B000EXUB3E|B00UR1O5B2
108953,3,4,4,multi,extend,False,False,B00416T7E4|B00VRLYYRG|B0116GPL4G
108954,4,5,5,hard,eval,True,True,B00416T7E4|B00VRLYYRG|B0116GPL4G|B014TR7AIE
109003,3,4,4,multi,extend,False,False,B00PAJVH7G|B00T4G4FAW|B017AGN1XO
109007,2,3,3,multi,extend,False,False,B00BFUDKPG|B01D8ZCZ4C
109008,3,5,5,multi,extend,False,False,B00BFUDKPG|B01D8ZCZ4C|B01GFRUUII
109010,4,5,5,hard,extend,False,False,B001DPUZ9M|B001GAOTSW|B00CIKC0IK|B00NO8RTLI
109018,4,4,4,hard,extend,False,False,B001NDCGGO|B002MHFXS8|B00K5OJ0TS|B014644NPI
109023,4,10,10,hard,extend,False,False,B004BYVOHO|B005WIGCAW|B00FEDXNHA|B00J8NLC5C
109024,4,8,8,hard,extend,False,False,B004BYVOHO|B005WIGCAW|B00FEDXNHA|B00J8NLC5C
109025,3,7,7,multi,extend,False,False,B004BYVOHO|B005WIGCAW|B00FEDXNHA
109026,2,3,3,multi,extend,False,False,B008J1QP7Y|B0156HL9WE
109031,2,3,3,multi,extend,False,False,B002MHFXS8|B00G47DEGU
109073,2,2,2,multi,extend,False,False,B00CWK2G4Y|B0156HL9WE
109083,3,4,4,multi,extend,False,False,B0002X4DP8|B000Z9G456|B00D3PTBGS
109084,3,3,3,multi,extend,False,False,B0002X4DP8|B000Z9G456|B00D3PTBGS
109090,3,4,4,multi,extend,False,False,1503948927|B001D13V8S|B00QSJXAVI
109091,4,5,5,hard,extend,False,False,1503948927|B001D13V8S|B00JYQRMWU|B00QSJXAVI
109092,3,4,4,multi,extend,False,False,1503948927|B001D13V8S|B00QSJXAVI
109095,4,5,5,hard,extend,False,False,B005DDLDNM|B00JOEAJ2M|B00U3003JK|B01E5XNLO4
109096,3,4,4,multi,extend,False,False,B00JOEAJ2M|B00U3003JK|B01E5XNLO4
109098,3,5,5,multi,extend,False,False,B005F6NSKI|B00KNK0M1O|B00V94S4OU
109099,2,4,4,multi,extend,False,False,B005F6NSKI|B00KNK0M1O
109100,3,6,6,multi,extend,False,False,B005F6NSKI|B00KNK0M1O|B01CCOI5EE
109101,2,2,2,multi,extend,False,False,B0037XARA0|B00LLJ1SAU
109102,3,3,3,multi,eval,True,True,B0037XARA0|B00CYNJY2G|B00LLJ1SAU
109103,2,2,2,multi,extend,False,False,B0037XARA0|B00LLJ1SAU
109106,2,3,3,multi,extend,False,False,B00GUR3YDC|B01AX6O3RG
10912,2,2,2,multi,extend,False,False,B008HZEW54|B00S69E8GO
109155,2,2,2,multi,extend,False,False,1572595906|B00IA2BH70
109158,2,2,2,multi,extend,False,False,B00BQYCK8O|B00U6RAHAK
109175,3,6,6,multi,extend,False,False,B0002VS67G|B00AYZFM86|B00KNK0M1O
109176,4,8,8,hard,extend,False,False,B0002VS67G|B0090NYRAW|B00AYZFM86|B00KNK0M1O
109177,3,3,3,multi,extend,False,False,B001MBUHJK|B00Z7SI21O|B013SL2GJ0
109178,4,4,4,hard,extend,False,False,B001MBUHJK|B00Z7SI21O|B013SL2GJ0|B018NOPNV0
109191,2,2,2,multi,extend,False,False,B00IRJ1BYU|B01F13KDAC
109192,2,3,3,multi,extend,False,False,B00BCA41R0|B01F13KDAC
109193,2,2,2,multi,extend,False,False,B00BCA41R0|B01F13KDAC
109197,2,2,2,multi,extend,False,False,B00IOW08M6|B00OSTKZWM
109198,2,2,2,multi,extend,False,False,B00FY80WAG|B017TR1L5E
109199,3,3,3,multi,extend,False,False,B003IRIEEG|B00FY80WAG|B017TR1L5E
109200,2,2,2,multi,extend,False,False,B00FY80WAG|B017TR1L5E
109201,2,3,3,multi,extend,False,False,B00G6C1ZEG|B00QW6TH8M
109237,2,3,3,multi,extend,False,False,1935589679|B00NMXFV4W
109238,3,4,4,multi,extend,False,False,1935589679|B00HFKDSFM|B00NMXFV4W
10924,4,8,8,hard,extend,False,False,B000063NDY|B0006O4AK6|B000M86VIK|B00FRDPNA2
109241,4,9,9,hard,extend,False,False,0991846206|B003RCGPCK|B00BQYR0OI|B01AXIBUH0
109242,3,8,8,multi,extend,False,False,0991846206|B003RCGPCK|B01AXIBUH0
109245,2,2,2,multi,extend,False,False,1583228691|B0045DMLXM
109246,3,3,3,multi,extend,False,False,1583228691|B003CUK3B6|B0045DMLXM
10925,3,5,5,multi,extend,False,False,B000063NDY|B0006O4AK6|B00FRDPNA2
109252,4,5,5,hard,extend,False,False,B00F8QFOU2|B00SUZ17QS|B01AHS5P1I|B01EAFSTCQ
109253,3,4,4,multi,extend,False,False,B00F8QFOU2|B01AHS5P1I|B01EAFSTCQ
109255,3,4,4,multi,extend,False,False,B00A23JY9I|B01DK69P42|B01DM6BDA4
10926,2,2,2,multi,extend,False,False,B0006O4AK6|B00FRDPNA2
109263,1,2,2,single,seed,False,False,B00Y8CWEKK
109264,2,3,3,multi,extend,False,False,B00B06IC76|B00Y8CWEKK
109265,1,2,2,single,eval,True,False,B00Y8CWEKK
109269,2,3,3,multi,extend,False,False,B00704IO48|B00PMD8854
109273,2,2,2,multi,eval,True,True,B00OUPBVN6|B00P48EKCC
109274,3,3,3,multi,extend,False,False,B00OUPBVN6|B00P48EKCC|B00SQ6CCSS
109275,1,1,1,single,eval,True,False,B00P48EKCC
109291,2,3,3,multi,extend,False,False,0262033844|B01C75BU6S
109293,2,8,8,multi,extend,False,False,B000LVGFDO|B008XZAQDU
109294,2,7,7,multi,extend,False,False,B000LVGFDO|B008XZAQDU
109297,2,8,8,multi,eval,True,True,B0002D6K90|B00JQL1R0Q
109298,2,7,7,multi,extend,False,False,B0002D6K90|B00JQL1R0Q
109299,2,6,6,multi,extend,False,False,B0002D6K90|B00JQL1R0Q
10930,3,3,3,multi,extend,False,False,B00KN2AP6Y|B00THHQPMY|B01EJUP0LA
109302,2,4,4,multi,extend,False,False,0312502990|B00JNZ7VNW
109305,2,10,10,multi,extend,False,False,B000NWGCZ2|B00YQM1PNY
109307,3,8,8,multi,extend,False,False,B007FK3HHG|B00T9CHCE2|B01DCO56PY
109308,1,6,6,single,seed,False,False,B01DCO56PY
109309,2,7,7,multi,extend,False,False,B005BXW9O6|B01DCO56PY
10931,2,2,2,multi,extend,False,False,B00KN2AP6Y|B01EJUP0LA
109320,3,6,6,multi,eval,True,True,B0006IX878|B00S5M1CIO|B00VPVNHJY
109333,3,3,3,multi,extend,False,False,B000GLRREU|B00AE9YS1O|B00MVBA42A
109334,4,4,4,hard,extend,False,False,B000GLRREU|B001ADW58Q|B0084JMC9G|B00MVBA42A
109335,3,3,3,multi,extend,False,False,B000GLRREU|B0084JMC9G|B00MVBA42A
109340,3,4,4,multi,eval,True,True,B003HESEU4|B0049IRCAA|B01BY1IXPW
109341,2,3,3,multi,extend,False,False,B003HESEU4|B0049IRCAA
109350,3,3,3,multi,extend,False,False,B000VK339Y|B00HXRV7AU|B00V7SSFDI
109351,2,2,2,multi,extend,False,False,B00HXRV7AU|B00V7SSFDI
109352,3,3,3,multi,extend,False,False,B00HXRV7AU|B00NOMYKN4|B00V7SSFDI
109354,4,4,4,hard,extend,False,False,B001650XUK|B00472O4Y0|B007OM9W2E|B00V5FWK6Q
109355,3,3,3,multi,extend,False,False,B001650XUK|B00472O4Y0|B007OM9W2E
109368,3,4,4,multi,extend,False,False,0812078713|B00BM0S0RW|B01COPZ6KC
109369,4,5,5,hard,extend,False,False,0812078713|B000MTM0WK|B00BM0S0RW|B01COPZ6KC
109385,2,4,4,multi,extend,False,False,B007Z7SIFA|B00L9EP4YI
109386,2,3,3,multi,extend,False,False,B007Z7SIFA|B00L9EP4YI
109387,3,6,6,multi,extend,False,False,B001L1REJM|B007Z7SIFA|B00L9EP4YI
109388,3,3,3,multi,extend,False,False,B000FA6AV8|B0053DDNW6|B01FX74HBW
109389,2,2,2,multi,extend,False,False,B000FA6AV8|B0053DDNW6
109390,3,3,3,multi,extend,False,False,B000F8TEJK|B00JPGTEX4|B00P73B1E4
109395,2,2,2,multi,extend,False,False,B002Q4M3FS|B00DE95B58
109433,3,4,4,multi,extend,False,False,B001OK8L38|B0089JCQHY|B00OD3GLRQ
109434,2,3,3,multi,extend,False,False,B0089JCQHY|B00OD3GLRQ
109435,1,1,1,single,seed,False,False,B0089JCQHY
10944,2,3,3,multi,extend,False,False,B00005A1H7|B00GSN5H2O
109440,2,4,4,multi,extend,False,False,B00G3EI6HG|B016GMP5S2
109441,2,3,3,multi,extend,False,False,B00G3EI6HG|B016GMP5S2
10945,2,2,2,multi,extend,False,False,B00005A1H7|B00GSN5H2O
109458,2,2,2,multi,extend,False,False,B00CB26JCS|B00DO441JA
109459,3,3,3,multi,extend,False,False,B0027653CK|B00CB26JCS|B00DO441JA
10946,3,3,3,multi,extend,False,False,B00005A1H7|B00GSN5H2O|B00JM5GZGW
109460,3,4,4,multi,extend,False,False,B00CB26JCS|B00DO441JA|B00N9RH0PO
109466,3,3,3,multi,extend,False,False,1598260421|B001IYK714|B009UNLTQW
109467,3,4,4,multi,extend,False,False,1598260421|B001IYK714|B01CJOGYR2
109468,3,5,5,multi,extend,False,False,1598260421|B00006RH5I|B001IYK714
109485,2,2,2,multi,eval,True,True,B000AF0A78|B00KRQWBQS
109486,3,3,3,multi,extend,False,False,B000AF0A78|B00JWZS3IU|B00KRQWBQS
109488,2,4,4,multi,extend,False,False,B002665ZTC|B00VRLA8LM
109493,2,3,3,multi,extend,False,False,B003TTZWZ2|B019EOIIJM
109494,3,4,4,multi,extend,False,False,B003TTZWZ2|B00GWR373M|B019EOIIJM
109499,2,2,2,multi,extend,False,False,B00SL0BR0S|B01E6QFH9W
109500,3,3,3,multi,extend,False,False,B00SL0BR0S|B00VEIB1J6|B01E6QFH9W
109503,2,3,3,multi,extend,False,False,B000FPAIEI|B003AILZ9E
109513,3,6,6,multi,extend,False,False,1440309051|B008YDT10U|B01BVYUTKO
109514,4,7,7,hard,extend,False,False,1440309051|B008YDT10U|B00NQQTXNK|B01BVYUTKO
109515,2,3,3,multi,extend,False,False,B008YDT10U|B01BVYUTKO
109523,2,2,2,multi,extend,False,False,B014D0ZC1O|B014DEJAMM
109524,1,1,1,single,seed,False,False,B014DEJAMM
109525,2,3,3,multi,extend,False,False,B014DEJAMM|B01BVJBTAI
109532,1,2,2,single,seed,False,False,B00T62RK1U
109542,2,2,2,multi,eval,True,True,B00FWKYKPE|B014R6HEP6
109543,3,3,3,multi,extend,False,False,B004VLVK58|B00FWKYKPE|B014R6HEP6
109544,2,2,2,multi,extend,False,False,B004VLVK58|B014R6HEP6
109551,2,3,3,multi,extend,False,False,B00M9G5Y8Q|B01EGD2AAY
109552,2,3,3,multi,extend,False,False,B00OZEULF6|B016CKLHB2
109553,1,2,2,single,seed,False,False,B00OZEULF6
109554,2,3,3,multi,extend,False,False,B00OZEULF6|B01ARGBBDG
109573,3,5,5,multi,extend,False,False,B00AHAJGZ8|B00FY2O73U|B00NHQHPFC
109574,2,3,3,multi,extend,False,False,B00AHAJGZ8|B00FY2O73U
109576,4,5,5,hard,extend,False,False,B005MICFTO|B00JS4WNLI|B00KR4CZIY|B01F48R1O0
109613,2,2,2,multi,extend,False,False,B00ZHQ5YVM|B012ESAJWY
109614,3,4,4,multi,eval,True,True,B008DIFJT8|B00ZHQ5YVM|B012ESAJWY
109617,3,3,3,multi,extend,False,False,B001J63G28|B00DCDZM2I|B00MCC376S
109618,4,4,4,hard,extend,False,False,B001J63G28|B00DCDZM2I|B00MCC376S|B01HC2WYFW
109632,3,4,4,multi,extend,False,False,B001LDKAU0|B015OY7HJ8|B01CXO26SY
109633,4,5,5,hard,extend,False,False,B001LDKAU0|B015OY7HJ8|B01CXO26SY|B01GSFL1RG
109641,2,3,3,multi,extend,False,False,B014LNHTM8|B016OY2DH8
109642,3,4,4,multi,extend,False,False,B014LNHTM8|B016OY2DH8|B01DV2OJYG
109643,3,3,3,multi,extend,False,False,B014LNHTM8|B016OY2DH8|B01DV2OJYG
109644,4,4,4,hard,extend,False,False,0143125478|0375723439|B004FHO5Y6|B008D1RCKY
109645,3,3,3,multi,extend,False,False,0143125478|0375723439|B008D1RCKY
109654,2,11,11,multi,extend,False,False,B004TMRV8Y|B007RDMWFY
109658,2,2,2,multi,extend,False,False,B000051WTG|B0084EFBN0
109659,1,1,1,single,seed,False,False,B000051WTG
109679,1,1,1,single,seed,False,False,B00IOEFBKS
10968,3,3,3,multi,extend,False,False,0205021980|B000CQJ0DK|B012AD7TIA
109680,2,4,4,multi,extend,False,False,B007VBXB48|B00IOEFBKS
109687,2,2,2,multi,extend,False,False,B012AD4500|B01ANHX6M8
109690,2,3,3,multi,extend,False,False,B00QUGTKWW|B00RMDEWOI
109701,4,4,4,hard,extend,False,False,B000I2OOPW|B014TE51C4|B0158HNAY2|B018Y65QFA
109702,3,3,3,multi,extend,False,False,B000I2OOPW|B014TE51C4|B018Y65QFA
109703,4,4,4,hard,extend,False,False,B000I2OOPW|B009SZ2P4C|B014TE51C4|B018Y65QFA
10971,3,3,3,multi,extend,False,False,B00R0P3JFG|B016ZXWSQ4|B01E7I8N18
10972,1,1,1,single,seed,False,False,B00R0P3JFG
109721,2,5,5,multi,extend,False,False,B004L7QKT8|B00T62RK1U
10973,2,3,3,multi,extend,False,False,B00R0P3JFG|B014OUTFPW
109733,3,3,3,multi,extend,False,False,0073403253|0393937496|B00WZYEVB8
109736,2,5,5,multi,extend,False,False,B000N648JU|B001AJQGNU
109737,2,4,4,multi,extend,False,False,B000N648JU|B001AJQGNU
109738,3,5,5,multi,extend,False,False,B000N648JU|B000UXDDU6|B001AJQGNU
109745,3,4,4,multi,extend,False,False,B005RON43Y|B006UD2RB6|B01ALDYJ0W
109746,2,3,3,multi,extend,False,False,B006UD2RB6|B01ALDYJ0W
109747,3,4,4,multi,extend,False,False,B006UD2RB6|B00XISZ4ES|B01ALDYJ0W
109752,2,2,2,multi,extend,False,False,B009O94W3E|B0161YMM3Q
109753,1,1,1,single,seed,False,False,B0161YMM3Q
109754,2,4,4,multi,extend,False,False,B0002NIJV2|B0161YMM3Q
109761,4,6,6,hard,extend,False,False,B001QY0SLU|B0049Z6WQ8|B0132LVW0A|B017AM2IDW
109762,4,5,5,hard,extend,False,False,B001QY0SLU|B0049Z6WQ8|B0132LVW0A|B017AM2IDW
109763,3,4,4,multi,extend,False,False,B001QY0SLU|B0049Z6WQ8|B0132LVW0A
109780,3,5,5,multi,extend,False,False,B00Q4OKQVE|B01CKDT81G|B01EKBKFWM
109800,3,3,3,multi,extend,False,False,B002R0I904|B0058J4O7S|B00T54FMB4
109801,4,5,5,hard,eval,True,True,B002R0I904|B0058J4O7S|B00DBWAVYY|B00T54FMB4
109802,2,2,2,multi,extend,False,False,B002R0I904|B00T54FMB4
109804,3,5,5,multi,extend,False,False,B002ZNJYRA|B00B027FFA|B00LV0ZQLG
109805,4,8,8,hard,extend,False,False,B000MM2RZM|B002ZNJYRA|B00B027FFA|B00LV0ZQLG
10982,2,2,2,multi,extend,False,False,B00BT67ITK|B00D2JN87I
109821,4,4,4,hard,extend,False,False,B00KMA1868|B00PTN7DQC|B01616PYK2|B016BV75YA
109830,3,3,3,multi,extend,False,False,B002DN6YA2|B00LZ9D1DI|B01BIDQVVY
109849,2,6,6,multi,extend,False,False,160699879X|B00RW6OPHE
10985,4,4,4,hard,extend,False,False,B003XGH0YC|B0098ZSOX8|B00BGA9Y3W|B01DWG3I1Q
109850,3,7,7,multi,extend,False,False,160699879X|B00PMBM38E|B00RW6OPHE
109856,2,2,2,multi,extend,False,False,B00526IQ62|B005JRGH0G
109857,3,5,5,multi,extend,False,False,B00526IQ62|B005JRGH0G|B00SWG2EVC
109858,2,6,6,multi,extend,False,False,B001B033DY|B01EY4TCTM
109859,3,7,7,multi,extend,False,False,B001B033DY|B001CI5HZM|B01EY4TCTM
109878,3,3,3,multi,extend,False,False,1111346550|1305251075|B00DLDH1N2
109879,4,4,4,hard,extend,False,False,1111346550|1305251075|B00DLDH1N2|B018R4Z6KO
10988,3,3,3,multi,extend,False,False,B001LDKAX2|B00823GUZG|B00NC3DSN8
10989,2,2,2,multi,extend,False,False,B00823GUZG|B00NC3DSN8
109898,3,3,3,multi,extend,False,False,B00DGA7Y2S|B01868XG30|B019C0QJBM
10990,3,4,4,multi,extend,False,False,B000V5KL1C|B00823GUZG|B00NC3DSN8
109903,2,2,2,multi,extend,False,False,B012E3KH12|B01H0KX4GO
109906,3,3,3,multi,extend,False,False,B00886QD9U|B01ADR6N1O|B01EO5BCR6
109922,3,5,5,multi,extend,False,False,B00ZWJTRNA|B013H1EP3G|B015IH9J42
109923,3,4,4,multi,extend,False,False,B00ZWJTRNA|B013H1EP3G|B015IH9J42
109924,2,3,3,multi,extend,False,False,B00PVKNC0E|B015IH9J42
109925,4,5,5,hard,extend,False,False,B000RJ3T8Y|B007WY8M66|B00FZGZHO8|B00VEAA6U4
109926,3,4,4,multi,extend,False,False,B007WY8M66|B00FZGZHO8|B00VEAA6U4
10995,1,2,2,single,seed,False,False,B0075W8E4A
109957,2,3,3,multi,extend,False,False,B0007N5LHW|B00902X34Y
109958,3,6,6,multi,extend,False,False,B0007N5LHW|B00902X34Y|B01GR7UFXQ
109959,2,4,4,multi,extend,False,False,B00902X34Y|B01GR7UFXQ
10996,2,3,3,multi,extend,False,False,B0075W8E4A|B00F8C10NG
10997,1,2,2,single,seed,False,False,B0075W8E4A
109975,2,2,2,multi,extend,False,False,B004H1P7IS|B017N6D4XS
109976,3,3,3,multi,extend,False,False,B004H1P7IS|B017N6D4XS|B01E6RNTFA
109977,2,2,2,multi,extend,False,False,B004H1P7IS|B01E6RNTFA
109978,1,1,1,single,seed,False,False,B00DMPGFSQ
109979,2,2,2,multi,extend,False,False,B00DMPGFSQ|B00LV0ZQ52
10998,2,3,3,multi,extend,False,False,B00394S9F2|B00BCRMAAS
109982,2,3,3,multi,extend,False,False,B001K3A96G|B004AO4ALC
109983,1,1,1,single,seed,False,False,B004AO4ALC
109984,3,5,5,multi,extend,False,False,B004AO4ALC|B00UYNAG0W|B00WI0G7GG
10999,1,2,2,single,seed,False,False,B00394S9F2
109998,2,3,3,multi,extend,False,False,B003L1ZYZ6|B00KDKSZ8Q
11000,2,4,4,multi,extend,False,False,B001L1RG54|B00394S9F2
110021,3,4,4,multi,eval,True,True,B0033WSTXM|B004Q86PNI|B00OD5F95Y
110022,2,3,3,multi,extend,False,False,B0033WSTXM|B00OD5F95Y
110027,3,7,7,multi,extend,False,False,B00IWZNED0|B00K4XHHA4|B00R041BAW
110028,3,6,6,multi,eval,True,True,B00IWZNED0|B00K4XHHA4|B00R041BAW
110051,4,5,5,hard,extend,False,False,B0091HKNLE|B009S5Y69E|B00LTXBSM6|B013HMNNI8
110069,2,3,3,multi,extend,False,False,B0039PL908|B007T0W5CA
110098,3,3,3,multi,extend,False,False,B000VPXIZS|B00ESZ0BAM|B00OLA0HIU
110099,2,2,2,multi,extend,False,False,B000VPXIZS|B00OLA0HIU
110112,3,9,9,multi,extend,False,False,B00CYRYQ20|B00MVMCF26|B019MGXGAI
110113,3,8,8,multi,extend,False,False,B00CYRYQ20|B00MVMCF26|B019MGXGAI
110127,3,5,5,multi,extend,False,False,B0053DDNW6|B00GM02BUO|B00IVLIVAQ
110174,2,10,10,multi,extend,False,False,B00RWASBI4|B018FQ4DR6
110175,2,9,9,multi,extend,False,False,B00RWASBI4|B018FQ4DR6
110176,2,8,8,multi,extend,False,False,B00RWASBI4|B018FQ4DR6
11021,4,4,4,hard,extend,False,False,B003NALJU4|B00BR4A3BY|B00IOEFBKS|B01EFYM194
110215,3,3,3,multi,extend,False,False,B007WI0FSA|B00FK8WQMM|B01CU1F8UI
110235,2,4,4,multi,eval,True,True,B002B56CUY|B01CCHHOIE
110236,2,5,5,multi,extend,False,False,B002B56CUY|B01CCHHOIE
110237,4,4,4,hard,extend,False,False,B0009RSYBQ|B00763LZWQ|B00BVS1LPS|B01E1DPL28
110238,3,3,3,multi,extend,False,False,B0009RSYBQ|B00763LZWQ|B00BVS1LPS
110257,3,9,9,multi,extend,False,False,B014AALIWY|B01B575MVS|B01FJADX1I
110262,1,1,1,single,seed,False,False,B003A6H2Y8
110263,2,3,3,multi,extend,False,False,B003A6H2Y8|B01GOHL5GU
110264,2,4,4,multi,extend,False,False,B00006IFJ7|B003A6H2Y8
110266,4,4,4,hard,extend,False,False,0534582842|B00OJOCDJO|B0140SNCNY|B014EFRB4O
110267,3,3,3,multi,extend,False,False,0534582842|B00OJOCDJO|B014EFRB4O
110268,2,2,2,multi,extend,False,False,0534582842|B014EFRB4O
110286,3,4,4,multi,extend,False,False,B002WKONSG|B00B89182G|B00KGVCJX4
110287,2,3,3,multi,extend,False,False,B002WKONSG|B00KGVCJX4
110305,3,11,11,multi,extend,False,False,B0042F7V1U|B00TID4RY0|B018Z0TE3K
110339,2,4,4,multi,extend,False,False,B00G97S4HE|B00U2ON9B6
11038,2,4,4,multi,extend,False,False,1561488003|B00KLL8INE
110390,2,3,3,multi,extend,False,False,B000GR9OIQ|B01BFNZTM4
110391,3,7,7,multi,extend,False,False,B000GR9OIQ|B00AFPR684|B01BFNZTM4
110394,2,2,2,multi,extend,False,False,B001E52Z2G|B009KYG2AY
110395,1,1,1,single,seed,False,False,B001E52Z2G
110396,2,6,6,multi,extend,False,False,B001E52Z2G|B018S38R1O
110409,3,4,4,multi,extend,False,False,B002E00UVI|B0158VYYE8|B01BEMF94E
11041,1,3,3,single,seed,False,False,B008VD9BQM
110415,4,4,4,hard,extend,False,False,B007WI0FSA|B00NW78KBO|B00UH91J68|B019407ERI
110416,3,3,3,multi,eval,True,True,B00NW78KBO|B00UH91J68|B019407ERI
110420,1,1,1,single,seed,False,False,B000VK6TKO
110421,3,4,4,multi,extend,False,False,0718035860|B000VK6TKO|B009T45XNM
110422,2,3,3,multi,extend,False,False,B000VK6TKO|B009T45XNM
110449,3,6,6,multi,extend,False,False,B00168RFZS|B00ZO1OE6G|B017LDNLIG
110450,3,4,4,multi,extend,False,False,B00168RFZS|B00ZO1OE6G|B017LDNLIG
110451,2,3,3,multi,extend,False,False,B00168RFZS|B017LDNLIG
110457,3,3,3,multi,extend,False,False,B000HCZ4FW|B004VLV7NS|B013BOAECU
110458,2,2,2,multi,extend,False,False,B000HCZ4FW|B004VLV7NS
110463,4,4,4,hard,extend,False,False,B001UHN0HM|B003YMTJ5S|B007V4BISQ|B00SIPNTNY
110464,3,3,3,multi,extend,False,False,B003YMTJ5S|B00SDJG6MG|B00SIPNTNY
110465,2,2,2,multi,extend,False,False,B003YMTJ5S|B00SIPNTNY
110480,3,5,5,multi,extend,False,False,B000F5DRC8|B002EVPO5Y|B01ARGBB72
110481,2,4,4,multi,extend,False,False,B000F5DRC8|B01ARGBB72
110503,4,8,8,hard,extend,False,False,B001GGAIGI|B003D7LX3U|B00PT5O62O|B00ZPWGHXC
110504,3,7,7,multi,extend,False,False,B001GGAIGI|B00PT5O62O|B00ZPWGHXC
110505,3,6,6,multi,extend,False,False,B001GGAIGI|B00PT5O62O|B00ZPWGHXC
110508,3,3,3,multi,extend,False,False,B000A3TA7G|B002N27CSQ|B015XW83N0
110509,2,2,2,multi,extend,False,False,B000A3TA7G|B002N27CSQ
110514,2,2,2,multi,extend,False,False,B0061G4B6G|B012OOMFPM
110520,2,5,5,multi,extend,False,False,B000088O9Y|B005E7SEOI
110521,2,7,7,multi,extend,False,False,B005E7SEOI|B005NHT5VU
110522,2,6,6,multi,extend,False,False,B005E7SEOI|B005NHT5VU
110523,3,5,5,multi,extend,False,False,B00006IUTQ|B0088PUEPK|B015N3GKWU
110564,4,4,4,hard,extend,False,False,B00000IT1E|B006JSOZLC|B00794LHTI|B01BO8A290
110565,3,3,3,multi,extend,False,False,B00000IT1E|B00794LHTI|B01BO8A290
110566,4,9,9,hard,extend,False,False,B00000IT1E|B0056P7638|B00794LHTI|B019EUHI24
110567,2,3,3,multi,extend,False,False,B00I1JWWXU|B00X6E65D8
110622,3,3,3,multi,extend,False,False,B00FP13JNO|B00VQS79Q8|B01ARGBB72
110626,2,2,2,multi,extend,False,False,B00AWRUICG|B01EX4UXKA
110627,1,1,1,single,seed,False,False,B01EX4UXKA
110645,1,1,1,single,seed,False,False,B01FVS4JHK
110655,4,6,6,hard,extend,False,False,B00BQ5RY1G|B014LKZCAW|B019V3M84W|B01A7BSOVS
110658,3,6,6,multi,extend,False,False,B0052EKFAE|B00XT8MP4E|B016MBOMB8
110659,3,11,11,multi,extend,False,False,B0052EKFAE|B016MBOMB8|B019LI1IF2
110668,2,4,4,multi,extend,False,False,B00NB5KRNG|B00PK3CYKQ
110669,3,5,5,multi,extend,False,False,B00HHBR030|B00NB5KRNG|B00PK3CYKQ
110670,2,4,4,multi,extend,False,False,B00NB5KRNG|B00PK3CYKQ
110679,4,4,4,hard,extend,False,False,B0027UMW2K|B00UZDE1SO|B01AEID2ZC|B01DZ7VAEY
110680,3,3,3,multi,extend,False,False,B0027UMW2K|B00UZDE1SO|B01AEID2ZC
110681,4,4,4,hard,extend,False,False,B0027UMW2K|B002C9IMVQ|B00UZDE1SO|B01AEID2ZC
110684,3,3,3,multi,extend,False,False,B00ZTP7NB0|B015HGHZHW|B01DHHPJXK
110685,3,6,6,multi,extend,False,False,B0010DZZPG|B00ZTP7NB0|B015HGHZHW
110686,3,4,4,multi,extend,False,False,B0010DZZPG|B00ZTP7NB0|B015HGHZHW
110689,2,4,4,multi,extend,False,False,B005M3X3R2|B017YSN4JY
110690,1,3,3,single,seed,False,False,B017YSN4JY
110691,2,4,4,multi,extend,False,False,B017YSN4JY|B01FSF0QVE
110708,2,5,5,multi,extend,False,False,B018656FM2|B01ALD9UX8
110709,3,6,6,multi,extend,False,False,B00E0R7QD8|B018656FM2|B01ALD9UX8
110710,4,7,7,hard,extend,False,False,B009R5VTX6|B00E0R7QD8|B018656FM2|B01ALD9UX8
110711,4,4,4,hard,extend,False,False,B003L33HOY|B006L0OW02|B00GS6L97I|B016N95YR0
110712,3,3,3,multi,extend,False,False,B003L33HOY|B00GS6L97I|B016N95YR0
110726,4,4,4,hard,extend,False,False,B000KOSB34|B0034L70M8|B003XU7GJC|B01B7P1082
110727,3,3,3,multi,extend,False,False,B000KOSB34|B003XU7GJC|B01B7P1082
110728,4,4,4,hard,extend,False,False,B000KOSB34|B002UER44E|B003XU7GJC|B01B7P1082
110730,1,1,1,single,seed,False,False,B000MOL2GU
11074,3,4,4,multi,extend,False,False,B013OMN4Y4|B014ZW5STG|B017GQAOFQ
110744,2,2,2,multi,extend,False,False,B001L1REDI|B00SY48CU4
110746,3,8,8,multi,extend,False,False,B004071ZLC|B00FSCBQV2|B01EZ57GE8
110747,3,7,7,multi,extend,False,False,B004071ZLC|B00FSCBQV2|B01EZ57GE8
110748,2,3,3,multi,extend,False,False,B004071ZLC|B00FSCBQV2
110753,3,3,3,multi,extend,False,False,B00CFIX7NC|B00KR4CZIY|B01EYDPIXC
110754,2,2,2,multi,extend,False,False,B00CFIX7NC|B00KR4CZIY
110757,2,2,2,multi,extend,False,False,B00HZULO5S|B01A961OP4
110758,3,3,3,multi,extend,False,False,B00HZULO5S|B01A961OP4|B01DV2OJYG
110759,2,2,2,multi,extend,False,False,B01A961OP4|B01CH7TU1S
110761,3,4,4,multi,extend,False,False,B00EPFU894|B010LRJC3M|B01DF09Q8S
110784,3,4,4,multi,extend,False,False,B00FRKK74M|B018I2IVIE|B01EVY4RPY
110785,4,5,5,hard,extend,False,False,B00FRKK74M|B018I2IVIE|B01EVY4RPY|B01HEUDXPM
110790,1,1,1,single,seed,False,False,B0186VDEUC
110820,4,4,4,hard,extend,False,False,1111821755|B00MJYDIGS|B00SD1ZZLM|B01ECEAGP8
110823,2,3,3,multi,extend,False,False,B000NIG2FG|B01COPZ6KC
110824,3,4,4,multi,extend,False,False,B000NIG2FG|B001B59LCQ|B01COPZ6KC
110825,4,5,5,hard,extend,False,False,B000NIG2FG|B001B59LCQ|B002R10GXQ|B01COPZ6KC
110841,1,1,1,single,seed,False,False,B00UUJMTUK
110842,2,4,4,multi,extend,False,False,B001ACMBJK|B00UUJMTUK
110849,3,3,3,multi,extend,False,False,B00BB4JPYQ|B018RFP81A|B01BU35B8Q
110850,4,4,4,hard,extend,False,False,B009NS379Q|B00BB4JPYQ|B018RFP81A|B01BU35B8Q
110919,3,5,5,multi,extend,False,False,B000W43GZA|B008M11XOG|B00OMSU87Q
110920,2,4,4,multi,extend,False,False,B000W43GZA|B008M11XOG
110933,2,4,4,multi,extend,False,False,B016YAMKWA|B018YS96A4
110934,3,5,5,multi,extend,False,False,B00N4MHJLO|B016YAMKWA|B018YS96A4
110935,4,6,6,hard,extend,False,False,B00N4MHJLO|B016YAMKWA|B018YS96A4|B01A6BYWNI
110969,2,2,2,multi,extend,False,False,B00IOQDL5S|B01873ZACY
110970,3,9,9,multi,extend,False,False,B00IOQDL5S|B00JAJNDZ6|B01873ZACY
110976,2,5,5,multi,extend,False,False,B00L4O3GV6|B01ARGBRGW
110977,2,3,3,multi,extend,False,False,B00L4O3GV6|B01ARGBRGW
110978,3,6,6,multi,extend,False,False,B00L4O3GV6|B01ARGBRGW|B01D3IHNI2
11098,2,3,3,multi,eval,True,True,B008RHBJ8K|B011L1YHH8
11099,3,4,4,multi,extend,False,False,B008RHBJ8K|B00FCTFRDO|B011L1YHH8
110991,2,4,4,multi,extend,False,False,B01C9A8RY4|B01DSTRXY0
110992,3,5,5,multi,extend,False,False,B00COFGXM8|B01C9A8RY4|B01DSTRXY0
111016,2,7,7,multi,extend,False,False,B00R0T04ZK|B018KAMSQ0
111017,2,6,6,multi,extend,False,False,B00R0T04ZK|B018KAMSQ0
111018,3,7,7,multi,extend,False,False,B00IASG7OM|B00R0T04ZK|B018KAMSQ0
11102,4,6,6,hard,extend,False,False,0062388142|B004LK2DKU|B00AI7ELDW|B00XZEV22S
111027,3,5,5,multi,extend,False,False,B00567FWAA|B00GUBORW0|B01AQMB352
111028,2,2,2,multi,extend,False,False,B00567FWAA|B01AQMB352
111036,2,4,4,multi,extend,False,False,B004JMNKWA|B01BHL3DA4
111037,2,3,3,multi,extend,False,False,B004JMNKWA|B01BHL3DA4
11105,3,3,3,multi,extend,False,False,B004BDO6YI|B00YCL88N4|B0178GE900
111051,2,3,3,multi,extend,False,False,B00DC0ZPFU|B01D52LS28
111058,2,5,5,multi,extend,False,False,B00XLE4A6W|B01CZLK272
111059,3,6,6,multi,extend,False,False,B00MWNSIN4|B00XLE4A6W|B01CZLK272
11106,4,5,5,hard,extend,False,False,B000SOLUBQ|B004BDO6YI|B00YCL88N4|B0178GE900
111060,2,5,5,multi,extend,False,False,B00XLE4A6W|B01CZLK272
111073,3,4,4,multi,extend,False,False,B007U1WJWE|B00J4DUVR6|B017SXVUSC
111088,3,10,10,multi,extend,False,False,B000053HJJ|B00BFTZAUU|B00ZYK2BJY
111089,2,4,4,multi,extend,False,False,B00BFTZAUU|B00ZYK2BJY
111096,3,3,3,multi,extend,False,False,1416955054|B002QXN1HI|B0041EIZCQ
111133,4,9,9,hard,extend,False,False,B000T9SI60|B008TLBN2Q|B00BC6G0EG|B00D1UM3B0
111134,1,1,1,single,seed,False,False,B00KW1ZEV2
111135,2,2,2,multi,extend,False,False,B003LYWFHS|B00KW1ZEV2
111138,2,4,4,multi,extend,False,False,B0030HK514|B00IECF9L6
111139,2,2,2,multi,extend,False,False,B0030HK514|B00IECF9L6
111162,1,4,4,single,seed,False,False,1438076371
111163,2,5,5,multi,extend,False,False,1438076371|B00OV9JT0I
111164,1,4,4,single,seed,False,False,1438076371
111165,3,3,3,multi,extend,False,False,B00AWKJPOA|B00B3PDV7A|B01C84PUYQ
111167,2,2,2,multi,extend,False,False,B00EKW6JZ4|B00SYWOKBG
111168,1,1,1,single,seed,False,False,B00SYWOKBG
111169,2,2,2,multi,extend,False,False,B00MCDK9MM|B00SYWOKBG
11118,3,3,3,multi,extend,False,False,B001KN959I|B001NI5DM8|B006P2594Y
111188,2,4,4,multi,extend,False,False,B004Y957W4|B01B7P0AKG
111189,1,2,2,single,seed,False,False,B01B7P0AKG
111190,2,5,5,multi,extend,False,False,B008TMFOD4|B01B7P0AKG
111224,3,4,4,multi,extend,False,False,B00DQGCTA4|B01C3RRDPW|B01GLS0C2K
111227,2,2,2,multi,extend,False,False,B00BITSHS4|B01AQSOYIY
111228,3,3,3,multi,extend,False,False,B000MOL2GU|B00BITSHS4|B01AQSOYIY
111229,2,2,2,multi,extend,False,False,B00BITSHS4|B01AQSOYIY
111232,2,2,2,multi,extend,False,False,B000VWTA94|B01F5FGF80
111238,4,5,5,hard,extend,False,False,B006HW5E5Q|B00J5VN5OS|B00SYIHWRE|B012D2X1LC
111249,4,6,6,hard,extend,False,False,1442249757|1906552061|190655255X|B01BLV4P6Q
111251,2,2,2,multi,extend,False,False,B003DGPWLK|B00N2BWKGG
11126,3,4,4,multi,extend,False,False,B004A2WRKU|B004TSFBJO|B017NDTQ3S
111262,3,3,3,multi,extend,False,False,B00MPIGQB2|B00U2DYTD4|B01BBL38PK
111263,2,2,2,multi,extend,False,False,B00MPIGQB2|B01BBL38PK
111277,3,10,10,multi,extend,False,False,1454916451|1457668734|1464106037
111278,4,11,11,hard,extend,False,False,1454916451|1457668734|1464106037|B007OM9W2E
11129,4,7,7,hard,extend,False,False,0133352013|0691135045|0891415327|B01A7PVTGG
11130,3,6,6,multi,extend,False,False,0133352013|B00PG91SSI|B01A7PVTGG
111310,2,7,7,multi,extend,False,False,B005I8OGOU|B00OP2PKHW
111311,2,6,6,multi,extend,False,False,B005I8OGOU|B00OP2PKHW
111312,2,5,5,multi,extend,False,False,B005I8OGOU|B00OP2PKHW
111313,4,8,8,hard,extend,False,False,B004NF0HOW|B013U63OLW|B018ALN5V6|B01F3P7AB8
111314,4,7,7,hard,extend,False,False,B004NF0HOW|B013U63OLW|B018ALN5V6|B01F3P7AB8
111315,4,5,5,hard,extend,False,False,B004NF0HOW|B013U63OLW|B018ALN5V6|B01F3P7AB8
11133,4,4,4,hard,extend,False,False,B000A215HK|B008MIGHFE|B00HDABAQS|B01CNGSK3W
111333,3,15,15,multi,extend,False,False,B00P5YWV1M|B00V3RIG8C|B017AJ0ISC
111334,4,16,16,hard,extend,False,False,B00KWLKQ38|B00P5YWV1M|B00V3RIG8C|B017AJ0ISC
11134,3,3,3,multi,extend,False,False,B008MIGHFE|B00HDABAQS|B01CNGSK3W
111340,2,2,2,multi,extend,False,False,B008U7KRVW|B00AWKJPOA
111363,2,6,6,multi,extend,False,False,B000668Z96|B00IZ6LH5I
111364,2,4,4,multi,extend,False,False,B000668Z96|B00IZ6LH5I
111365,3,3,3,multi,extend,False,False,B000668Z96|B00IZ6LH5I|B01CJDRIVY
111377,2,30,30,multi,extend,False,False,B0014CV606|B00CI6J3HA
111378,2,28,28,multi,extend,False,False,B0014CV606|B00CI6J3HA
111379,2,27,27,multi,extend,False,False,B0014CV606|B00CI6J3HA
111388,2,3,3,multi,extend,False,False,B0002D0JX8|B00NY421UG
111389,1,1,1,single,seed,False,False,B0002D0JX8
111390,2,3,3,multi,extend,False,False,B0002D0JX8|B005UNRCLW
111395,3,4,4,multi,extend,False,False,B00S8OTAZ6|B011EW6Y0C|B015QZMHRM
111402,3,5,5,multi,extend,False,False,B005JERLSG|B00RJM2GX6|B00ZMBSDN8
111403,2,3,3,multi,extend,False,False,B005JERLSG|B00ZMBSDN8
111404,3,7,7,multi,extend,False,False,B005JERLSG|B00ZMBSDN8|B0173QNVT0
111416,3,4,4,multi,extend,False,False,B018WWO2SS|B0199ONWFW|B01GPL9NSC
111421,4,9,9,hard,extend,False,False,1455707139|B005K47BS0|B0132LVW0A|B015MY23GW
111422,4,8,8,hard,extend,False,False,1455707139|B005K47BS0|B0132LVW0A|B015MY23GW
111423,4,7,7,hard,extend,False,False,1455707139|B005K47BS0|B0132LVW0A|B015MY23GW
111426,3,3,3,multi,extend,False,False,B000ET9SB4|B00ZH6TIFA|B01BB8R7LY
111427,2,2,2,multi,extend,False,False,B000ET9SB4|B01BB8R7LY
111433,3,4,4,multi,extend,False,False,B000HM5V0A|B00Y8S5N9I|B01AF5DDIU
111434,3,3,3,multi,extend,False,False,B009K3YCTI|B00Y8S5N9I|B01AF5DDIU
111453,2,8,8,multi,extend,False,False,B009T8IMS6|B00X48M8NM
111454,3,9,9,multi,extend,False,False,B009T8IMS6|B00X48M8NM|B01D2ODEXK
111455,3,8,8,multi,extend,False,False,B009T8IMS6|B00X48M8NM|B01D2ODEXK
111493,2,4,4,multi,extend,False,False,B00DAZG2VS|B00P8ZAWK0
111499,2,2,2,multi,extend,False,False,B001EXHRO4|B00H33SFJU
111507,3,3,3,multi,extend,False,False,1571103422|B000067SR9|B0061Y0H1Q
11151,2,3,3,multi,extend,False,False,B00000IWD0|B0006HWHDU
11152,3,4,4,multi,extend,False,False,B00000IWD0|B0006HWHDU|B00KAFYNTE
111530,2,4,4,multi,extend,False,False,0310437172|B011Q0QLDM
111544,3,7,7,multi,extend,False,False,B00AZK87M8|B00ILD580U|B01D45D7VQ
111553,4,5,5,hard,extend,False,False,B003FO2B5U|B00538TU8C|B00UXPIDH4|B01E7J3INA
111554,3,4,4,multi,extend,False,False,B003FO2B5U|B00538TU8C|B00UXPIDH4
111575,4,8,8,hard,extend,False,False,B004KNBWRI|B00IQMLIP0|B00JWVSS2A|B00MOOMYFE
111576,4,7,7,hard,eval,True,True,B004KNBWRI|B00IQMLIP0|B00JWVSS2A|B00MOOMYFE
111580,2,3,3,multi,extend,False,False,B00JH8M2D4|B0178WDRIO
111588,2,3,3,multi,extend,False,False,B00006IFI3|B006I6PEBA
111589,2,4,4,multi,extend,False,False,B006I6PEBA|B0070Z7KME
111601,4,5,5,hard,extend,False,False,B0057UUBJI|B00K14XAAC|B00NHB408W|B0156HL9WE
111602,4,4,4,hard,extend,False,False,B001AIJZQ6|B00PTN7DQC|B01CV2DOQ6|B01E5J2NLA
111603,3,3,3,multi,extend,False,False,B00PTN7DQC|B01CV2DOQ6|B01E5J2NLA
111615,3,4,4,multi,extend,False,False,007145151X|B00JMERECW|B00NCA87FA
111616,4,5,5,hard,extend,False,False,007145151X|B004QJREXM|B00JMERECW|B00NCA87FA
111617,3,4,4,multi,extend,False,False,007145151X|B00JMERECW|B00NCA87FA
11162,4,5,5,hard,extend,False,False,5463213682|B00X66INCM|B0116GPL4G|B01CXL6F5W
111638,2,2,2,multi,extend,False,False,B006XE4SIW|B007R6TR2W
111639,1,1,1,single,seed,False,False,B007R6TR2W
111678,3,28,28,multi,extend,False,False,B007WUP3EO|B00AHAJGZ8|B01EJFHAUO
111687,3,3,3,multi,extend,False,False,B00187PN38|B0018Z26NA|B00F6WTZU8
111688,4,4,4,hard,extend,False,False,B00187PN38|B0018Z26NA|B00F6WTZU8|B00U8AS5N6
111689,3,3,3,multi,extend,False,False,B00187PN38|B0018Z26NA|B00F6WTZU8
111721,4,5,5,hard,extend,False,False,B00STVU46W|B00Y4QBJCY|B00YFQARNU|B0158VZLYU
111729,4,4,4,hard,extend,False,False,B0002YS9IO|B000C2Y5SY|B001MGNWDI|B00YSVT0TY
111730,3,4,4,multi,extend,False,False,B00M6BTOMG|B00NHPGW8Y|B019Q6TLDK
111734,2,2,2,multi,extend,False,False,B007AZ3R2Q|B01AILC8U0
111735,3,3,3,multi,extend,False,False,B007AZ3R2Q|B00FRDUHKI|B01AILC8U0
111736,4,4,4,hard,extend,False,False,B007AZ3R2Q|B00FRDUHKI|B00LWU9AJO|B01AILC8U0
111769,3,6,6,multi,extend,False,False,B004S55N5K|B00SJP1O12|B01FIRDDP8
111770,2,4,4,multi,extend,False,False,B002HICVCS|B01FIRDDP8
111771,3,5,5,multi,eval,True,True,B002HICVCS|B006MGWMHA|B01FIRDDP8
111775,1,1,1,single,seed,False,False,B005HRZPY2
111776,2,5,5,multi,extend,False,False,007184872X|B005HRZPY2
111778,2,14,14,multi,extend,False,False,B005JRAYJQ|B00D6NQL9M
11178,1,1,1,single,seed,False,False,B0096HUKZS
11179,2,5,5,multi,extend,False,False,B0009ETA6W|B0096HUKZS
111794,3,12,12,multi,extend,False,False,B00CH5X4ZO|B00HRU0C8G|B010NBUC08
111795,3,10,10,multi,eval,True,True,B00CH5X4ZO|B00HRU0C8G|B010NBUC08
111806,4,7,7,hard,extend,False,False,B002R0NJ9K|B00FGQT8N8|B00JMXDT7W|B018DWZS12
111807,3,6,6,multi,extend,False,False,B002R0NJ9K|B00FGQT8N8|B018DWZS12
111811,2,2,2,multi,extend,False,False,B00ZKEMBUS|B01DPUFUDI
111833,3,3,3,multi,extend,False,False,B00E9ODPEG|B00MCHH5CK|B0154MY7NE
111834,2,2,2,multi,extend,False,False,B00E9ODPEG|B0154MY7NE
111848,3,5,5,multi,extend,False,False,B000E1FZIW|B004VNYXAU|B01DHTXME6
111849,2,4,4,multi,extend,False,False,B000E1FZIW|B004VNYXAU
11185,2,3,3,multi,extend,False,False,B002I7Q6NS|B005LI7CU2
111850,3,6,6,multi,extend,False,False,B000E1FZIW|B003Z3R4KI|B004VNYXAU
111851,2,3,3,multi,extend,False,False,B00RMPRM48|B01D3TDUCO
111852,3,4,4,multi,extend,False,False,B00CXEXSUU|B00RMPRM48|B01D3TDUCO
11186,1,1,1,single,seed,False,False,B002I7Q6NS
11187,2,3,3,multi,extend,False,False,B002I7Q6NS|B0145TK25Y
111871,3,4,4,multi,extend,False,False,B00I1UTU16|B01825OHX0|B01DETZQ3E
111872,3,3,3,multi,extend,False,False,B000HMA7OK|B00I1UTU16|B01DETZQ3E
111873,2,2,2,multi,extend,False,False,B00I1UTU16|B01DETZQ3E
111884,4,5,5,hard,extend,False,False,B004JV8ZUS|B00T62RK1U|B018KZTYUS|B01AL4OD20
111890,1,1,1,single,eval,True,False,B01AWAGTU2
111891,2,11,11,multi,extend,False,False,B0021Y1Z0C|B01AWAGTU2
111907,4,7,7,hard,extend,False,False,B0017WGHRU|B006M1MISS|B00U38L4WW|B017QRYX1G
111908,4,5,5,hard,eval,True,True,B0017WGHRU|B006M1MISS|B00U38L4WW|B017QRYX1G
111909,3,4,4,multi,extend,False,False,B0017WGHRU|B006M1MISS|B017QRYX1G
11191,2,2,2,multi,extend,False,False,B004LONG0W|B009VSKEK8
11192,4,4,4,hard,extend,False,False,B003UGWI8I|B004LONG0W|B009VSKEK8|B00TOKD6NK
111932,3,4,4,multi,extend,False,False,B000BO0Y24|B002665ZTC|B018DP0MNS
111933,2,3,3,multi,extend,False,False,B000BO0Y24|B002665ZTC
111940,3,3,3,multi,extend,False,False,1905662335|B000RHT22I|B00FGSKYKM
111941,2,2,2,multi,extend,False,False,1905662335|B00LGPI4L0
111942,3,5,5,multi,extend,False,False,1905662335|B0072LATE2|B00LGPI4L0
111953,2,2,2,multi,extend,False,False,B00400R22A|B00LLHNNSM
111954,2,2,2,multi,extend,False,False,B000C9KZ18|B00839N5O8
111955,3,3,3,multi,extend,False,False,B000C9KZ18|B00839N5O8|B010GN3MUK
111956,2,2,2,multi,extend,False,False,B000C9KZ18|B010GN3MUK
111961,3,3,3,multi,extend,False,False,B00OCJYTKM|B015C44CVG|B015WRL7RK
111964,2,3,3,multi,extend,False,False,0534421709|B0194I41X0
111965,2,2,2,multi,extend,False,False,0534421709|B0194I41X0
111966,3,4,4,multi,extend,False,False,0534421709|B00KSKSHFC|B0194I41X0
111979,2,4,4,multi,extend,False,False,B0118769T4|B01B7RBXZ0
111980,1,3,3,single,seed,False,False,B0118769T4
111991,4,6,6,hard,extend,False,False,B00786VO0Y|B00NQ2ZYHS|B00VRJKATO|B015QRDY0O
111992,3,5,5,multi,extend,False,False,B00786VO0Y|B00NQ2ZYHS|B015QRDY0O
112008,3,4,4,multi,extend,False,False,B002VAU9DU|B0050QJHTO|B00Q7HI6M4
112009,3,3,3,multi,extend,False,False,B002VAU9DU|B0050QJHTO|B00Q7HI6M4
112010,2,2,2,multi,extend,False,False,B002VAU9DU|B00Q7HI6M4
112029,2,2,2,multi,extend,False,False,B01BY6UFWQ|B01DEDD2R2
11203,4,6,6,hard,extend,False,False,B003G4FVMY|B003SVPAM6|B00A6TKLRC|B018RRTRN8
112034,4,16,16,hard,extend,False,False,B000J657ZI|B011EJNY9O|B014GUKH7A|B01CMKA3OS
112035,3,15,15,multi,eval,True,True,B011EJNY9O|B014GUKH7A|B01CMKA3OS
11204,3,5,5,multi,extend,False,False,B003G4FVMY|B00A6TKLRC|B018RRTRN8
11205,2,4,4,multi,extend,False,False,B00A6TKLRC|B018RRTRN8
112054,1,2,2,single,seed,False,False,B00449FCCY
112055,3,6,6,multi,extend,False,False,B00449FCCY|B006N3EPKE|B00J7AQSYQ
112056,3,5,5,multi,extend,False,False,B00449FCCY|B006N3EPKE|B00J7AQSYQ
112057,3,5,5,multi,extend,False,False,B001KN959I|B00IT6HKXM|B01DVD8G2G
112064,3,5,5,multi,extend,False,False,B000TY3BSA|B01ABVEGNE|B01ADY2YIS
112065,3,4,4,multi,extend,False,False,B000TY3BSA|B01ABVEGNE|B01ADY2YIS
112073,3,3,3,multi,extend,False,False,B005K97AIG|B00JXUALCA|B01E6H26OK
112094,2,15,15,multi,extend,False,False,B0155A9YRO|B01D8EMXIQ
112095,2,14,14,multi,extend,False,False,B0155A9YRO|B01D8EMXIQ
112102,3,5,5,multi,extend,False,False,B00UA2A0XK|B00WH1QCMA|B01A6PGZ70
112112,2,2,2,multi,extend,False,False,B000DN85LA|B00GQHOB0Q
112113,1,1,1,single,seed,False,False,B000DN85LA
112114,2,2,2,multi,extend,False,False,B000DN85LA|B00VUV0MG0
112118,3,4,4,multi,extend,False,False,B00J05ME0K|B00Y1HPJWW|B01A7RCDAA
11212,3,4,4,multi,extend,False,False,B000EDQQCY|B00YDPXXCK|B018M8M0TK
11213,3,3,3,multi,extend,False,False,B000EDQQCY|B00YDPXXCK|B018M8M0TK
112131,4,4,4,hard,extend,False,False,B000MOL2GU|B00ZA2M1BE|B010BAHYHA|B0154ARWHE
112132,3,3,3,multi,extend,False,False,B00ZA2M1BE|B010BAHYHA|B0154ARWHE
112137,1,1,1,single,seed,False,False,B00D5J7SL2
112138,2,2,2,multi,extend,False,False,B00D5J7SL2|B01FT8PJ3A
112151,4,8,8,hard,extend,False,False,B005TTKC9Q|B00ZMQKNUO|B01E9EGCEA|B01GXMFZGC
112156,1,1,1,single,seed,False,False,B011YZ8NBM
112157,2,3,3,multi,extend,False,False,B011YZ8NBM|B018DL39SW
112160,1,2,2,single,seed,False,False,B00P07B7R8
112161,2,4,4,multi,extend,False,False,B00P07B7R8|B017QP6L72
112162,3,5,5,multi,extend,False,False,B002UBZIBS|B00P07B7R8|B017QP6L72
112171,2,7,7,multi,extend,False,False,B00F46300M|B00KMTB8K0
112194,4,5,5,hard,extend,False,False,0133417336|1285453549|B00FQH7MQ2|B00ZCFVTRQ
112195,3,4,4,multi,extend,False,False,1285453549|B00FQH7MQ2|B00ZCFVTRQ
112206,1,1,1,single,eval,True,False,B00JNZ7VNW
112225,2,6,6,multi,extend,False,False,B01CAT2I30|B01CY6KXZE
112226,2,5,5,multi,extend,False,False,B01CAT2I30|B01CY6KXZE
112236,3,3,3,multi,extend,False,False,B000FA6AV8|B000HZEKE0|B01C2WV1VK
11224,3,3,3,multi,extend,False,False,B000G2R1Z4|B00WH69YTI|B015TC63LI
112248,2,2,2,multi,extend,False,False,B0026WOUZQ|B009MLXJNI
112249,1,1,1,single,seed,False,False,B009MLXJNI
112250,2,2,2,multi,extend,False,False,B009MLXJNI|B00YHTH2BU
112255,3,4,4,multi,extend,False,False,B000E9DQFI|B00LXCKR6Q|B01B25Q4MY
112256,2,3,3,multi,extend,False,False,B000E9DQFI|B01B25Q4MY
112273,2,3,3,multi,extend,False,False,B00FZOX2FG|B00JYGPLUK
112274,1,2,2,single,seed,False,False,B00JYGPLUK
112275,2,3,3,multi,extend,False,False,B00JYGPLUK|B00UAZ6LU8
112284,4,5,5,hard,extend,False,False,B002OHKLJW|B004M5OAD2|B006FXDBSY|B01BSGKJZK
112295,4,6,6,hard,extend,False,False,B000QIZ1AU|B008WCQEYY|B00BF9HVES|B00YQKRL70
112296,3,5,5,multi,extend,False,False,B008WCQEYY|B00BF9HVES|B00YQKRL70
112297,2,4,4,multi,extend,False,False,B008WCQEYY|B00YQKRL70
112315,3,4,4,multi,extend,False,False,B010B2LLOK|B0152L66NQ|B01CS433RW
112316,3,3,3,multi,extend,False,False,B010B2LLOK|B0152L66NQ|B01CS433RW
112317,2,6,6,multi,extend,False,False,B00T65KARI|B017XDRM8Y
112318,2,5,5,multi,extend,False,False,B00T65KARI|B017XDRM8Y
112319,3,6,6,multi,extend,False,False,B000E95HP0|B00T65KARI|B017XDRM8Y
112324,4,6,6,hard,extend,False,False,B00IBU4KCK|B00U3E1B7Y|B019407ERI|B01CY6Q3HQ
11234,3,3,3,multi,extend,False,False,B001BJKO3M|B00NKRE7MW|B00YWF37JK
112358,1,1,1,single,eval,True,False,B01BBRORPO
112359,4,5,5,hard,extend,False,False,B000RDG7SY|B00KNK0M1O|B00NHPGW8Y|B017SILUXW
112360,3,4,4,multi,extend,False,False,B000RDG7SY|B00NHPGW8Y|B017SILUXW
112363,3,10,10,multi,extend,False,False,B003UV4WN2|B00SYN7WCO|B01A6HV87U
112366,3,9,9,multi,extend,False,False,B00FL0FS1U|B00IBKNB02|B00T85PMWY
112377,2,3,3,multi,extend,False,False,B000BNZ63M|B0197V366M
112378,3,5,5,multi,extend,False,False,B0007N5LHW|B000BNZ63M|B0197V366M
112379,2,3,3,multi,extend,False,False,B000BNZ63M|B0197V366M
112401,4,6,6,hard,extend,False,False,1419708589|B00CC4R2SK|B00O7CM12W|B01H33F2RW
112402,4,5,5,hard,extend,False,False,1419708589|B00CC4R2SK|B00O7CM12W|B01H33F2RW
112403,2,2,2,multi,extend,False,False,B00FBW7CNA|B016L6GWE4
112420,2,11,11,multi,extend,False,False,B002RL8J8U|B019ZG5SWY
112421,2,3,3,multi,extend,False,False,B002RL8J8U|B019ZG5SWY
112422,1,2,2,single,seed,False,False,B019ZG5SWY
112432,4,6,6,hard,extend,False,False,0073402656|B00U5P24UE|B00UIEFXM8|B01BCQ86BU
112433,4,5,5,hard,extend,False,False,0073402656|B00U5P24UE|B00UIEFXM8|B01BCQ86BU
112434,3,4,4,multi,extend,False,False,0073402656|B00UIEFXM8|B01BCQ86BU
112451,3,3,3,multi,extend,False,False,0073380806|B000TS9ITM|B00LW16RL2
112452,4,4,4,hard,extend,False,False,0073380806|B000TS9ITM|B0047Z4GOU|B00LW16RL2
112453,3,3,3,multi,extend,False,False,0073380806|B0047Z4GOU|B00LW16RL2
112464,4,6,6,hard,extend,False,False,B00C0BC1DQ|B00N24XICS|B01D45DNT2|B01GYGGLI8
112465,3,5,5,multi,extend,False,False,B00N24XICS|B01D45DNT2|B01GYGGLI8
112476,2,4,4,multi,extend,False,False,B0015WJQ7A|B01CCMOMM0
112485,3,6,6,multi,extend,False,False,B005T3GRNW|B00ITFKMEW|B01EMJIH4A
112488,4,8,8,hard,extend,False,False,B0046D9QNE|B00R8PO7JK|B010YBQRMO|B011I0IMKU
112511,2,2,2,multi,extend,False,False,B008UQINX2|B01A7YRDYY
112512,2,3,3,multi,extend,False,False,B0009IQXFO|B01A7YRDYY
112513,2,2,2,multi,extend,False,False,B0009IQXFO|B01A7YRDYY
112517,3,6,6,multi,extend,False,False,B00ESM3TTA|B01C9A8RY4|B01DNDLUJU
112532,3,3,3,multi,extend,False,False,B0027IOGNA|B00FY0S2NS|B00SN68O5Q
112533,2,2,2,multi,extend,False,False,B0027IOGNA|B00SN68O5Q
112534,3,3,3,multi,extend,False,False,B0027IOGNA|B004W906O0|B015QZNF28
11255,3,3,3,multi,extend,False,False,B001BO40DC|B00CH5X4ZO|B00F46300M
112550,3,5,5,multi,extend,False,False,B00C0K49V4|B00C6O9AV8|B00F1LX74E
112551,2,3,3,multi,extend,False,False,B00C0K49V4|B00F1LX74E
112552,2,9,9,multi,eval,True,True,B006MCVOUU|B00C0K49V4
112601,2,2,2,multi,extend,False,False,B00CBTEVB2|B00GM9NPIW
112602,1,1,1,single,seed,False,False,B00GM9NPIW
112603,2,2,2,multi,extend,False,False,B001BJKO3M|B00GM9NPIW
112610,4,4,4,hard,extend,False,False,B00006WNMJ|B000N0WBKO|B00AYPMG26|B016P9HIIQ
11262,3,4,4,multi,extend,False,False,B00HLSWPWU|B00N0X7PUW|B010MVAO9S
112627,4,5,5,hard,eval,True,True,B004Q3SBYO|B008WN4QTS|B00AGCHVS6|B00GO4OHBE
11263,2,3,3,multi,extend,False,False,B00N0X7PUW|B010MVAO9S
11264,3,4,4,multi,extend,False,False,B002T0072U|B00N0X7PUW|B010MVAO9S
112641,4,11,11,hard,extend,False,False,B0027A5KDS|B002LYGM1O|B00ITPYPC2|B00KW272RA
112642,3,8,8,multi,extend,False,False,B002LYGM1O|B00ITPYPC2|B00KW272RA
112657,4,4,4,hard,extend,False,False,B0001YNLLK|B000MUQ2FU|B004F5IZBM|B00SF4HTNE
112658,3,3,3,multi,extend,False,False,B0001YNLLK|B000MUQ2FU|B00SF4HTNE
112688,4,5,5,hard,extend,False,False,B000MUQ2FU|B00DERIV8Y|B00I2JHQGW|B011NQ3LGO
112698,3,3,3,multi,extend,False,False,B0039G5HOQ|B007HIQD5Y|B01DYC8A70
112699,4,5,5,hard,extend,False,False,B0039G5HOQ|B007HIQD5Y|B01AT5MC9M|B01DYC8A70
112700,4,4,4,hard,extend,False,False,B0039G5HOQ|B007HIQD5Y|B01AT5MC9M|B01DYC8A70
112714,2,6,6,multi,extend,False,False,B00WIB5AB8|B010RLCH2U
112715,3,7,7,multi,extend,False,False,B00HC9YNZU|B00WIB5AB8|B010RLCH2U
112716,4,8,8,hard,extend,False,False,B00CPGZ9E4|B00HC9YNZU|B00WIB5AB8|B010RLCH2U
112735,2,3,3,multi,extend,False,False,B007WLYSA8|B00L4HWY3E
112736,2,2,2,multi,extend,False,False,B007WLYSA8|B00L4HWY3E
112737,3,3,3,multi,extend,False,False,B007WLYSA8|B00L4HWY3E|B01AWGZXNA
112752,3,4,4,multi,extend,False,False,B000KL4AFU|B00K5NELR0|B00UT663LA
112753,2,3,3,multi,extend,False,False,B000KL4AFU|B00K5NELR0
112772,2,3,3,multi,extend,False,False,B001PMC5LO|B019OF6T38
112773,2,2,2,multi,extend,False,False,B001PMC5LO|B019OF6T38
112774,3,3,3,multi,extend,False,False,B001PMC5LO|B019OF6T38|B01CFGLROE
112784,3,7,7,multi,extend,False,False,B00I1JWWXU|B01C5543MS|B01CFMQZXQ
112785,3,5,5,multi,extend,False,False,B00I1JWWXU|B01C5543MS|B01CFMQZXQ
112789,2,13,13,multi,extend,False,False,B002UCPBVY|B00FH497AI
112790,2,12,12,multi,extend,False,False,B002UCPBVY|B00FH497AI
112791,2,9,9,multi,extend,False,False,B002UCPBVY|B00FH497AI
112792,3,3,3,multi,extend,False,False,B003JLAJZ8|B00IZF0LCE|B01CUSC0TI
112794,3,3,3,multi,extend,False,False,B000J07BRQ|B00BFZMQL0|B00VTYRVKI
112795,4,4,4,hard,extend,False,False,B000J07BRQ|B00416T8Q6|B00BFZMQL0|B00VTYRVKI
11280,3,5,5,multi,extend,False,False,B004BVALYY|B00ZVEOA9W|B018280H2W
112808,1,1,1,single,seed,False,False,B0053T4PHC
112829,4,4,4,hard,extend,False,False,B00H2ZPMFE|B00LAA77PA|B00OILMEI8|B01AWAGZA6
112830,3,5,5,multi,extend,False,False,030682020X|B00KOW827M|B0156LCR44
112835,2,2,2,multi,extend,False,False,B007R8XGKY|B00K1LRDXK
112836,1,1,1,single,seed,False,False,B007R8XGKY
112837,2,2,2,multi,extend,False,False,B003OLAZDO|B007R8XGKY
112841,3,3,3,multi,extend,False,False,B000T9WLTK|B014DS8XOO|B01EHJXU5G
112842,4,4,4,hard,extend,False,False,B000T9WLTK|B014DS8XOO|B014H2P4KW|B01EHJXU5G
112843,3,3,3,multi,extend,False,False,B000T9WLTK|B014DS8XOO|B014H2P4KW
112870,4,4,4,hard,extend,False,False,B00322FNPK|B004BNC5PU|B014502QVG|B01DP5OL24
112871,3,3,3,multi,extend,False,False,B00322FNPK|B014502QVG|B01DP5OL24
112880,3,4,4,multi,extend,False,False,B0039MIJNQ|B00LLHNNSM|B00QAVJT32
112881,2,3,3,multi,extend,False,False,B00LLHNNSM|B00QAVJT32
112897,2,2,2,multi,extend,False,False,B011NQ2BCY|B01825OGPE
112898,1,1,1,single,seed,False,False,B011NQ2BCY
112899,2,2,2,multi,extend,False,False,B000H8PT1U|B011NQ2BCY
112943,3,3,3,multi,extend,False,False,B000M8J402|B000RG5CHI|B0199R4WZI
112947,3,4,4,multi,extend,False,False,B00G9COZ4K|B00JCWFQII|B01CUUAJF8
112948,2,3,3,multi,extend,False,False,B00G9COZ4K|B01CUUAJF8
112949,2,4,4,multi,extend,False,False,B00FQH7MQ2|B01CUUAJF8
112962,3,8,8,multi,extend,False,False,B003RL7RRS|B0057XTAQA|B008OUJGV2
112967,2,2,2,multi,extend,False,False,B00G3EI6HG|B012NR0LFQ
112978,4,5,5,hard,extend,False,False,0132788659|1933054395|B001MYEU0E|B00O35CWQ8
112979,3,3,3,multi,extend,False,False,B001O1Q0NA|B0082X9ED6|B00EATJ01C
112980,4,4,4,hard,extend,False,False,0316743003|B001O1Q0NA|B0082X9ED6|B00EATJ01C
112997,3,9,9,multi,extend,False,False,B003BKOTQ2|B00W4XV1RM|B010TXST6O
112998,3,7,7,multi,extend,False,False,B003BKOTQ2|B00W4XV1RM|B010TXST6O
113008,4,6,6,hard,eval,True,True,B00705YX42|B00TDMBUMI|B014DIPAYA|B01AW8Q9LI
113009,2,3,3,multi,extend,False,False,B00705YX42|B014DIPAYA
113010,3,7,7,multi,extend,False,False,B000EG6CS4|B00705YX42|B014DIPAYA
113011,4,5,5,hard,extend,False,False,B000FSQ7F4|B0105KBNCI|B0141CBO0M|B01FO28DAC
113018,4,8,8,hard,extend,False,False,B006RFZ66K|B00T85PMWY|B00VNLXSSG|B01E4VHSYG
113024,1,2,2,single,seed,False,False,B019EOIIJM
113025,2,3,3,multi,extend,False,False,B011I5ZTIS|B019EOIIJM
113030,3,7,7,multi,extend,False,False,B001AJQGNU|B00VFVGFWU|B00YP823NA
113045,4,4,4,hard,extend,False,False,B00SB6SOSK|B00WUMGXTI|B01BKLG07Y|B01EH53RHQ
113046,2,2,2,multi,extend,False,False,B00WUMGXTI|B01BKLG07Y
113047,3,3,3,multi,extend,False,False,B00TXN7VN4|B00WUMGXTI|B01D0NQALG
11307,3,3,3,multi,extend,False,False,B003HFG07M|B005T571T4|B009ASXZHI
113072,3,3,3,multi,extend,False,False,B001RJ5YRW|B0145GMV7Y|B01DM3UAKQ
113073,2,2,2,multi,extend,False,False,B0145GMV7Y|B01DM3UAKQ
113075,2,4,4,multi,extend,False,False,B00D2JN87I|B019FEM0ZY
11308,1,1,1,single,seed,False,False,B009ASXZHI
11309,2,2,2,multi,extend,False,False,B009ASXZHI|B01AWGZXHQ
113116,3,4,4,multi,extend,False,False,B00Q2X7S9U|B01ABSO6VY|B01GFA5SHI
113117,2,2,2,multi,extend,False,False,B01ABSO6VY|B01GFA5SHI
113119,3,4,4,multi,extend,False,False,B00R20EPLG|B016V4JOZA|B01F9UBGVC
113120,3,3,3,multi,eval,True,True,B00R20EPLG|B016V4JOZA|B01F9UBGVC
113121,3,8,8,multi,extend,False,False,B0014YK236|B00CBDUDJ2|B01748WZQC
113122,4,11,11,hard,extend,False,False,B0014YK236|B00CBDUDJ2|B01748WZQC|B018HAAD7E
113130,4,10,10,hard,extend,False,False,B00O5YEV84|B015FH11ZA|B01BE5UL4Y|B01EUQYHAI
113136,3,7,7,multi,extend,False,False,B00AU2AYXQ|B00DJYJQSQ|B00N1V1T3C
113137,3,6,6,multi,extend,False,False,B00AU2AYXQ|B00DJYJQSQ|B00N1V1T3C
113138,3,5,5,multi,extend,False,False,B00AU2AYXQ|B00DJYJQSQ|B00N1V1T3C
113144,2,3,3,multi,extend,False,False,B00061MSIA|B00IPGVYI8
113145,1,2,2,single,seed,False,False,B00IPGVYI8
113146,3,5,5,multi,extend,False,False,B001HH4OIE|B01AJTR67G|B01CUSC0T8
11315,3,3,3,multi,extend,False,False,B00K25JAJK|B00O9GW8VK|B017X4EALA
113159,2,4,4,multi,extend,False,False,B007TJGY46|B00O1V4AAK
113160,3,5,5,multi,extend,False,False,B007TJGY46|B00D25EW5O|B00O1V4AAK
113161,3,10,10,multi,extend,False,False,B0007LRJHE|B007TJGY46|B00O1V4AAK
113162,3,3,3,multi,extend,False,False,B008GDHKK6|B00R6HB3BA|B01GNN75NW
113163,4,16,16,hard,extend,False,False,B00JR8K8DA|B00YX3LWNE|B00Z7RQA3W|B011WNKWII
113171,2,2,2,multi,extend,False,False,B00PMD8854|B0166Y7L46
113172,1,1,1,single,seed,False,False,B0166Y7L46
113180,3,4,4,multi,extend,False,False,B009L69I1Q|B00CXO5AQK|B01B7RBXZ0
113181,4,5,5,hard,extend,False,False,B009L69I1Q|B00CXO5AQK|B018CVC41G|B01B7RBXZ0
113200,3,3,3,multi,extend,False,False,B00JS2CXWE|B01BUURG3C|B01D7PEB5O
113234,2,2,2,multi,extend,False,False,B000ULPVPI|B01DIFF7NI
113235,3,3,3,multi,extend,False,False,B000ULPVPI|B00TW72M94|B01DIFF7NI
113236,2,2,2,multi,extend,False,False,B00TW72M94|B01DIFF7NI
113240,2,3,3,multi,extend,False,False,B009757CJG|B00MX8YR8I
113241,1,2,2,single,seed,False,False,B009757CJG
113242,3,6,6,multi,extend,False,False,B001ER28EY|B009757CJG|B01E6VYD2Y
113246,2,3,3,multi,extend,False,False,B0032J1KAK|B009LQ4QJU
113261,4,8,8,hard,extend,False,False,0849947545|B00006JNK2|B00GRJKD5U|B0156XS2W8
113267,3,4,4,multi,extend,False,False,B002ZNJYRA|B0032GADYW|B004IR3044
113269,2,7,7,multi,extend,False,False,0323319742|B00PWF6ZR0
113270,2,6,6,multi,extend,False,False,0323319742|B00PWF6ZR0
113271,3,7,7,multi,extend,False,False,0323319742|B000SQ32MY|B00PWF6ZR0
11328,2,9,9,multi,extend,False,False,B00TGO8K30|B01AO5YX4E
11329,3,10,10,multi,extend,False,False,B00BITTGMA|B00TGO8K30|B01AO5YX4E
11330,4,11,11,hard,extend,False,False,B00BITTGMA|B00KJ6R364|B00TGO8K30|B01AO5YX4E
113328,4,7,7,hard,extend,False,False,1563477017|B00E7GV6G0|B00UMY3VL4|B01AUKUVAS
113329,3,6,6,multi,extend,False,False,1563477017|B00E7GV6G0|B01AUKUVAS
113330,4,7,7,hard,extend,False,False,1563477017|B00E7GV6G0|B00OQX5V2Y|B01AUKUVAS
113335,4,5,5,hard,extend,False,False,B0000TO0BQ|B00JNZ7VNW|B0141KPE50|B01AVTNNSA
113352,2,4,4,multi,extend,False,False,B000095RC5|B00WIWXQYK
113365,2,8,8,multi,extend,False,False,B00D7H9LIA|B017V5WVVM
113371,2,3,3,multi,extend,False,False,B00005302X|B019Q6TLDK
113372,2,4,4,multi,extend,False,False,B0153CNW04|B01DEGYTC6
113376,3,4,4,multi,extend,False,False,B000Z8WXW0|B00427UEFS|B019YD4NEW
113418,3,3,3,multi,extend,False,False,111823071X|B00BY6EZIM|B014697C38
113420,4,5,5,hard,extend,False,False,B000LNW7IY|B002XDRCYE|B00H3KK72G|B00U7EOFDM
113421,4,4,4,hard,extend,False,False,B000LNW7IY|B002XDRCYE|B00H3KK72G|B00U7EOFDM
113422,2,11,11,multi,extend,False,False,B003FDG4K4|B00B3MRU8O
113423,2,10,10,multi,extend,False,False,B003FDG4K4|B00B3MRU8O
113424,2,9,9,multi,extend,False,False,B003FDG4K4|B00B3MRU8O
113464,1,1,1,single,seed,False,False,B01CEAYWZW
113465,2,12,12,multi,extend,False,False,B01CEAYWZW|B01DM31O4W
113480,4,4,4,hard,extend,False,False,B0018HJ8LQ|B004HKITXY|B00FEKQZE6|B01D8YBSOG
113481,4,4,4,hard,extend,False,False,1616950730|B0007WW66M|B00U7EOFDM|B011YZGPOE
113482,3,5,5,multi,extend,False,False,B00006IUTQ|B000JP31T8|B00AWSTDAI
113483,2,4,4,multi,extend,False,False,B00006IUTQ|B00AWSTDAI
113489,3,4,4,multi,extend,False,False,B00ZC9OZVY|B014TWO8LQ|B015QZMXM6
113490,4,5,5,hard,extend,False,False,B00ZC9OZVY|B014TWO8LQ|B015QZMXM6|B016INV7B8
113491,3,4,4,multi,extend,False,False,B00ZC9OZVY|B014TWO8LQ|B015QZMXM6
113526,3,3,3,multi,extend,False,False,B00K8HQ62G|B01BHCPQPS|B01FAY5KGY
113528,2,3,3,multi,extend,False,False,B008SL7WA4|B01EHIP8HK
113529,2,2,2,multi,extend,False,False,B008SL7WA4|B01EHIP8HK
113549,2,5,5,multi,extend,False,False,B003XGH0YC|B005DQD17A
113550,2,4,4,multi,extend,False,False,B003XGH0YC|B005DQD17A
113561,2,4,4,multi,extend,False,False,B006009DQ6|B017AGN1XO
113562,2,3,3,multi,extend,False,False,B006009DQ6|B017AGN1XO
113574,2,3,3,multi,extend,False,False,B00ZW75RAY|B014644NPI
113575,2,2,2,multi,extend,False,False,B00ZW75RAY|B014644NPI
113579,3,4,4,multi,extend,False,False,B0031Z02AY|B0045U1YWE|B00RY0C9IK
113580,2,3,3,multi,extend,False,False,B0045U1YWE|B00RY0C9IK
113619,2,18,18,multi,extend,False,False,1585429139|B00ICB9E5G
113620,2,15,15,multi,extend,False,False,1585429139|B00ICB9E5G
113621,2,12,12,multi,extend,False,False,1585429139|B00ICB9E5G
11363,2,2,2,multi,extend,False,False,B005RRBGYA|B00PDN5L30
113633,4,9,9,hard,extend,False,False,B00931J7OW|B017B4WUJG|B0195MH6VY|B01GD26FFC
113634,3,8,8,multi,extend,False,False,B00931J7OW|B0195MH6VY|B01GD26FFC
11364,3,4,4,multi,extend,False,False,B005RRBGYA|B00PDN5L30|B00V6WZ7WW
11365,3,3,3,multi,extend,False,False,B005RRBGYA|B00PDN5L30|B00V6WZ7WW
113651,3,4,4,multi,extend,False,False,B000BL10WU|B00N14ZL7E|B00VB2SW3S
113652,2,2,2,multi,extend,False,False,B000BL10WU|B00N14ZL7E
113659,3,6,6,multi,extend,False,False,B0000C52WS|B003T1CQDQ|B00430EJY6
113660,2,5,5,multi,extend,False,False,B0000C52WS|B00430EJY6
113661,2,2,2,multi,extend,False,False,B0000C52WS|B00TGHNNZW
113679,1,1,1,single,seed,False,False,B00RAG7Z9Q
113680,2,3,3,multi,extend,False,False,B00RAG7Z9Q|B01EV69QQC
11369,3,3,3,multi,extend,False,False,B0036PC9UK|B005I7JA1U|B01ARRPIES
11370,2,2,2,multi,extend,False,False,B0036PC9UK|B01ARRPIES
11371,1,1,1,single,seed,False,False,B01ARRPIES
113710,2,2,2,multi,extend,False,False,B00S1LRUVW|B01F6P6EK8
113712,1,1,1,single,seed,False,False,B004I116FA
113713,2,2,2,multi,extend,False,False,B004I116FA|B00IL7BVBG
11372,2,5,5,multi,extend,False,False,B00MRXSH9E|B01BTNMGHG
11373,2,4,4,multi,extend,False,False,B00MRXSH9E|B01BTNMGHG
113735,1,1,1,single,seed,False,False,B00PU17QYM
113736,2,4,4,multi,extend,False,False,B000HCMN8I|B00PU17QYM
113737,2,3,3,multi,extend,False,False,B000HCMN8I|B00PU17QYM
11374,2,3,3,multi,extend,False,False,B00MRXSH9E|B01BTNMGHG
113753,2,3,3,multi,extend,False,False,B00E4KLY34|B00NFD0UPO
113754,3,4,4,multi,extend,False,False,055355154X|B00E4KLY34|B00NFD0UPO
113776,1,1,1,single,seed,False,False,B00PF8ACFU
113778,4,8,8,hard,extend,False,False,B00028LZ0Y|B00QG55080|B015FH11ZA|B01CTD1DIS
113779,3,7,7,multi,extend,False,False,B00QG55080|B015FH11ZA|B01CTD1DIS
113791,3,8,8,multi,extend,False,False,B008BOW5VO|B00BQKQ1EW|B01FKV3T38
113792,2,6,6,multi,extend,False,False,B008BOW5VO|B01FKV3T38
113793,1,4,4,single,seed,False,False,B01FKV3T38
113807,3,3,3,multi,extend,False,False,B002YO4KOC|B00HRKI5V2|B00TUVMQUC
113808,2,2,2,multi,extend,False,False,B00HRKI5V2|B00TUVMQUC
113813,2,4,4,multi,extend,False,False,B0013BG2GG|B01AVHMEJG
113816,3,3,3,multi,extend,False,False,B007TJGY6O|B015YHYQ0I|B0177GTZ4G
113820,2,3,3,multi,extend,False,False,B004000394|B00S7ENWEW
113830,4,6,6,hard,extend,False,False,0307931390|B008WXETO0|B00KW80RIK|B0116MGM98
113831,4,5,5,hard,extend,False,False,0307931390|B008WXETO0|B00KW80RIK|B0116MGM98
113836,3,6,6,multi,extend,False,False,B006LJABK8|B00LH1JVTM|B00OMZGDK0
113837,3,7,7,multi,extend,False,False,B009NJ2D0Y|B00LH1JVTM|B00OMZGDK0
113838,4,8,8,hard,extend,False,False,B009NJ2D0Y|B00LH1JVTM|B00OMZGDK0|B00OTIZD1A
113871,3,7,7,multi,extend,False,False,B00002X1ZM|B00005NK9U|B00C9P79IU
113872,3,8,8,multi,extend,False,False,B00002X1ZM|B00C9P79IU|B00XEW3YD6
113873,4,25,25,hard,extend,False,False,B00002X1ZM|B00651CLCS|B00C9P79IU|B00XEW3YD6
113876,4,9,9,hard,extend,False,False,B001IWONL6|B004FUJ5NE|B008ATAIUU|B019INP3HE
113882,3,3,3,multi,extend,False,False,B000O22V4C|B00B2A2RR6|B0176G38HC
11389,3,3,3,multi,extend,False,False,0553385097|B007V60A38|B010LRJC3M
11390,2,2,2,multi,extend,False,False,0553385097|B010LRJC3M
113924,2,4,4,multi,extend,False,False,B005MXS9EO|B007IS3EMI
113925,2,3,3,multi,extend,False,False,B005MXS9EO|B007IS3EMI
113926,1,2,2,single,seed,False,False,B007IS3EMI
113930,2,2,2,multi,extend,False,False,B00R20EL2O|B01CF6QRQM
113968,3,7,7,multi,extend,False,False,B00006JNK2|B00E7LOXTW|B019RIY286
113998,3,3,3,multi,extend,False,False,B00AWSTDAI|B00D07W8CI|B00SOM7YWI
113999,1,1,1,single,seed,False,False,B00SOM7YWI
114008,4,5,5,hard,extend,False,False,B000H7CJAK|B001NVXRAU|B00PYXSTTM|B00U2ON9B6
114011,3,3,3,multi,extend,False,False,B002HOM44C|B00BNKIS9G|B00RNE9D1S
114012,2,2,2,multi,extend,False,False,B002HOM44C|B00RNE9D1S
11402,4,17,17,hard,extend,False,False,B00006IBWL|B000093IJY|B001JTJFO8|B00T62RK1U
11403,4,16,16,hard,extend,False,False,B00006IBWL|B000093IJY|B001JTJFO8|B00T62RK1U
114041,2,2,2,multi,extend,False,False,B002DN6YA2|B00RXSPMPU
114042,3,3,3,multi,extend,False,False,B002DN6YA2|B00RXSPMPU|B01CD5VC92
114044,3,5,5,multi,extend,False,False,B00LYYU5YC|B011I5ZTIS|B01E3Q8MVU
114047,2,3,3,multi,extend,False,False,B00S72BR6O|B00Y7D9QBU
114048,3,4,4,multi,extend,False,False,B00S72BR6O|B00Y7D9QBU|B01AXBI1HO
114049,2,3,3,multi,extend,False,False,B00S72BR6O|B00Y7D9QBU
114076,3,5,5,multi,extend,False,False,B000GTQU5E|B003B2R3K4|B0163J8HJC
114077,3,4,4,multi,extend,False,False,B000GTQU5E|B003B2R3K4|B0163J8HJC
114078,2,3,3,multi,extend,False,False,B000GTQU5E|B0163J8HJC
11408,2,2,2,multi,extend,False,False,B000DINKPQ|B00UTCYT1K
114084,3,3,3,multi,extend,False,False,B000AXI32O|B00GF24C7Y|B01DQSE5HG
11409,1,1,1,single,seed,False,False,B00UTCYT1K
114097,3,3,3,multi,extend,False,False,B00139VKUQ|B003M6YCDK|B008BH4IZM
114110,2,7,7,multi,extend,False,False,B00J8N3FES|B00WWVY1AK
114111,3,8,8,multi,extend,False,False,B00J8N3FES|B00WWVY1AK|B01BU7986S
114112,2,7,7,multi,extend,False,False,B00J8N3FES|B00WWVY1AK
114115,4,7,7,hard,extend,False,False,B000H0ZJHW|B002U5097C|B0054OGQS2|B01F7OJYI2
114116,4,6,6,hard,extend,False,False,B000H0ZJHW|B002U5097C|B0054OGQS2|B01F7OJYI2
114132,2,2,2,multi,extend,False,False,B00NJ1NX7E|B01C0C2YFY
114143,3,4,4,multi,extend,False,False,B00B72A3UW|B00EM5UFEK|B01G2D2QBE
114144,2,3,3,multi,extend,False,False,B00B72A3UW|B01G2D2QBE
114163,4,5,5,hard,eval,True,True,B000YZ5QG4|B004TEXI98|B008YDT100|B01CJ7BGEK
114166,2,3,3,multi,extend,False,False,B010LMLIA2|B01CCMOMM0
114180,2,4,4,multi,extend,False,False,B001CVK2XG|B011LRZ15E
114181,3,5,5,multi,extend,False,False,B001CVK2XG|B00G6PB1L0|B011LRZ15E
114183,2,3,3,multi,extend,False,False,B00T62RK1U|B013HNYV42
114184,2,3,3,multi,extend,False,False,B00FZGLKTO|B00JJNQG98
114185,2,2,2,multi,extend,False,False,B00FZGLKTO|B00JJNQG98
114186,2,3,3,multi,extend,False,False,B000VPBNUA|B00FZGLKTO
114193,3,4,4,multi,extend,False,False,1939457319|B00006II55|B014U8M7M6
114194,2,2,2,multi,extend,False,False,B00006II55|B014U8M7M6
114196,3,3,3,multi,extend,False,False,B002J7VX4Y|B00DZSC9U8|B01FJD7GYK
114202,3,4,4,multi,extend,False,False,B00E68O4JU|B01D3FZWOW|B01DTZPF3Y
114203,2,3,3,multi,extend,False,False,B01D3FZWOW|B01DTZPF3Y
114204,3,4,4,multi,extend,False,False,B003399128|B01D3FZWOW|B01DTZPF3Y
114207,4,5,5,hard,extend,False,False,B007KISYJO|B0167I7QD2|B01A7LT836|B01F7QXL2A
11421,3,4,4,multi,extend,False,False,B0094P4IIW|B00V9YP9CK|B01ES5D7CU
114210,4,4,4,hard,extend,False,False,B001GDJGJQ|B001T4UMM2|B006ML6PMI|B00R8FSIR2
114211,3,3,3,multi,extend,False,False,B001GDJGJQ|B001T4UMM2|B00R8FSIR2
114212,2,2,2,multi,extend,False,False,B001T4UMM2|B00R8FSIR2
114215,3,3,3,multi,extend,False,False,B000234VJQ|B004SRU49I|B00NQUW4PU
114216,4,4,4,hard,extend,False,False,B000234VJQ|B004SRU49I|B00NQUW4PU|B00VZBS1JK
114217,3,3,3,multi,extend,False,False,B000234VJQ|B004SRU49I|B00NQUW4PU
114223,4,6,6,hard,eval,True,True,B00HJTI3BS|B00O7CM12W|B01A5FBEYA|B01DZ6BI7E
114276,2,3,3,multi,extend,False,False,B00FA4JNZE|B011SU175M
114277,1,1,1,single,seed,False,False,B00FA4JNZE
114278,3,3,3,multi,extend,False,False,B003LN0S96|B00FA4JNZE|B00WJ0AFGS
114288,4,10,10,hard,extend,False,False,B00GZH6GUA|B00K6XZ78Q|B010OL38PS|B0181XUHA0
114289,4,9,9,hard,extend,False,False,B00GZH6GUA|B00K6XZ78Q|B010OL38PS|B0181XUHA0
114301,2,2,2,multi,extend,False,False,B000VGFUEE|B0051B4MDO
114302,3,15,15,multi,extend,False,False,B000VGFUEE|B0051B4MDO|B00QMDVSIW
114303,3,21,21,multi,extend,False,False,B0051B4MDO|B00QMDVSIW|B01CUSC0S4
114305,2,5,5,multi,extend,False,False,B00BIZPXWQ|B0161YT7SE
114306,2,4,4,multi,extend,False,False,B00BIZPXWQ|B0161YT7SE
114326,4,5,5,hard,extend,False,False,1305257790|B005OLJPX8|B00Q807H2K|B018JIFL58
11434,3,4,4,multi,extend,False,False,157731400X|1619020041|B00WJ6K9M2
114340,3,7,7,multi,extend,False,False,B00004TT3S|B009R3GCGM|B01BI8K6S8
114347,1,2,2,single,seed,False,False,B00WH1QCMA
114348,2,3,3,multi,extend,False,False,B00HR0I7XS|B00WH1QCMA
11435,4,5,5,hard,extend,False,False,157731400X|1619020041|B00WJ6K9M2|B00ZV4FKXM
114352,2,2,2,multi,extend,False,False,B00837ZOI0|B00UJ5YL6U
114353,3,3,3,multi,extend,False,False,B007Y9RX8C|B00837ZOI0|B00UJ5YL6U
114354,2,2,2,multi,extend,False,False,B007Y9RX8C|B00837ZOI0
114359,4,4,4,hard,extend,False,False,B000C2S9EK|B000NYQWBE|B00DM24HNE|B00UH3KMXU
11436,3,4,4,multi,extend,False,False,157731400X|B00WJ6K9M2|B00ZV4FKXM
114360,2,2,2,multi,extend,False,False,B000GJI08E|B014AHOGAI
114361,3,3,3,multi,extend,False,False,B000GJI08E|B00XAPW74Y|B014AHOGAI
114362,2,2,2,multi,extend,False,False,B000GJI08E|B014AHOGAI
11438,3,4,4,multi,extend,False,False,B004D7LUCI|B00IZF0LCE|B01DWL9SWY
11439,2,3,3,multi,extend,False,False,B004D7LUCI|B00IZF0LCE
114394,1,1,1,single,seed,False,False,B00L3PZF56
114395,2,2,2,multi,extend,False,False,B00L3PZ9KM|B00L3PZF56
