bin_id,readable,width,height,brightness,contrast,blur_var,poor_quality
00015,True,480,370,109.86195945945946,34.00479826685533,105.1126812086263,False
00016,True,466,358,141.26059774138633,37.96893416460797,8.87668389287754,True
00017,True,474,365,130.45938385064449,40.0630066375446,185.90613145372575,False
00037,True,321,294,122.24889270349884,25.110996260744155,154.63678729969706,False
00038,True,321,295,123.09103965362479,23.7799205338027,7.756494507792241,True
00049,True,497,295,113.71126419534154,27.79454095354718,148.01595290707257,False
00050,True,599,444,107.97947780835928,30.081491288113092,98.39547139069026,False
00079,True,398,273,126.7706020947227,44.28838404149104,283.1497373980725,False
00080,True,388,266,125.73807263002868,39.048201953264865,317.85934296634593,False
00081,True,397,272,110.05145206697289,36.148573257267586,248.5208814098771,False
00084,True,543,471,79.23431201198031,30.08157510765561,138.28064461472644,False
00085,True,548,476,94.88169738698399,37.53322549739175,75.00328287489288,False
00086,True,533,463,88.56029078649318,32.71061164486601,117.64416424417,False
00093,True,509,580,128.27068288056364,37.150967763066966,75.83878577430924,False
00094,True,507,578,117.3077878558315,19.270674307131074,25.417760608860284,True
00095,True,497,567,132.52729072849797,21.141551460098547,54.288044090375145,False
00098,True,490,291,115.53226032681114,38.430875672312176,173.62821497329114,False
00099,True,492,292,119.18804293351153,37.39317403173259,121.67225289741096,False
00103,True,517,306,116.37155661748903,36.512812132286314,11.469574599209311,False
00104,True,508,301,97.2028213043137,31.175386652456915,125.10010543589812,False
00115,True,617,456,136.5611191674486,33.64765013978223,89.54011496073511,False
00117,True,643,476,112.74072755074036,39.11486955734637,180.53669949839775,False
00118,True,642,476,108.78213107672975,39.08451928302983,191.93166946944993,False
00119,True,637,471,92.66600339302796,33.103784609065045,135.1767952414134,False
00127,True,332,424,124.65953199590817,28.61485197525794,148.67311225196815,False
00128,True,336,429,108.9608238983239,30.764474073189636,122.97271050515073,False
00154,True,516,307,119.24332121303942,44.26289771902974,276.1271153501149,False
00155,True,524,312,106.73313637698179,41.17313535319818,246.40949304198975,False
00159,True,558,499,133.03835269104516,31.485526529146586,116.92948950204577,False
00160,True,554,495,130.0667031324071,26.42661893769098,90.60277340121738,False
00161,True,570,496,129.80847481607245,29.430485520619882,12.84686527805352,False
00162,True,663,575,120.02061774542592,39.860822528551616,107.97059665542379,False
00163,True,590,513,128.20505831433576,45.42487979965275,108.13497184912104,False
00164,True,640,1060,111.0704672759434,19.427950708657388,26.42780058576149,True
00165,True,640,1059,122.77055152266288,26.24684474600686,20.663039927641496,False
00166,True,643,1065,110.37194780919837,18.8392649479126,25.303623106400277,True
00174,True,470,492,120.36280920256011,35.044848188169354,161.38860923489335,False
00175,True,461,484,98.72443125795522,25.768919973590773,80.29763824555053,False
00176,True,479,502,120.77757446206822,29.67416995318664,92.97370006677255,False
00249,True,644,477,90.26576884513717,37.91693496756617,120.7957061326726,False
00250,True,637,472,131.9235492110795,41.35290111741847,9.11335963189826,True
00278,True,412,527,97.70189384867633,31.413916560484765,35.71617947396321,False
00281,True,601,582,90.94894820202298,33.864350429753024,60.93932187289365,False
00282,True,608,588,113.23203097028285,36.037597450760074,6.076684249837692,True
00283,True,599,580,109.0995740026481,37.33486100917766,102.539494383487,False
00289,True,357,244,125.447593791615,26.39947428148752,179.88011884910574,False
00290,True,355,242,105.87147014317308,25.731217890488956,127.20295159854483,False
00301,True,549,326,128.37985964441762,36.260459526351234,236.58552080037444,False
00302,True,548,325,113.18877035373386,32.14020865802175,149.8612885340015,False
00303,True,779,1055,117.0312431176195,33.219679268728505,36.463945022434075,False
00304,True,733,992,128.93567365664745,27.206260926643168,67.54798655045987,False
00305,True,695,941,109.38910389223159,31.32356085278219,51.10500741149934,False
00314,True,364,551,106.59863185815999,29.6438681546597,112.2704765186971,False
00315,True,372,563,79.56129318741763,17.17031748715331,38.42574597493084,True
00335,True,457,312,125.32377405599506,33.63636815497677,232.36635501168456,False
00340,True,660,639,91.67029449423815,35.66323114891573,125.21666178230038,False
00341,True,643,623,133.53457533781506,42.45550263830555,82.55099321265676,False
00342,True,633,613,142.52377786196394,27.3596123235645,66.73775628212468,False
00351,True,565,505,102.96012967668449,28.141837273313904,101.78863304092094,False
00352,True,554,495,118.12871312401998,20.98533163935332,58.586868862914315,False
00353,True,567,507,79.85021689295193,24.900534778582514,28.601600567240503,False
00365,True,534,317,111.20440340741266,35.46052423688079,29.531415055175746,False
00366,True,512,304,112.54360480057566,39.197884144964895,220.34808654451632,False
00367,True,527,313,120.53782032239877,35.22553437521825,172.41038804508162,False
00388,True,629,1041,97.59494127115758,23.413754426499395,65.79364927535487,False
00389,True,642,1062,104.30330564209069,25.282408432833726,59.29935567876206,False
00390,True,643,1065,87.5450536291883,22.680910253149925,52.15862569736663,False
00397,True,399,272,128.9672803331859,29.781197646690746,215.7287191800163,False
00398,True,399,273,80.84514399551993,25.833003925463572,180.79442025287764,False
00405,True,546,324,106.4650601456157,37.99814138159173,266.46471730591753,False
00415,True,560,333,114.87089768339769,40.97230906021926,325.65348687625743,False
00416,True,552,329,123.81304788335315,39.57891817157595,251.22750392997824,False
00417,True,545,323,124.02070610958049,38.76030177515942,259.9846705793918,False
00421,True,613,594,91.06946572851956,27.387514685029583,72.76109132490643,False
00422,True,608,589,97.53283330354749,33.3024745254424,52.873335475378724,False
00434,True,482,627,123.55350844103847,43.286447830636746,63.32925914628784,False
00439,True,513,677,103.29007402800453,34.05915789938615,141.33180213248787,False
00440,True,523,691,78.10741215242132,21.642354123767838,25.715389366124775,False
00441,True,527,695,90.92437988887828,26.973797462074604,86.29286620407602,False
00457,True,348,526,76.43128031991608,32.38954914734829,244.90107333988743,False
00473,True,604,585,119.61265070470368,33.764550773274195,48.49086895427109,False
00474,True,596,578,109.28821323239126,40.22245603948163,81.61388556943963,False
00517,True,391,266,84.21094936830568,24.260559620491662,139.05672809035698,False
00546,True,448,344,124.75697544642857,28.22368840471501,78.18092620050804,False
00547,True,440,338,122.5197283485745,23.86045253085759,6.829598184180459,True
00548,True,380,260,115.16623481781376,27.746295620158325,256.3094477281016,False
00549,True,381,260,105.18318190995356,31.325352194309588,360.81601021090273,False
00550,True,370,252,104.53305448305449,32.156367361444985,422.8449101904579,False
00558,True,601,581,100.71973847374285,41.093303077068846,85.83635391670086,False
00559,True,596,577,106.1596227885499,45.139677816496125,77.26033632305965,False
00560,True,607,588,95.5631072857479,37.55190371744838,47.63978076830786,False
00567,True,363,248,140.86686883497734,31.584518967871453,163.73044242024812,False
00568,True,374,256,130.61847217580214,25.579802355401846,17.958033242978765,False
00610,True,359,245,129.52606446478313,35.73451762746788,336.06921729788667,False
00619,True,699,947,95.93455879798113,32.17018067713405,65.12873662214464,False
00620,True,715,970,107.19937711772764,30.512719751906314,98.72296591894576,False
00621,True,705,956,97.3177275290068,28.26876891956224,24.739983669405245,False
00627,True,519,674,81.39630538069673,20.33893891302233,27.515111225229884,False
00638,True,329,421,124.58595470330448,29.921354234073647,148.79237345643972,False
00641,True,355,325,122.5684767063922,37.73953647325138,221.24532564801052,False
00642,True,356,327,116.74893481771639,34.95866285235376,171.5259387891516,False
00643,True,358,329,125.46447674517329,30.388130831735737,130.58762972014705,False
00652,True,412,529,101.02429019766183,33.805728874163925,112.82599920662213,False
00678,True,404,275,104.39652565256526,31.024328228413253,132.83525996527646,False
00684,True,481,624,110.50513753398369,25.969814142475293,103.15652881945796,False
00685,True,470,612,116.10132804895008,31.093838726457115,121.1622291769898,False
00714,True,384,262,126.9029401240458,30.78107352287783,56.21183103587297,False
00715,True,402,275,123.29164179104478,30.374480495528964,188.8063603970199,False
00727,True,645,478,105.19036683857156,37.01553318135218,136.4885763378662,False
00728,True,709,525,112.44300624622204,41.79932817002131,101.03349491762137,False
00729,True,648,480,106.88201517489712,37.22608267505482,136.00410351597853,False
00736,True,389,498,122.7470344101341,34.45512618119742,62.20996853616157,False
00753,True,591,438,96.29178932078591,33.000389620993005,161.5852095152418,False
00754,True,598,442,120.00340123185883,35.80014106702358,83.14271283862155,False
00755,True,600,444,116.5872484984985,35.27668883394383,105.8425114275875,False
00805,True,581,594,128.63015988919602,34.10827529454877,7.27644475369039,True
00806,True,599,612,124.67793544796884,26.96572627410339,58.916484822438235,False
00807,True,594,607,91.42810310685105,21.307017353526593,50.87347292102028,False
00826,True,508,302,124.99819445168691,38.60162640976421,141.84758219491357,False
00827,True,490,292,168.95670254403132,37.03000286889495,186.94854135962774,False
00828,True,486,289,119.69635610235379,39.94518562881953,299.8553338221704,False
00835,True,594,932,92.52749598994234,25.966915895362337,55.68757092624014,False
00874,True,416,283,139.9438706170155,39.05490189458634,30.71872146988694,False
00875,True,425,289,147.50748626094037,41.13024586486691,285.45456600743836,False
00876,True,414,283,120.60652771376385,35.29355066907233,272.9411660010426,False
00878,True,443,568,128.10122643309063,26.99079014708786,58.92332133520454,False
00879,True,433,555,130.6501591660945,24.306395241597002,51.169260436079824,False
00889,True,700,518,129.8933976833977,34.90465712964766,36.903166175160166,False
00890,True,779,576,148.1964925652546,38.059273408927396,63.71259003319057,False
00894,True,394,269,121.46809012511086,24.615059280166978,87.21416703718312,False
00895,True,383,261,150.84054100017005,30.433486411527625,197.195403459109,False
00909,True,494,429,109.57689004652568,30.49140292345313,100.39391231988442,False
00910,True,517,448,122.3563182163581,39.3572588955957,125.9765765105022,False
00911,True,503,436,90.201447279625,29.666091181769133,91.17427916768507,False
00924,True,507,301,141.58108081542787,21.555320044937314,6.262451523256373,True
00933,True,652,483,120.57083158683585,37.91964924381181,127.14563914856245,False
00934,True,614,455,135.89437663313885,33.914523440387676,139.23142969042524,False
00935,True,637,472,100.39325293350717,34.015811317400576,88.33952108694969,False
00937,True,613,688,102.26142162069881,29.904992826121166,103.96144358856127,False
00938,True,621,696,79.45179030854943,22.5072845531576,48.556427628138074,False
00939,True,606,680,92.6411667637352,28.547446432959642,93.96968156035902,False
00942,True,387,264,98.3186712082061,31.946571617158483,86.82460002943867,False
00964,True,603,634,134.5771876683878,38.82981137309559,77.22229795006382,False
00965,True,455,478,126.44455837049979,39.65273369003677,138.23712423636863,False
00971,True,723,979,104.29253889070198,33.936947680091144,87.63355266543188,False
00972,True,772,1045,113.13991248729454,38.15587373096463,21.294463189419247,False
00973,True,702,952,82.87696168210874,27.190576926890465,91.29065568744674,False
00976,True,370,253,118.6648434996261,34.51494752121826,355.74358969870025,False
00978,True,562,502,96.01315379053182,38.51435378143486,81.97935254637333,False
00979,True,552,493,100.43588132404386,42.392536450368894,179.63099486197348,False
00980,True,556,497,96.31449850180218,37.336893094520995,116.43744447356278,False
00983,True,554,329,142.99105154005684,36.23099351853974,177.29494130838336,False
00984,True,579,343,124.55150883447384,33.45937330977379,192.74804277213997,False
00985,True,560,332,139.44086166092944,34.71173007636429,174.05406088405942,False
01021,True,409,280,172.50620852252882,22.906453291383393,67.11765647415463,False
01031,True,496,295,124.29821623838163,35.33103529929611,273.6394824053316,False
01032,True,498,296,122.46958102680995,34.92023263603959,258.56801518001987,False
01033,True,484,288,139.5975522268136,32.96743603300978,9.68763756979733,False
01037,True,370,558,89.79044851302916,27.895569391069607,130.25872560495833,False
01039,True,638,473,121.19351236355683,32.053871164734346,132.02560193758214,False
01040,True,645,478,107.74741007427589,24.14101529749183,50.7969257104673,False
01041,True,621,460,136.00332213120492,30.136340625240724,5.276549650482742,True
01048,True,330,420,130.62797258297257,30.712904177997682,165.56480047178653,False
01057,True,652,631,136.3532808960361,35.71120487699419,82.90720427970669,False
01060,True,400,272,106.30520220588235,21.150932885044153,59.88267549436364,False
01061,True,526,456,129.01317874057767,40.9294657097994,7.046454910766373,True
01062,True,528,457,121.83300593461972,40.789148778467734,178.41519660886615,False
01063,True,333,425,122.23542836954601,27.34398731991883,64.33954864988121,False
01067,True,526,313,111.90985677668581,38.37060625515564,170.39253873419068,False
01068,True,390,266,110.88455754771545,40.39966894695587,414.1827787903231,False
01075,True,474,365,125.30822495809491,39.381011749892906,261.8324302197934,False
01078,True,367,556,110.23406288593104,17.994357296923955,48.86698268228785,True
01082,True,350,321,87.87038718291055,34.563148810580564,140.77999299078294,False
01094,True,475,365,115.60746935832732,25.836745441502,136.82438993025877,False
01102,True,604,447,96.55662473887729,32.73155797287993,82.03800316755901,False
01103,True,567,420,111.2380742420425,36.459060875631614,157.0835868412118,False
01104,True,578,428,124.0017826536882,32.61570887628255,130.149539057067,False
01112,True,500,652,97.14965030674847,24.439987923353513,99.99619051788738,False
01114,True,385,263,110.9047355686139,30.54896815974079,224.84025803400547,False
01115,True,382,260,130.02095247684252,33.222802793140346,226.26608809051774,False
01117,True,682,925,114.96456209875565,37.65936979126001,74.1476685093273,False
01128,True,534,608,103.53910408042579,42.26854317119421,137.36652022137264,False
01129,True,495,564,95.50561286625117,37.793875323658234,53.012318431952025,False
01130,True,504,574,109.20965723687848,40.94481285661416,163.50387783518127,False
01139,True,349,319,119.44716206627085,23.64013205680299,102.09742692609571,False
01140,True,363,331,95.44547368771482,24.577237573283604,88.20725068758478,False
01199,True,552,328,130.44593937787204,39.34272004207135,261.1182064905018,False
01200,True,364,249,149.58025508627918,42.20207911913092,274.83798058297134,False
01201,True,398,272,147.57353864912798,41.590770405977565,117.27441860796947,False
01212,True,350,320,115.18885714285715,23.259574313931587,63.81070479902743,False
01215,True,368,251,152.5911462844275,41.760102030459635,182.61741593141738,False
01216,True,348,320,116.21847162356322,29.30825686820305,86.57932634218315,False
01226,True,422,288,138.20873650605583,28.877545167353208,112.30944722861355,False
01229,True,488,375,115.06768306010929,26.75878913651652,80.82653472480517,False
01230,True,499,383,107.52080662630745,22.83821555892372,113.40271806334995,False
01231,True,500,384,104.60121354166667,19.76262032395966,109.2749509830458,True
01232,True,653,884,122.84926513896878,34.76242325937309,56.389285775072516,False
01240,True,351,322,125.21466617118791,41.94557623044055,269.29907699690017,False
01249,True,632,601,115.56642147054487,35.06959019491784,58.358422127764314,False
01260,True,387,584,99.95470956780291,22.42123546136318,120.1702198124807,False
01282,True,512,304,117.45180792557566,35.598148434616306,85.91271218550173,False
01283,True,502,298,162.60305756838417,41.6216641332578,10.17539390744401,False
01284,True,510,303,127.62544489743092,44.66622976564225,305.2585063932753,False
01289,True,492,293,135.3839937290158,31.299730875582494,219.67655682721738,False
01297,True,450,346,121.41991650610147,25.809735438587044,117.79426175326877,False
01302,True,344,235,128.92112815437903,28.777547117911322,238.13231910055134,False
01325,True,604,586,122.41557421513008,47.62807276011421,82.73826833042514,False
01331,True,500,650,98.49341846153847,32.20567832981246,152.77084878722843,False
01332,True,504,655,91.56150490730643,30.38213003212367,113.35141890704439,False
01336,True,660,640,76.89598484848484,34.80204871374691,53.79833539469065,False
01337,True,617,598,89.89194668343424,41.58124362588356,253.05559950005784,False
01338,True,631,611,90.52953901141512,38.5833272879246,200.17189437404193,False
01348,True,392,268,140.44222129150168,34.23171988876941,221.22938263771755,False
01353,True,400,366,130.03880464480875,35.09198359320192,123.26863425135865,False
01373,True,331,424,101.76772074331642,28.87217835386006,20.135210649233596,False
01398,True,438,299,158.8007971778073,28.98882208442976,51.80132510690816,False
01414,True,369,558,106.69988635370224,20.079838747503736,39.999085674709754,False
01415,True,365,551,136.9932625612212,29.79050687938398,101.94264868230707,False
01421,True,565,336,108.78908027812895,26.30386708724098,111.89206278339124,False
01426,True,524,311,99.13697503743158,38.47569610496006,117.18334366139472,False
01427,True,522,310,136.08401928068224,36.41521201041625,82.03639838662552,False
01435,True,393,501,88.87571422041414,23.600836316862082,31.59934313945717,False
01441,True,503,299,101.51722441272099,45.57849078222685,335.65619120218577,False
01442,True,490,291,94.17745283680482,39.852983465739264,254.571963785337,False
01443,True,498,297,104.1944816302246,45.164467817282045,335.6457203097294,False
01444,True,494,293,145.3342429978859,39.182784364491816,250.67222147433813,False
01445,True,508,301,130.5903419049363,31.49489910505292,94.54539803978672,False
01446,True,576,548,112.9305397151257,31.871862674351085,184.72469073352892,False
01447,True,584,556,102.02844436779344,26.042813437451176,43.22167960161581,False
01452,True,506,657,80.172017976068,17.24506944816021,61.62329909046429,True
01456,True,559,499,113.11380542838808,33.3713203603248,85.76412443917559,False
01457,True,559,499,115.3988047651654,34.30578125476976,18.70929535880507,False
01458,True,569,509,119.55436242537661,31.587469006462396,16.288447152106283,False
01483,True,608,589,116.91402131176838,28.537932435510534,39.2328428560275,False
01485,True,542,471,106.23900235817645,36.21739250066856,116.34978031360811,False
01486,True,541,470,115.8067880599363,36.249996203265056,126.53666568565357,False
01491,True,551,628,95.81774596275446,29.54705810434964,94.45293433223026,False
01522,True,334,426,98.89709313766832,21.190796414315727,52.74162995321307,False
01523,True,331,422,95.3378388052863,23.35957655997766,84.37975555003956,False
01545,True,501,436,93.6762255305902,29.94892810857533,118.14836563113941,False
01546,True,504,438,91.63774280640719,27.14557457869444,74.05269078882117,False
01553,True,536,479,125.34182298320506,31.413256712581923,51.24424713857139,False
01554,True,557,498,93.73610780645022,27.69200461336282,43.55477452661895,False
01555,True,556,497,130.88278230534286,34.16789060436965,83.46798414196235,False
01558,True,512,666,67.75278892173424,20.213251544037142,55.181441154507844,False
01559,True,502,654,97.0870249887301,28.54768388849635,64.7205668784901,False
01570,True,383,262,124.81481075478843,39.257557198890595,460.8652540464234,False
01571,True,382,262,101.73514248031654,32.33520707295476,240.93880163842903,False
01572,True,387,264,121.15292459478506,40.56609911014425,250.7005066851007,False
01573,True,420,287,109.10540069686411,31.816530610321696,149.66124809327556,False
01577,True,364,249,132.11801050355268,43.42875286383919,358.82993099444303,False
01580,True,620,600,102.20095698924732,42.80380740210419,121.96044626835472,False
01581,True,624,605,132.00114431023522,29.36149109132396,55.61849230386606,False
01582,True,611,591,86.91074242386479,27.085414528813903,60.925164306511164,False
01584,True,410,280,111.8672212543554,30.757911513556724,119.69251684728172,False
01586,True,488,290,124.18017947993216,35.14336066027309,178.0256829107843,False
01592,True,372,255,128.51721484292642,34.31827486873226,118.02143338992549,False
01593,True,622,1031,87.93268484067852,40.889796168273044,76.90600088992788,False
01594,True,646,1069,63.147044342822056,24.954963688529517,50.4500331675115,False
01595,True,595,986,79.6432304361907,27.479981292951663,13.87198870539333,False
01596,True,369,252,109.09083967823805,29.86713161309701,266.73204467456344,False
01599,True,509,391,131.7506469231581,26.7730508841479,81.78454814834677,False
01600,True,488,374,116.47967256947489,24.155770582605538,128.96173998382827,False
01621,True,700,518,128.18112796469939,38.99554937546001,55.66709620623133,False
01622,True,684,506,111.14222603610476,38.553999260029045,129.0220378516951,False
01623,True,695,515,113.78440176014529,34.27004683569765,80.86175881664946,False
01625,True,527,458,98.63827133896241,36.582097484546864,176.38968767179358,False
01648,True,445,304,118.26818450620934,32.846014840595124,212.1431084477721,False
01649,True,423,289,135.53908071363713,34.628590202082925,10.72264763118479,False
01653,True,544,323,129.70603032234567,41.16890184268913,234.43305229035053,False
01654,True,539,320,105.83036294063079,31.9638253240152,180.45603586070237,False
01655,True,545,324,106.60590667119719,31.4064956924598,95.14100498396813,False
01659,True,364,249,157.44479014960942,29.943987003594565,163.58683685660432,False
01687,True,456,350,99.99669799498747,14.216295333403052,45.10221746078856,True
01688,True,438,336,114.3503546966732,23.20086488234066,8.730167216050043,True
01703,True,643,1065,113.79466409655444,25.809233168995963,42.35309157076663,False
01704,True,640,1058,41.3539136342155,12.08290171303289,15.714362725512752,True
01705,True,648,1074,83.0617542589144,33.29519565304818,26.830841312247873,False
01719,True,644,1066,121.07503816438069,28.352739545361068,57.066330269160574,False
01748,True,584,557,95.72155136371461,27.45219788111639,74.96572802215297,False
01749,True,582,554,94.83211135509323,23.6650838508477,93.57206570133603,False
01768,True,578,343,105.18325985856528,28.711360585189478,168.76251432641104,False
01783,True,718,973,102.51007709550625,21.717746529709856,22.74721528128621,False
01784,True,718,973,91.86754488172295,27.48757136142516,25.981309385395956,False
01785,True,779,1055,110.7555122924639,27.97042610229168,26.712931943476,False
01808,True,586,434,169.86449175068023,51.63641605004677,184.0168350036241,False
01831,True,601,582,131.04024220800383,36.7643236120346,5.9919150961951555,True
01832,True,604,586,124.02373539316955,31.36846371053021,54.903057295083215,False
01833,True,598,579,111.9944027587641,43.55961195873277,111.73725634074373,False
01842,True,411,526,126.41603989157485,27.711478793349997,75.3875485707864,False
01843,True,707,957,105.0374697568279,25.348861468686323,53.420934177500804,False
01844,True,729,988,131.9914765943031,25.400661678940377,54.77080854827271,False
01845,True,695,941,125.07080940985787,24.18071885315112,46.613210970126,False
01849,True,407,279,130.38865551768777,27.276802555953747,52.84063031220348,False
01850,True,371,252,118.6379369357806,31.68039616259689,116.43898942081022,False
01856,True,421,288,128.97493566904197,32.690384620165645,203.30556809660908,False
01857,True,414,284,127.7575695720215,29.642193279143772,161.83158930562186,False
01872,True,371,253,158.87423159285342,36.73724571839069,150.06090466857447,False
01873,True,363,249,165.43682166683263,23.029317721214447,5.797729955687539,True
01880,True,713,639,96.52079533457564,29.458087004666126,32.91682494791588,False
01881,True,705,632,98.35715728521411,25.880962818475226,49.50580750123043,False
01882,True,702,630,100.93177316510649,38.74016352319548,73.71913153526054,False
01885,True,568,337,130.0123657374514,33.477977393806455,82.16960541061795,False
01894,True,415,283,128.40378049299673,30.3934252041487,179.84897852989326,False
01895,True,527,313,125.54778691853944,32.572563346796876,9.33217637235576,True
01897,True,381,261,113.62344505787351,30.331251609009243,96.91898396988029,False
01898,True,381,260,130.42410660205937,42.02726976056738,431.4427138113613,False
01924,True,600,581,110.72186173264487,36.85538978417973,38.269909408760356,False
01925,True,577,558,117.0420386003491,34.0210218454277,5.402078138103367,True
01926,True,583,565,119.48836806873207,34.74221151196968,44.716430062595784,False
01938,True,506,657,78.13644184549486,24.254924164027734,37.74623954019529,False
01940,True,371,253,117.36492547649233,30.42375070229807,263.9916477814648,False
01941,True,369,251,114.64214685971561,26.2191548444218,233.13288823779286,False
01954,True,609,590,100.86175169074059,31.001548657854883,47.28919284441662,False
01955,True,603,584,103.8460409141507,34.818309412869276,77.29232184011597,False
01960,True,416,283,138.6610237156836,32.00246526393556,283.0149495391259,False
01967,True,450,397,116.50933669185558,25.52828243689713,17.522425209658937,False
01996,True,606,449,111.36157357383846,41.435258097057755,15.200442871637145,False
01997,True,604,447,105.87376105604693,31.93839806352475,64.71240497893935,False
01998,True,562,417,133.21764936805005,43.9528485426877,173.6477330645848,False
02012,True,377,569,103.65804869634941,22.35190359141483,118.89889871952288,False
02017,True,363,547,125.63446497549872,19.01291899989436,37.94345973887,True
02018,True,370,557,90.42679411907419,19.59827188480798,67.36131627556415,True
02019,True,366,553,114.03438769157798,17.406614276296626,44.733148965464565,True
02020,True,669,749,108.87809356171957,29.715353100924183,50.93165237163855,False
02021,True,611,686,105.70291736053785,23.388989486140577,44.879632696149166,False
02022,True,609,684,78.070614755279,31.71632547192059,98.45636117966153,False
02024,True,432,294,111.1453058075082,33.61734136955884,313.0654481957393,False
02035,True,550,492,106.12325942350333,40.560306619182334,210.80836009082228,False
02036,True,563,503,96.64793477147771,29.06298020499049,67.28580640466703,False
02037,True,536,479,120.25317826317266,33.391559777850375,66.23194751297726,False
02046,True,471,362,128.05656238636496,23.650275719132406,7.2520905441900405,True
02047,True,398,271,118.30214726770383,33.50469100047037,199.79569069046218,False
02048,True,402,274,105.31446780695065,24.332718983548816,145.90886454624837,False
02062,True,722,647,144.8456138923735,30.50244660840078,32.80336040330886,False
02063,True,704,631,129.9815813643567,35.13255967916277,59.34734515443273,False
02064,True,686,615,147.47697030031526,42.133966512160086,75.25679575829369,False
02065,True,619,600,104.76165858912223,35.1858160805372,84.13782864980753,False
02066,True,583,565,113.22176110748494,33.84917845025348,47.7734186826484,False
02067,True,607,589,100.72250736316265,36.13061012736408,91.836780383408,False
02101,True,372,254,118.98865464397595,30.301946491918248,245.26517893257565,False
02112,True,451,346,120.6307819489125,24.62639601281518,166.8550667436216,False
02115,True,344,316,147.62123748896084,30.085917075429528,44.55328447132341,False
02116,True,339,310,139.4330383480826,26.767136234117498,71.62841988054936,False
02117,True,346,317,120.24058642256706,20.105982618538153,21.71603868185844,False
02159,True,384,263,143.29133990811152,37.723448255164804,178.9818995528709,False
02160,True,385,262,161.3608109447804,48.41212706183013,118.17004205387947,False
02167,True,394,269,108.02713565942672,32.07960637284297,215.85557586850166,False
02174,True,612,686,124.13836248785228,24.802443079556042,30.86901732869774,False
02175,True,611,686,118.95659746245938,27.416892875509205,31.626086834742768,False
02176,True,608,682,114.40888591989504,30.361465876513517,74.66010687474795,False
02204,True,547,489,125.2245451112781,36.654497180870685,45.92480708737799,False
02209,True,443,302,114.80252791771935,24.10220961534679,138.89062386170116,False
02252,True,728,432,98.75893175111925,29.48307263622858,83.64073473099432,False
02253,True,715,425,117.04732538050185,27.831216291996764,5.242207189262646,True
02254,True,731,434,100.57662945148051,32.312504425084036,30.734039994378904,False
02262,True,317,290,95.19613836614816,26.145413017901344,30.08266653839183,False
02264,True,350,322,134.98561668145518,37.93458336097218,229.06048128843605,False
02268,True,360,246,116.23113143631436,29.60800737710504,304.24083063317505,False
02277,True,498,297,116.9883439481833,30.683881559687105,245.9389101918356,False
02278,True,488,291,138.90700523914145,28.679807842600443,7.529730829629653,True
02279,True,496,295,132.8758132859486,35.62107338850839,332.4979867651912,False
02302,True,531,462,99.22697108290329,37.439838884652175,142.53673353431535,False
02303,True,536,466,106.84116968804048,31.15307419996018,130.50238022234356,False
02304,True,597,519,122.08663097116927,34.672714083614935,95.39614175366079,False
02319,True,394,269,108.25325042930199,26.1423662929134,52.71304639292783,False
02320,True,403,275,128.02101511391834,21.79111631684591,70.39849859120599,False
02321,True,386,263,130.019612285506,32.68539149218463,131.43093382369733,False
02322,True,355,325,121.11912459371614,30.691080751854777,109.40220101263839,False
02324,True,516,307,116.7580296947201,41.97846171986849,347.04279094172443,False
02325,True,538,320,80.55991519516729,27.856422282839397,156.39612990603186,False
02334,True,407,278,118.96905767769077,32.04166633156241,155.44284361847525,False
02335,True,405,277,133.10424744841112,34.59458779250739,285.04275919296947,False
02345,True,689,510,112.86926776516121,33.34411913589549,124.1417125541469,False
02348,True,634,1050,132.3020294426919,29.42508769531292,64.40979863420029,False
02349,True,639,1057,125.8401016844259,29.943625391850286,28.306517622949833,False
02350,True,642,1061,97.82555691597594,22.610032774147097,46.818482954978144,False
02381,True,499,569,91.99580531889791,37.182599465608504,77.22245280579581,False
02382,True,496,565,95.6061590065658,40.651262137423544,7.7559581795596415,True
02383,True,498,567,87.31530354221117,33.29108631566112,65.76673280939205,False
02401,True,410,524,128.50538074846398,18.205720222931784,89.05690994349848,True
02402,True,440,564,99.69754996776274,21.598484133980357,82.739151548758,False
02403,True,422,541,116.81747422274006,30.662357241251954,109.68816149463625,False
02430,True,339,311,129.7130296218308,44.060625807644556,225.92676803333882,False
02431,True,341,313,131.5109759868082,45.00661929145344,225.13168393660175,False
02433,True,653,632,106.70154302440537,33.07682449669649,49.15341707853067,False
02434,True,642,622,139.76769240015628,32.595681584789155,4.610848337304905,True
02435,True,658,637,114.20170298654884,30.361621827749598,49.554012891054754,False
02443,True,590,926,91.97658234798843,36.30474702841433,48.64647102871167,False
02444,True,588,923,97.07528872870925,28.065303981169922,36.32507036048625,False
02458,True,362,248,142.58202637675993,36.39601596525299,361.3797292496359,False
02468,True,429,293,129.85227968845717,35.46939310108642,131.12204528849787,False
02473,True,440,564,125.15747904577692,24.534680985875962,87.32466607810207,False
02474,True,433,555,102.58044649730562,40.4647510060087,89.21728960472576,False
02491,True,368,252,150.7520164768806,33.26506241718879,127.03210888342596,False
02492,True,368,251,142.94991772042266,36.828892125074674,151.3897085143186,False
02507,True,492,293,100.81621992841089,35.2013997612232,211.1690417641695,False
02508,True,490,292,81.5406485882024,23.049338055969425,96.76729698807826,False
02517,True,584,556,110.95832820045334,27.394968347037633,82.41001926245538,False
02518,True,574,548,118.27647892876217,39.49407449053356,141.82690962297727,False
02542,True,684,927,109.46169180592618,29.771264281800406,105.86022310581569,False
02543,True,785,1063,121.26756266065875,34.478244654154246,20.96797145523219,False
02544,True,707,959,111.99397651667446,27.036927289464064,41.808519041621395,False
02545,True,712,965,88.10780112941724,26.990810045259177,52.25665250242781,False
02546,True,704,953,102.08773579843556,28.130600987855278,47.82342360423278,False
02548,True,418,286,132.9386940810386,28.639314289233127,164.25937697965261,False
02552,True,700,519,156.38728874208644,35.274343133652074,25.002971419631145,False
02562,True,622,460,135.73681672025722,39.42609496406279,6.317188108363895,True
02563,True,707,523,128.74267161761244,35.75171420709124,62.240913477036734,False
02564,True,640,474,115.64239847046413,31.052961337080102,99.45311900786436,False
02578,True,513,677,120.39269106625089,28.279577967324734,52.26342644025356,False
02581,True,433,332,104.73065472049862,21.310777686469244,60.00133309194976,False
02582,True,433,333,123.66613264534743,19.362473102991416,95.17880548773057,True
02583,True,437,299,119.61788723663165,17.906806710393038,4.068955678307385,True
02594,True,599,581,100.02882888577922,34.856640515668644,70.96632240396426,False
02595,True,598,580,94.47557663475955,35.3347111098909,156.72967101752536,False
02596,True,593,575,95.44063934306034,28.870648730534693,51.74122021682333,False
02605,True,645,478,132.3290130063897,35.89133687388891,83.80672974558375,False
02606,True,650,481,128.60156085079163,29.91554975570942,56.512275737440376,False
02607,True,655,484,112.23525014194688,46.13823542658023,181.6407143623839,False
02627,True,370,252,127.18191763191763,41.552482967533145,259.59019247000265,False
02628,True,370,253,121.94704625574191,34.23543421304432,117.21519429591719,False
02629,True,381,260,94.740137290531,31.68024658304949,161.0072638842878,False
02640,True,593,439,110.72967844288145,35.195291164787584,89.51560513194116,False
02641,True,585,434,141.0669660089015,31.192445708562904,77.77203207506305,False
02642,True,591,438,119.3133378145547,30.502271220195393,53.926928516799016,False
02691,True,476,325,152.33590820943763,40.76221391902624,186.00322940269743,False
02699,True,386,492,143.41038480980666,27.09099520008739,92.73719916138744,False
02700,True,360,247,129.38457040035988,30.429236071603313,22.51368567041515,False
02722,True,603,676,89.70284180674537,24.767516436672068,60.60082107792571,False
02723,True,620,695,69.27670689255048,18.861264221103752,32.224106188076895,True
02729,True,384,262,147.27705550254453,35.89855124073427,264.88752728828575,False
02730,True,384,263,122.89983365019012,34.88984832486412,253.56837629121765,False
02738,True,375,479,122.19351983298539,31.918885368773275,232.01268650556207,False
02739,True,382,486,108.92874841100554,24.834110753630846,175.02797766735165,False
02740,True,394,503,82.87141617301269,21.3118013016947,124.80767572384909,False
02748,True,411,280,116.49969586374696,36.71927033520556,166.32383967889106,False
02749,True,388,264,115.57233091221494,35.576003482463854,349.72358968369423,False
02750,True,529,314,138.7197813444427,32.109569788125256,219.86117893916264,False
02751,True,534,317,135.43406703765405,33.490319047492015,242.08644079093978,False
02752,True,525,311,141.62663604348492,34.2310955563041,203.5950673792195,False
02754,True,613,454,131.99687030635783,43.716759353584656,114.25217009652486,False
02755,True,645,478,98.54316434757224,38.070529891793896,89.90482638123444,False
02772,True,387,264,112.15816106804479,25.553896330729604,157.6336359162953,False
02773,True,391,267,114.93934691609913,28.835379367639593,124.82830941023691,False
02797,True,419,285,104.25681865762257,28.799797374542507,140.43282384378668,False
02820,True,381,260,117.85178679588128,28.88671139175693,137.7567734034876,False
02828,True,414,284,106.302366129142,25.842758748736184,181.21658258130316,False
02830,True,626,464,123.84388426792994,37.239784845347835,147.61233938223828,False
02845,True,539,482,113.0592652753293,36.46225639211251,81.54329463532396,False
02856,True,596,442,109.02882717361597,32.212139412508016,115.41536273910873,False
02857,True,570,422,140.88035254011805,39.034582172904784,90.02452524520626,False
02858,True,583,432,141.20755908137983,36.92831030307267,6.553483841052646,True
02864,True,712,965,101.10035075973686,26.60628862492644,28.984845035842717,False
02865,True,712,966,108.72495027566474,23.48451916576036,28.012309427619456,False
02877,True,469,360,98.94207533759773,26.232342296840237,177.65307092823025,False
02878,True,471,362,100.57230413719488,27.579140287239163,143.392776813603,False
02900,True,386,264,120.2220226880201,35.14230984449184,161.26511068477416,False
02901,True,399,272,106.58397832817337,34.129538473430586,136.15394203109247,False
02904,True,568,508,117.1796363812798,30.07272857689942,25.11977337688969,False
02905,True,552,493,105.30192624276097,33.85365073693428,29.4555432280505,False
02906,True,408,279,104.43262000140558,27.296005632621853,223.46130600896169,False
02907,True,403,275,116.85654861267764,34.03613125242758,237.54295317571098,False
02908,True,401,274,139.4331142945556,37.08961819565808,253.4392444753232,False
02911,True,644,1066,102.87897375688998,28.986215543338396,45.39492411821882,False
02912,True,639,1058,114.01616567711245,26.267960380625308,35.80617265349071,False
02913,True,633,1048,119.9376439588534,30.967790375917012,56.32744587934207,False
02918,True,638,473,128.58978573369475,37.59498457475074,79.06145491652838,False
02919,True,645,478,121.98900132983036,42.47869616623407,83.95471488511384,False
02920,True,635,470,122.93625062824594,40.3719384347831,165.1073646758882,False
02921,True,362,247,148.5465810723153,33.840355413714484,195.27645444012288,False
02959,True,616,690,109.38690476190476,33.57845208968238,22.994932644441224,False
02960,True,608,682,117.39406640685291,34.95786726750707,51.82853581574974,False
02961,True,617,692,97.01401523313442,25.98355530018381,45.19488263273034,False
03014,True,591,604,90.30787418339104,35.72901593237769,121.31494302473413,False
03029,True,483,626,103.30494314686564,40.48775324645492,334.79025837289845,False
03030,True,466,606,86.57457258601397,30.59115250146876,127.60961691540865,False
03031,True,476,618,104.7496192651818,30.671898319596888,142.292538608791,False
03037,True,542,321,109.4558862411054,35.03056214517531,192.8625155741215,False
03060,True,386,493,130.3165035891076,29.053700007016676,132.0673277076017,False
03061,True,400,510,104.93752450980392,22.847965622515158,128.9551384832516,False
03062,True,391,498,127.84581291919596,24.100558334895553,154.74813664880514,False
03075,True,503,573,120.61498721458335,44.55847362568279,158.78180657454706,False
03079,True,356,243,128.12880889628704,31.426668583360136,233.82368768412297,False
03080,True,356,243,124.78625098256809,32.474858507648165,311.1146374410698,False
03094,True,352,322,124.02934429700734,32.703510630725965,57.16868216178573,False
03095,True,345,316,120.11818015043112,28.135826661854068,118.57895485407407,False
03100,True,535,317,118.75444441168666,29.19649587788004,139.94210920717524,False
03101,True,524,598,110.09812287778601,37.72580978913272,131.7485169489636,False
03102,True,549,626,116.11467844527081,33.05250539785927,25.78729579198168,False
03103,True,547,624,114.1771844091314,37.02838876537398,98.90060194535543,False
03120,True,502,298,150.9857415973689,34.34798561484204,8.058730873066557,True
03139,True,535,508,108.80544926043123,28.695389419571466,177.83642087676742,False
03140,True,575,547,106.12601542007789,31.326598687430867,61.24966027823292,False
03141,True,558,530,105.01251437073105,26.696674552290645,91.6502637177297,False
03150,True,416,285,132.9040907557355,29.855811334566084,144.63426857757557,False
03160,True,351,321,91.61439057077686,38.601145537915954,177.10777042430496,False
03161,True,351,321,88.59033824142858,38.42444307399955,325.0805880307392,False
03162,True,352,322,98.18337979954828,44.33904194924298,415.93917910501693,False
03204,True,592,929,98.9974071218689,29.263790288405016,100.39760393684439,False
03205,True,587,921,99.47987799351493,29.282020176663483,68.95394481334301,False
03210,True,487,374,117.1569579110345,29.661455380268624,121.1670777574345,False
03211,True,552,328,139.55736346765642,40.71878678667686,318.16209794478567,False
03233,True,598,579,105.01687836830887,29.26268864478625,65.01964138465935,False
03234,True,583,565,94.90127658282609,28.201922910422333,63.317594711844215,False
03235,True,601,582,120.8270579961233,35.666278133858455,71.74784439342758,False
03261,True,356,325,125.54158167675021,26.778762749688223,56.95873163943648,False
03287,True,723,980,110.78580884636013,36.11656898602277,52.893195297979915,False
03288,True,713,966,99.24487991428049,28.745645378651645,50.03790115357536,False
03289,True,727,985,100.58910759047333,33.91819059444841,36.199288106932045,False
03310,True,402,274,129.02879761775066,32.18516649899121,231.88022532124666,False
03312,True,386,263,126.9256979057901,28.630211425655556,152.70629477037247,False
03341,True,706,957,95.60983775431367,25.094453206058226,46.20894699126308,False
03342,True,699,948,94.6922894671713,22.59471876993423,45.241858195921004,False
03343,True,705,956,107.86763998931718,25.90484309192643,35.369837887507835,False
03368,True,520,310,130.68312655086848,40.999638691761085,232.22201268860562,False
03376,True,430,551,126.18966361372557,31.981298882069062,160.75330605251335,False
03377,True,448,574,88.34812095569936,18.71698584839938,60.84686313360039,True
03385,True,556,330,106.36965881839983,24.10210400654257,79.98243360006092,False
03390,True,401,274,100.30153630522234,37.82169427373497,159.910849469972,False
03397,True,562,503,93.31742993993335,36.1603150849305,65.27322757440207,False
03398,True,551,493,98.41505947143861,36.69658267980001,101.34968043065605,False
03399,True,567,507,88.76501118381461,34.15055740143151,76.56839860776351,False
03437,True,706,523,130.99743525855953,35.22495000143667,68.78972177521844,False
03438,True,639,473,145.0655159521848,42.06699936098512,147.06156299812005,False
03439,True,632,468,139.1306901168452,33.245002710197035,5.741369109877033,True
03464,True,416,535,106.47079888569374,34.01041028607145,145.29960375179402,False
03465,True,421,542,125.55980752206573,27.121703656725984,109.75271375682908,False
03484,True,652,631,88.95386862804196,33.95743762002197,109.58417513658645,False
03485,True,637,617,97.11179582168236,37.46034754304232,156.29656801161113,False
03486,True,642,622,99.05830102873857,38.34107841403463,159.52019910244434,False
03497,True,436,385,111.73111521506017,22.166330290102515,53.64906234630627,False
03517,True,458,587,115.43720568652687,23.93828805516103,11.304801932560828,False
03532,True,516,306,92.1542724324872,26.990868803545105,152.8485522025575,False
03533,True,381,260,100.17272360185746,28.104764690274525,136.66550961187392,False
03539,True,419,287,134.5255087191172,32.95884514275576,182.05622715832652,False
03543,True,364,249,123.36267046206805,31.162162693310663,249.8820236003961,False
03544,True,362,248,144.00167082516487,32.959222832023315,217.8862454324178,False
03557,True,490,559,102.83024351064218,43.01119601871903,7.173340658295697,True
03571,True,506,300,101.82384057971015,31.04737299198075,175.03731444844556,False
03573,True,554,631,87.05241808601326,36.85754458031209,135.1243890647058,False
03574,True,541,616,85.75893307247281,33.95618439149319,135.614802345036,False
03599,True,438,562,119.66839321405938,37.41076780275032,86.97629693075893,False
03600,True,417,533,121.9395305519187,38.71384988358333,160.52153492539614,False
03601,True,419,536,126.85749652691197,35.25228783236454,117.16379896388433,False
03619,True,560,500,122.67469285714286,28.475956215826418,124.2601863938265,False
03620,True,552,493,117.89533542052503,26.15653328457399,88.28959783274142,False
03621,True,731,653,119.87291528314022,29.795526284295395,85.56933633797874,False
03624,True,398,512,113.87803274183418,30.378195839062396,94.15450970931069,False
03625,True,432,554,99.68059316085038,25.985196059597627,41.88857758741624,False
03649,True,594,575,98.2792299809691,37.33441017948995,97.01635816387358,False
03650,True,594,575,91.77484702093398,34.85155085944689,100.13910714029605,False
03651,True,585,567,91.02228553339664,34.08774023272849,105.049334157309,False
03654,True,441,338,101.69715815320211,33.93081205655765,207.39371881719262,False
03657,True,642,1063,94.78276962572863,28.97879395530328,59.61385782524661,False
03658,True,645,1069,93.35141006954264,24.24033408499068,44.16469318949336,False
03659,True,643,1064,103.54262649235842,30.49901398142107,51.80478203278261,False
03662,True,329,419,87.73152171547541,22.605523896165025,60.565142852232654,False
03663,True,373,476,92.30974159100637,29.230400159052834,239.21529752167226,False
03664,True,342,436,74.42531788186062,18.206210338267717,25.548990833538976,True
03683,True,516,306,122.37237802097583,34.26185143135821,194.08544367412068,False
03684,True,481,286,118.99212741520434,34.722346395955626,227.67593568665978,False
03685,True,487,290,102.7177724279544,27.229219638443027,83.52857039278456,False
03730,True,400,274,145.92953467153285,42.60908979094327,224.01130784138735,False
03771,True,573,340,117.0676419258803,44.28908812844603,373.6802209599798,False
03772,True,570,338,90.77013391466832,29.818746385347822,179.32761970060054,False
03777,True,640,1059,104.62431981822473,23.850693708584643,12.79621562779407,False
03778,True,647,1070,126.00290918545696,24.762094649636342,27.36096778407605,False
03832,True,532,316,113.36641048824593,31.894466890331927,51.80112650018474,False
03833,True,499,297,113.09242727880003,32.893859887627706,146.97041584927783,False
03834,True,511,303,108.61450078471644,36.14712615021825,243.60907087541486,False
03835,True,505,300,94.89504950495049,33.10049497472517,258.73666264261675,False
03838,True,708,525,122.24935969868173,38.762264605909614,122.3122758892115,False
03843,True,536,319,117.90154049501707,35.55996694607533,92.87965890835996,False
03863,True,321,294,110.36991120435714,25.594620188949218,72.01335271213001,False
03864,True,385,352,95.67317739079103,25.819625339740877,138.18383216541878,False
03865,True,389,357,110.80823486206822,27.506108481165356,144.85649988895983,False
03866,True,357,540,82.28446415603278,19.46605405450969,138.08174577857181,True
03867,True,372,562,81.14794512685111,20.068012068328937,124.78270164409402,False
03876,True,491,561,95.21940018369874,24.99697000485882,83.90984129548465,False
03909,True,445,570,104.1041947565543,22.20233064456916,55.289156032767245,False
03910,True,483,618,122.15271663752036,24.369327908321548,52.91737507519164,False
03911,True,333,424,95.52779194288628,28.52960596988854,73.87150120009063,False
03917,True,380,260,134.56692307692308,38.314144900277064,462.96201590902575,False
03918,True,385,264,114.01190476190476,35.94399169695766,123.34244504413334,False
03923,True,412,281,140.95090349998273,34.36438923381246,229.3521948174471,False
03924,True,426,291,108.5725682848523,24.773890722245277,120.72366616548838,False
03945,True,556,497,120.96141235904636,29.432285671972778,121.10127270519942,False
03946,True,554,496,117.40043452311635,30.437684283856463,109.05494963068293,False
03947,True,559,499,121.59576397876253,28.769281443134677,60.8715997753339,False
03948,True,487,288,112.85882956878851,30.642616044424404,203.2023761582679,False
03949,True,530,314,118.94033769979569,29.712375823690337,147.92478588268574,False
03950,True,479,284,123.36084565850216,29.47713126090666,193.1955910470902,False
03953,True,686,615,98.5292754035412,37.842765220278906,104.32713855049107,False
03954,True,675,605,122.7463507805326,45.966385237220415,136.45535531199653,False
03957,True,380,259,120.76964031700874,32.092379181304636,202.47219060330212,False
03958,True,361,247,145.20604035125103,23.71820952144036,135.94334705384063,False
03959,True,364,249,160.97296879827002,35.8104646605464,51.514121157279384,False
03968,True,372,253,126.69575842577245,32.3990165301221,77.71971557111051,False
03969,True,372,253,107.88231544052022,27.868364513140882,146.01447524085205,False
03971,True,417,285,159.46613656443267,39.60792394308475,174.3396988505991,False
03972,True,418,286,137.84294174724798,27.517171774767633,136.6378472492958,False
03975,True,522,311,159.25751807911692,39.3427631875852,51.6896351599493,False
03985,True,692,512,122.97292438132226,38.591082540434506,90.9112967931725,False
03989,True,438,562,116.15806642941874,31.235896233534802,151.93910275417096,False
03992,True,707,634,136.13018530334332,29.815445665209904,6.273756902096897,True
03993,True,723,648,121.46665983641549,39.14734247667427,48.04911762830052,False
03994,True,703,631,121.50048129704481,32.31320855532851,34.11059636205773,False
03997,True,602,445,133.84352159468438,41.83719138079953,142.88980100163545,False
03998,True,596,441,132.2002998067236,42.25256015129148,138.47059922666878,False
04003,True,583,555,104.5581815091249,26.409494742553903,62.46224390575037,False
04004,True,608,579,93.94620091355331,32.96369622965104,39.240372989307495,False
04014,True,429,293,145.81929560769152,35.96962177593891,95.16853027893563,False
04015,True,430,293,140.26860068259387,39.181751642229024,229.69344559728899,False
04016,True,415,284,151.2501951467843,41.55208094136249,201.53413388066593,False
04024,True,432,554,139.59065383072604,28.637266198725133,13.270575022079361,False
04025,True,431,552,111.41180352399206,27.33508346634734,74.83290106005255,False
04053,True,583,565,95.3759468115788,29.901245171528213,71.02220722449347,False
04054,True,569,551,117.53306498170765,34.850156930880466,5.740124297938374,True
04055,True,590,571,98.60791949894625,33.633775514880405,83.19746512191541,False
04058,True,567,550,119.44397627064293,27.357805168502182,72.23478768443398,False
04109,True,561,501,115.29507829261263,29.532006774298157,80.53113804028999,False
04110,True,568,507,123.26795982998583,34.88188325693207,91.57949309416891,False
04116,True,620,460,178.1998842917251,47.258255517664495,63.236605775418546,False
04117,True,653,484,170.2773087972865,44.155967118914205,22.99430894450245,False
04118,True,639,473,156.46641323156226,43.726633579544455,77.64759631429389,False
04131,True,428,329,107.27597789961082,22.619845962054367,59.53401608402224,False
04132,True,454,348,95.1162843688288,22.265833473456794,130.85397601681285,False
04145,True,696,515,138.54312855708068,40.57753586537236,130.32156957187826,False
04146,True,689,510,126.68917157574205,35.79957189307096,50.825442243794505,False
04147,True,694,515,103.04148456954198,31.20834568244061,94.7328919781182,False
04157,True,601,583,115.36163569579574,31.6043205324444,72.8529650833841,False
04158,True,594,576,136.9806572671156,32.77711997453999,64.26488515586018,False
04159,True,619,600,103.9043591814755,25.77730065866871,47.504971880046654,False
04175,True,353,452,109.29021158715436,27.38573616256627,107.2484684368922,False
04176,True,475,365,123.80394520547945,27.121266822691997,122.12220901595569,False
04182,True,391,267,120.11804936923475,30.5241268693375,205.69163819792564,False
04183,True,407,278,141.25987661958885,38.23728078191142,248.6921221106244,False
04184,True,413,282,118.41092679408582,29.73567698795586,111.754544008059,False
04193,True,345,317,143.237196543684,29.29302952877552,7.7033830421789435,True
04212,True,444,341,105.95140815302106,24.537672909450738,76.57345658360848,False
04213,True,445,342,109.63029108351402,32.843487695446605,118.17919069847093,False
04218,True,330,422,92.63932931207813,16.55186331460577,49.761182916713146,True
04223,True,403,275,130.4524971802391,30.487232841156622,233.15494074131485,False
04224,True,401,273,147.50645364610452,33.26538666351972,277.9195314379645,False
04225,True,434,384,117.0292458717358,33.69552370250465,69.76938723642684,False
04226,True,430,380,127.74796205630355,31.564498219778013,99.36437534925668,False
04231,True,712,964,100.8794917595226,27.453040505894812,45.63647950851996,False
04232,True,686,929,128.08260551644923,39.740890208137735,65.3459622544138,False
04235,True,696,515,147.23790313581074,50.007030335115516,49.731290920029295,False
04244,True,598,442,111.75718836544137,37.923664207669034,110.85555794936108,False
04245,True,601,446,99.89626407407684,33.056922218267125,59.485784499352086,False
04246,True,599,444,112.60374648438088,37.27783173025744,122.0558014556001,False
04247,True,433,295,105.83386699025326,37.24689587246833,147.67921058247998,False
04248,True,356,243,121.97604845794609,34.36742499418053,12.546938343590286,False
04253,True,352,240,126.39988162878788,30.59906740608857,10.885591818929486,False
04254,True,355,242,123.42870445815389,29.156781377586697,234.22231536737866,False
04255,True,365,249,149.52382681410575,34.49590673677815,265.6419806634575,False
04259,True,372,562,81.73027398308652,22.48971118024789,60.80378680730798,False
04281,True,632,1047,121.09390603653597,18.820557315965136,26.10537020782215,True
04282,True,638,1057,84.41817203121154,34.0857772177072,76.3782535017259,False
04283,True,648,1074,86.21525622456721,30.383227934416027,57.66898950336343,False
04284,True,341,436,105.50776184454787,25.12279938323075,46.54211798700524,False
04285,True,335,428,110.29630352908356,19.644147632401555,44.501205323020464,True
04309,True,384,263,141.16093353929023,28.59818941140786,162.76638741064667,False
04322,True,609,452,111.50204891233271,40.50709660732928,189.03961172309346,False
04323,True,645,478,106.79891991826409,45.11173860475778,243.5805215552443,False
04330,True,526,313,116.2405034074758,33.9312268638076,273.6059710597586,False
04331,True,524,312,134.62331180270112,40.613301727027086,183.74932448111775,False
04333,True,601,582,112.0315853874699,31.58233203053674,68.75470153548474,False
04334,True,599,580,126.03672212307869,33.90056476949338,75.50119674354147,False
04335,True,591,573,95.22405601178822,42.76727196395202,152.23719049200872,False
04354,True,508,302,117.93260807216978,30.8092106941218,92.60148030961301,False
04355,True,516,307,106.12218771305204,26.65741405790593,114.59672181762421,False
04356,True,487,289,127.28463937815735,31.48651067165164,9.861857786498351,False
04374,True,798,376,110.13765797472405,21.405151678208245,61.403266074488094,False
04375,True,805,379,121.62393352890084,34.853938692136936,186.91004768137256,False
04392,True,502,299,142.19911657716958,36.006294041294176,169.7687418756826,False
04393,True,506,300,119.0665744400527,31.07240250801268,160.74852724872892,False
04397,True,624,371,116.24819873522704,41.93667616558357,196.0095310851154,False
04420,True,572,545,108.53800603066658,31.182462642795375,145.55820476637138,False
04421,True,595,566,99.63149924280667,28.3446723446443,89.93994022254718,False
04422,True,568,540,104.52251238914971,30.688030325232884,115.12904579948494,False
04456,True,496,646,112.43642951662838,30.855848232691137,66.25608136231135,False
04457,True,504,656,118.11390582655827,25.30259480124507,29.915150455626552,False
04458,True,496,645,103.60063140785196,26.965898780231303,137.2933667585497,False
04459,True,558,532,111.04155550165737,33.791581083897704,131.59388221349604,False
04461,True,599,444,120.16647490562349,40.31691562216298,138.28348995493002,False
04462,True,588,436,118.21772998190102,41.01849988266226,130.79148470775266,False
04463,True,600,445,116.50792134831461,30.724085956322476,104.6279885763021,False
04472,True,612,960,84.52946793300653,28.811511640170618,71.0971073789588,False
04473,True,572,898,90.00537324590776,32.616922759850986,131.76512019667263,False
04477,True,530,315,110.84182090446241,25.461360281103428,150.69154034335702,False
04478,True,576,342,120.14645772417154,30.350268286597217,155.63261452148947,False
04479,True,485,288,121.63681271477664,32.19433218940648,204.1312187175662,False
04480,True,495,294,125.70137428708857,30.188142378322134,167.65844809671648,False
04481,True,497,295,99.30105378030898,32.87872913658224,213.54070904164126,False
04482,True,397,507,105.87295743718917,25.757164582998886,144.3948327096058,False
04483,True,400,510,108.94858823529412,27.417382742309538,50.7111295587995,False
04487,True,635,470,110.54862456022785,34.25379984793007,105.11266146216278,False
04488,True,624,462,130.30152833277833,40.11518054243196,102.75394963929445,False
04489,True,621,460,116.43111391164321,39.225486516791705,186.25372120683326,False
04491,True,377,256,135.84665119363396,24.60858425746692,157.0181907083358,False
04498,True,495,564,100.47943620603195,38.326443794642664,146.64078476991924,False
04501,True,524,311,146.10894430671806,39.98002739835593,134.70888024795366,False
04511,True,603,446,147.67216979378148,27.114289293883775,46.45247891139205,False
04512,True,601,445,110.98380601619024,30.788625374683185,75.76692193899369,False
04513,True,599,443,117.04346220374816,32.10319317516416,83.03633590316538,False
04514,True,494,294,144.02522790492716,31.09271927944452,117.45296869047701,False
04533,True,366,249,125.98174117233962,34.93275231864543,301.67030013963114,False
04548,True,687,509,129.61405329970287,23.196816485815702,55.21377926502404,False
04549,True,695,515,118.07097855696026,35.729922159754445,88.92303725584841,False
04550,True,697,515,115.2097588834255,30.044139009058302,37.03972771826049,False
04557,True,728,653,76.18105573599448,22.04100694293143,63.751719691005604,False
04566,True,413,281,131.74194549042247,38.98699059715731,206.91292154683887,False
04567,True,394,269,116.37554016568227,37.59747115241957,282.346350136376,False
04568,True,520,676,97.77143832498862,21.283933951438588,29.585130912058045,False
04569,True,524,681,80.67143906020559,17.219653731399145,19.972640705734708,True
04575,True,561,501,119.98051668499009,28.56362857716246,23.705315284076363,False
04576,True,560,501,98.59637867122898,34.289774729303026,76.19830188139701,False
04577,True,424,289,114.5713504602729,34.36922584204898,160.145131986991,False
04588,True,584,555,95.42468221646304,24.908818498526966,77.5791922244252,False
04589,True,572,544,116.38302781777047,34.46291245435946,133.3895766469669,False
04594,True,600,445,113.56230711610488,31.91347639322901,93.57462197218366,False
04595,True,604,447,131.18063025023335,38.94184194642089,89.3575591167982,False
04596,True,603,447,114.67588233329994,24.770830573853,23.87790803795259,False
04611,True,432,553,110.3595832496149,24.17529930066342,71.3789182926031,False
04612,True,426,546,97.6326978967824,29.01695824734417,104.48369897118569,False
04634,True,501,297,103.84844452509124,29.820238199341816,106.64935157574405,False
04635,True,511,303,125.68506713685068,35.87554125374221,98.69074393787749,False
04636,True,515,446,115.410779746615,42.65602584665765,237.34567933628682,False
04637,True,530,460,112.81784659557015,40.87204747457605,152.50633171792535,False
04638,True,523,454,115.65629922254698,42.14964969901252,160.85628122373288,False
04639,True,348,319,117.41954022988506,41.17022326460014,90.8874004598157,False
04666,True,594,566,104.58017156250372,27.77318533202918,36.74532620438986,False
04667,True,602,574,140.518938034658,23.94824630841984,52.710788964963655,False
04694,True,532,316,134.5581814504616,30.480937360844766,159.6428969229909,False
04695,True,518,308,133.49687233615805,31.21313414274808,97.29292362083537,False
04696,True,645,478,137.2165126009536,29.917955239535672,45.16949058195337,False
04697,True,650,481,136.88535742843436,37.22616790290603,32.55317655572918,False
04698,True,637,472,142.36776933720034,43.46365606438503,101.47183312167762,False
04712,True,402,275,110.84732700135685,38.780896926147314,169.97933783449022,False
04713,True,389,267,126.292722143593,45.96078358604327,292.04827293319806,False
04761,True,558,332,124.67105518849591,33.6745865458035,121.69574621268985,False
04775,True,342,314,100.32079003240585,27.70312046013577,104.33164676759212,False
04793,True,692,620,96.95978230468022,32.145651745909255,34.264511484840995,False
04794,True,707,634,117.1736131251701,28.35725615520892,77.42757930656703,False
04795,True,707,634,112.08415395392626,28.481374776989178,18.167382096393283,False
04802,True,396,270,132.84000187055742,39.09300376581902,171.43019643993313,False
04813,True,335,427,96.41357614736621,22.95983950364982,62.01599417705282,False
04814,True,336,430,109.896892303433,21.590699037221224,31.538777326585496,False
04827,True,367,554,115.49465369519669,27.00702308518033,97.7165022982044,False
04828,True,370,558,91.60946914656591,21.007292996529433,62.5284894087542,False
04833,True,350,321,97.21543391188251,33.855515621968365,155.7977775523078,False
04836,True,552,629,116.3265650561047,29.496546101636365,33.558454726957855,False
04837,True,533,607,149.31914406965637,24.12474781027698,35.075335607159225,False
04838,True,550,626,111.93378449027011,24.012298766828003,37.467717181105265,False
04841,True,395,269,109.20927015199285,25.68777220861778,101.59154144495403,False
04852,True,468,491,81.50841210158929,34.70008589659765,97.23493880675512,False
04853,True,470,493,97.35328643563075,38.80609247671527,149.05978603414366,False
04854,True,460,483,137.42722567287785,27.41443995765786,6.514060777576637,True
04864,True,357,327,107.49986722517754,29.300588021225565,213.7349960243647,False
04865,True,351,322,120.82429084602998,28.76281938080061,121.91340495649372,False
04870,True,576,515,91.47980043149946,19.61484373310947,3.7858340361777723,True
04871,True,560,501,96.56369047619047,27.02997179486607,54.307501492137725,False
04879,True,436,557,105.74364633604006,32.79844657095806,109.68200134624253,False
04891,True,409,279,147.43687286939908,34.128923789836314,149.52941432489627,False
04892,True,408,279,162.5477018764495,37.77976381561737,247.9760184813608,False
04894,True,352,321,127.93357051826678,36.97605458226829,183.75849173839134,False
04908,True,360,246,124.47784552845529,33.88573087149219,177.87634231603576,False
04931,True,384,262,133.17543336513995,31.04244361376099,15.09564514883336,False
04932,True,386,263,130.0911660986229,29.539646002696603,15.287383065851177,False
04935,True,367,556,131.33682590712172,24.158844457619075,100.92815754180737,False
04974,True,345,317,137.40088693823435,41.620742935788826,221.64348642886756,False
04982,True,543,323,115.17526754813586,28.340018181896205,126.07303118514254,False
05028,True,382,262,132.94977219135924,36.5040368657189,131.69159182604506,False
05029,True,388,266,136.34056468490814,30.36755921921973,121.18197766377425,False
05030,True,389,266,139.6893519144906,30.22208237977527,65.53289312736126,False
05048,True,574,588,96.16935397852521,33.53986893776116,161.57940976135635,False
05049,True,608,622,115.29746202826198,30.92911383498987,123.8574736742301,False
05050,True,579,592,112.05875402604677,34.1620553330496,134.36391406366184,False
05087,True,615,690,114.5717190997997,24.230406468362215,46.04217635394905,False
05155,True,582,554,97.3910485441711,23.737787648513176,45.45905747476112,False
05162,True,612,593,92.33391749054877,34.34536596602731,85.12447456241166,False
05163,True,591,574,117.60579717834887,49.61211708179571,130.55835961244006,False
05164,True,596,577,115.5293057122585,44.43029218685241,133.5780253437674,False
05174,True,668,905,117.48827538293578,33.466618488306224,85.56430116888322,False
05175,True,709,960,106.52014133756464,35.06596962822116,22.820932172101195,False
05176,True,690,935,123.59410214678756,33.68247749466351,40.437923811103346,False
05181,True,516,397,116.32914982523968,22.475035065005034,96.5163173226585,False
05182,True,481,369,118.33393055344276,28.13839947947488,57.806986391817986,False
05183,True,473,363,102.83143757389385,27.61757965254564,131.32268994064978,False
05239,True,747,675,118.10027269572116,35.29873671323815,55.545666199108304,False
05240,True,617,598,125.86444821474065,43.6748984173803,161.37357081660008,False
05241,True,718,696,127.20043103448276,40.41890797130046,79.52654113268987,False
05242,True,643,622,116.95595405379726,37.7057313642173,106.33237395270967,False
05246,True,486,289,125.65004912640437,37.40226628076809,263.6620148469796,False
05247,True,481,285,116.11209833315097,23.375679931540837,92.56412217660632,False
05254,True,330,420,69.30065656565657,21.33581024924343,96.00783885026311,False
05274,True,363,548,72.93555327662826,15.719219572011188,72.5511053639773,True
05275,True,591,438,127.15260490307428,34.102742347613265,112.34471833250497,False
05276,True,601,445,100.70913645796333,47.24996383223985,83.17598477134482,False
05277,True,598,443,128.72257411839314,34.617426866604234,107.01069365630138,False
05292,True,359,245,130.40310385992836,28.019584531287503,200.46099508103393,False
05313,True,611,685,106.1268400492193,26.249932553989204,43.34570511561974,False
05358,True,526,312,114.1739178122258,38.66756548817329,316.0541032890356,False
05359,True,531,315,107.19600035871223,35.41371140976426,24.95477040684636,False
05369,True,633,469,121.25146777958548,40.23544257508033,6.470680045943138,True
05370,True,651,483,110.00259514745589,37.663289551039306,149.19677388126468,False
05371,True,651,482,109.12176925381316,44.245636286999606,181.06356454744576,False
05377,True,367,251,140.51215302278624,26.056292486787687,11.790948361929614,False
05378,True,365,249,142.29155526214447,29.94583075391096,237.85694230701895,False
05379,True,376,257,134.70091688053648,26.563685936527026,197.14770570933177,False
05380,True,434,556,98.09520356065379,29.645208342728107,43.941249318578365,False
05381,True,420,539,114.10351179432813,37.57438347732937,198.77482267741271,False
05385,True,373,565,84.69148971505848,31.58402785234722,201.51195743803765,False
05388,True,540,321,119.53405445944387,39.51351622620092,11.094452399213447,False
05389,True,560,333,94.34702917202917,34.02264654740527,244.3491196287987,False
05392,True,398,272,163.98486919893585,35.70461861261894,157.9830207310024,False
05396,True,344,315,118.3265042451089,29.302187336826595,62.51037857347935,False
05397,True,343,314,147.82642847857977,21.519295199116772,5.950732335919419,True
05420,True,510,302,95.96567978184652,22.34176502085333,160.19591596804986,False
05421,True,503,298,101.11181234739216,28.248954244614037,251.9094098036279,False
05454,True,387,264,109.79291950512881,32.82534280276028,266.65963424496726,False
05467,True,526,312,129.27611631081214,29.0801167202911,7.079914815507365,True
05468,True,544,323,124.90320524494628,28.51683515550153,146.96952680591568,False
05478,True,372,254,129.85693421386844,31.22897905076906,215.16581683701,False
05479,True,366,250,125.99446994535519,32.1115918333899,245.67305190492402,False
05480,True,363,248,126.55008664356171,28.657016741826503,239.83862152888264,False
05483,True,385,264,132.3413616686344,30.035111310070977,68.5197963588994,False
05484,True,648,480,130.0891846707819,37.01721034786548,40.10452262100219,False
05485,True,608,450,132.22460526315788,42.42396128454122,165.2361964632146,False
05486,True,642,476,106.95992696143878,27.640420597609392,70.3111399767293,False
05531,True,378,258,137.88496165046553,34.72531715771291,226.72182645138048,False
05532,True,381,260,167.43415101958408,41.37059975389015,155.6878745301738,False
05533,True,374,255,148.05506972842613,24.97490294722488,6.7299988300726925,True
05540,True,369,251,125.4198166682862,34.639003147808914,150.56695232700181,False
05541,True,366,250,130.07131147540983,37.29850547008406,436.8784315800412,False
05542,True,377,258,113.91072934015997,31.528311724929697,140.07996773977672,False
05562,True,687,932,124.99237057305821,39.68544062409237,71.83770230103957,False
05575,True,514,668,85.15782054567907,19.394946916701567,29.533792712645585,True
05576,True,497,646,108.32237387171325,22.55877280425021,60.37474981805015,False
05577,True,502,652,103.3695616307775,22.03971141628502,52.933935715523184,False
05580,True,648,480,118.66537744341564,36.17867535944582,31.78159892225324,False
05581,True,640,475,101.49453618421053,36.24575850524308,135.72357749584492,False
05582,True,616,456,119.54999715197084,35.42281170337023,7.390701148996757,True
05594,True,632,1046,97.62911906721205,32.68628392071204,56.070517244701016,False
05595,True,625,1036,84.00642934362935,37.251300870957486,57.25107990230558,False
05596,True,707,1171,98.47599641018147,37.28657253609501,66.83601273698517,False
05599,True,462,485,103.5635515687062,25.709253903378947,5.710548960935411,True
05600,True,466,489,111.03665183390821,34.26672316354899,161.64087050618159,False
05601,True,464,488,108.01436192764274,33.12591200568194,84.99331057639627,False
05604,True,635,1051,100.17383519258,25.0006285501312,67.00184384093433,False
05605,True,655,1082,101.47877834375133,19.595785607409198,9.970616502412613,True
05606,True,645,1069,83.12487219091958,20.57018382088545,20.36546988514027,False
05609,True,387,496,119.99781195298824,24.263091887761732,50.75121697559924,False
05610,True,323,413,120.79616039100743,28.246182828468797,6.6716593322175965,True
05611,True,447,572,105.00107554637756,23.916315821687345,77.1172227074263,False
05612,True,593,574,118.4116522025254,34.56918764587132,38.31280235134812,False
05613,True,513,497,136.9417048097552,42.68765738712857,8.922999094749912,True
05614,True,595,577,88.91986950759507,35.90260389809793,133.8833643374741,False
05643,True,685,507,137.79195784563555,37.24025925868312,138.7973562549974,False
05644,True,703,520,125.04102746471168,31.716943509866542,91.00033677890912,False
05645,True,705,522,134.02578190810033,35.56678490726412,85.15650940718862,False
05647,True,428,292,128.97513122519524,28.42170547283263,67.37517447569624,False
05652,True,490,292,131.0544380766005,38.71201665256911,109.0034280737314,False
05654,True,399,273,127.85250672468717,39.34330722703786,339.618093792424,False
05660,True,591,563,96.57309314074648,21.44383531774404,64.11952788908971,False
05661,True,591,562,103.45922527111898,27.288552525319215,78.61609404651094,False
05662,True,704,631,87.38692416438553,27.39334680794226,83.8966986642447,False
05663,True,704,631,87.3334714018153,30.678650566197103,50.504654592606755,False
05664,True,707,634,109.44918324640035,36.1121205323806,106.74999204949518,False
05665,True,381,261,112.51901127301616,32.101835676400114,148.21997147439308,False
05675,True,397,271,130.1015085465716,35.24496525035248,203.61130639143062,False
05705,True,638,618,136.48256079374258,53.457090707742005,6.145513641311519,True
05706,True,647,626,123.96376493128768,47.24296826524728,72.31319553004765,False
05717,True,497,294,107.58775099577055,29.069382157554884,219.34057144048276,False
05718,True,496,295,110.58139693821761,28.106221154661892,202.1485260523364,False
05727,True,373,256,117.75914251005362,37.63709100236905,72.52541468729515,False
05728,True,368,252,88.60372455141477,37.85063760717755,127.64824330283002,False
05734,True,455,311,133.00218366842162,28.331360465615322,142.63036245313938,False
05735,True,495,643,93.46136010179556,18.37998981921139,52.03630614389652,True
05743,True,709,636,98.65996487212922,31.74154545910277,126.7861083952495,False
05744,True,697,625,120.21602525107605,36.93185027779798,112.20984788335363,False
05745,True,704,631,118.48547579599482,30.50066507922388,85.99348458509922,False
05756,True,492,292,115.73536167724691,35.7902882102566,9.433711936696929,True
05791,True,562,744,93.48969932652203,25.846342571015718,111.93634358995946,False
05792,True,561,742,91.65531564255204,23.450417847454382,98.08620570087713,False
05825,True,556,330,107.12358295182037,27.416132767600804,130.7291784311715,False
05849,True,655,485,102.52826316203667,46.48000239304579,68.96107429301546,False
05850,True,639,474,92.38807670212555,43.15362855323615,252.0039329367261,False
05851,True,642,476,98.9594426555669,41.0459840423356,204.21205939357813,False
05852,True,331,421,113.10167849531041,28.228771385506146,161.79483588120743,False
05853,True,344,438,109.04881464372943,30.302328257145657,204.64280436087486,False
05866,True,723,646,135.81025054704128,40.03619892040981,65.67941723148428,False
05867,True,565,504,137.02468745610338,33.797653607991165,100.8644042628436,False
05868,True,564,504,97.37116542834627,23.924561996199575,39.60931088948601,False
05869,True,604,585,81.07579385294618,27.06417614273119,76.86380216270358,False
05870,True,601,583,111.51748515196228,45.125465120373754,178.0517886451381,False
05887,True,709,525,116.13322855799584,29.71170126264105,4.124968194038352,True
05888,True,702,520,125.33130341880342,34.755382357652614,62.732467647759336,False
05907,True,496,295,119.58114406779661,31.802209882655468,202.85569295077505,False
05908,True,496,296,120.4532135462075,42.89794340381701,374.8126701237565,False
05920,True,450,345,112.56825120772947,30.84618296659073,77.88944909160591,False
05925,True,344,316,117.86790734471593,33.69974265377228,136.99092119631382,False
05926,True,353,323,98.07810101825135,27.165623926671454,99.56811103408066,False
05927,True,507,301,113.55110840262897,38.88848719055045,215.09714060577986,False
05928,True,519,307,114.43902393101241,39.305925311266144,210.65203927601445,False
05940,True,482,370,94.91078838174273,28.68027674770913,149.46859131967273,False
05947,True,528,314,119.42306022003474,28.443984805975777,112.27441871772102,False
05957,True,647,1070,89.65775614265698,17.152275473749512,19.102748814591617,True
05976,True,368,251,114.759559587736,34.372920635167965,92.98262342003645,False
05987,True,707,958,99.64794937590986,31.681010320218434,56.60843867287369,False
05996,True,385,263,138.2679275097526,32.91365911808175,222.41032037178385,False
05997,True,419,286,127.87521070814627,29.976555350732713,178.0757456090847,False
05998,True,376,256,128.97206407912233,20.8774528655073,114.89357756003366,False
06028,True,648,628,138.82350642840294,27.913912374393018,38.59012186432422,False
06082,True,572,339,115.78737855065289,33.53751732204482,155.4922488821528,False
06106,True,635,615,147.15297356123168,39.068966820064546,74.83356831018222,False
06107,True,651,631,114.42054038526612,29.87398225380965,38.72269032142441,False
06108,True,661,640,146.7342922655068,37.99248970673243,73.77033139839797,False
06111,True,476,365,131.42885345919188,37.40480258089979,302.6721998197578,False
06112,True,476,365,122.88369978128237,33.65410272692531,306.28074006497053,False
06113,True,470,361,138.3971474037838,28.201964301653874,172.08012361359806,False
06117,True,614,365,125.57839900049083,34.35173157082574,93.98650501554773,False
06132,True,420,539,121.3849368318756,33.25578397432748,140.29560362626262,False
06133,True,447,574,126.09222146871517,29.011176933417442,130.43414182546846,False
06134,True,376,256,101.52741647273936,30.726856108877993,197.24864894742606,False
06135,True,376,256,122.4359728224734,30.860635730459137,186.50436819792336,False
06142,True,371,559,81.45917092999146,24.68401149535733,99.85801633244269,False
06143,True,368,556,86.12602146543635,27.1237809200837,119.9730018254141,False
06158,True,522,310,127.07473736250155,40.64749407684428,265.12940815049205,False
06159,True,528,313,115.30886339432665,42.676680413022396,429.54804349525267,False
06170,True,637,471,113.15189632933036,30.41274203284311,98.58641095443383,False
06171,True,617,457,139.06980554599974,33.925625913851604,110.88736170420609,False
06172,True,635,471,124.73542972733505,31.742680825300138,98.87349289304662,False
06181,True,494,294,103.16007050593517,33.65760372039364,269.26327267452655,False
06182,True,498,296,115.09216596114186,34.402533705585824,195.15380382690338,False
06188,True,374,255,144.58203837684806,35.24593779702229,167.67082797144135,False
06190,True,583,432,138.63936138110665,37.94826421485129,6.249555292109185,True
06191,True,591,438,121.34207944123806,32.5378274492903,102.72587650877158,False
06192,True,608,450,73.0119480994152,20.528743572178914,32.242708953182195,False
06209,True,423,288,135.4875476096664,38.551212649715175,257.46888329636863,False
06210,True,410,279,148.48603024739924,28.765617190921567,7.828729563973897,True
06226,True,619,458,119.20831246340414,38.08859343150717,121.07776774375567,False
06227,True,637,472,105.55620892424767,32.41489023052174,82.6429155030634,False
06228,True,634,469,116.6121757144875,32.88482883441877,57.28505683037029,False
06230,True,359,244,138.10707109913696,30.1472028196368,184.79902683758985,False
06249,True,435,558,116.02228813908458,31.349827190910656,104.27246761016983,False
06250,True,442,567,130.35227082285905,28.722534008774726,102.54302305957106,False
06258,True,462,354,116.49902780834984,29.114467072336904,7.183532235788936,True
06259,True,465,356,135.52621722846442,22.609103098831717,114.99961337466938,False
06260,True,471,361,122.66973669507325,31.77563463932825,269.7184661785132,False
06261,True,576,427,126.53161592505855,37.25895620959539,6.332954792852471,True
06262,True,580,430,125.77603849238172,47.728254952323866,171.86805303697602,False
06274,True,409,279,144.6877776901438,39.28090495323246,331.55883032761767,False
06275,True,394,269,150.93674636272715,34.943309943062225,10.461314842028607,False
06276,True,590,513,127.57381967158952,44.87889019979654,157.67527816028607,False
06278,True,355,325,120.55602166847237,25.49455968205725,60.265780898905895,False
06279,True,377,345,126.27005727905278,33.891856121156934,134.7939876156626,False
06298,True,384,263,134.18828224017744,31.435859973487048,125.96616480820461,False
06311,True,648,627,147.83624500364266,35.71328677381318,48.6313048040194,False
06312,True,659,638,113.74993934954168,29.295243163403235,36.51745669882908,False
06313,True,637,616,142.0507961426329,32.39063818915542,4.845914401163116,True
06322,True,374,254,114.25437913175291,29.84291863944538,308.0832060542127,False
06323,True,362,247,123.66053414454112,31.14873458842894,256.4094428068199,False
06324,True,372,254,133.5490115146897,32.75447144925965,265.69730351109445,False
06331,True,707,1170,101.27655435873258,33.3751440458941,54.154440664289055,False
06332,True,652,1079,96.34400319541498,30.67047121980185,63.36197181138503,False
06333,True,624,1032,106.59790548598689,33.80252312408903,41.57733336320142,False
06365,True,432,554,110.93924655702634,23.08454143584321,60.98747825750625,False
06366,True,441,566,93.29937982260041,29.6572850908661,85.45762614063446,False
06387,True,622,697,90.01097722439302,30.384713531727552,131.3063692614246,False
06388,True,619,695,107.43513673713694,33.07905904439455,81.50273199527808,False
06389,True,608,681,89.04760317644332,28.690402839948387,75.75248684802433,False
06395,True,630,1043,117.94865391346696,25.164659426646107,27.914396006687472,False
06396,True,627,1039,104.59646206249722,31.5534203943773,35.08915535387331,False
06397,True,319,408,119.85732067121519,27.336974299396143,7.533301352435344,True
06398,True,319,406,120.64725821146749,29.63286140265914,70.33719121793379,False
06431,True,391,266,127.38746803069054,32.39085065240635,167.41298557943134,False
06432,True,388,265,84.08769694611944,21.829410642538033,100.9816173391019,False
06433,True,381,260,140.07845750050475,25.93367003633819,119.82415695168339,False
06436,True,702,630,95.25795007461674,25.60222693188601,43.16897964980889,False
06437,True,710,637,98.44897959183673,30.230006404311702,21.193646571638148,False
06438,True,687,616,110.21300733473223,32.43874517033924,58.56070522269408,False
06443,True,604,586,122.69135795493072,37.249366209356616,9.759232038829236,False
06444,True,630,610,118.39403590944575,33.70486544315992,63.61205490051255,False
06445,True,591,574,136.4546065547675,40.950694469782654,146.28373629993888,False
06449,True,411,281,119.20557446034756,28.03152293998282,172.45669171080564,False
06450,True,400,273,107.23252747252748,35.62474209949931,240.02970208903582,False
06456,True,614,690,100.88400368219799,29.00322331469565,23.357029413402646,False
06458,True,540,321,135.1378908503519,33.28666308228653,135.8146352757966,False
06459,True,596,577,91.2996551242832,28.99796971250155,32.4812631120608,False
06460,True,588,569,118.16692670038138,40.86064017333305,102.82394311076185,False
06461,True,581,563,118.97603812866284,41.67774469161167,6.209853247325053,True
06462,True,609,683,97.3648854301149,31.84474959409748,56.93295736123061,False
06478,True,505,300,124.00820462046205,34.99496850224303,20.275182853924996,False
06479,True,474,281,137.741152003844,34.262041133457345,7.85975022668002,True
06480,True,650,482,111.22310245770826,38.68303458015455,128.32383112297057,False
06481,True,637,472,110.06411808530453,32.4372551953876,98.38551283448527,False
06487,True,392,267,106.1607907207827,28.08406618518491,169.41595681460112,False
06488,True,376,256,115.08794256981383,30.87612561579868,177.04016303886598,False
06519,True,498,296,111.67161890806469,28.833104607598344,108.30557067683168,False
06523,True,368,555,100.87238053270661,38.269031923226095,302.9546814149653,False
06526,True,479,503,98.90902601094892,38.836796281078314,59.239660837740146,False
06527,True,561,501,84.90333770960753,23.217405573200093,82.46076087135823,False
06528,True,570,509,124.04146417123359,31.327347798876037,120.76014438272416,False
06529,True,539,482,123.13693330972525,27.632372897073164,5.528795859246585,True
06533,True,364,550,100.48816683316683,19.896093217283337,102.1923940770518,True
06534,True,360,543,103.97967055453243,21.900444330942086,103.57553308035598,False
06575,True,652,1080,116.80194416041809,32.79549837422835,49.231686532240346,False
06576,True,638,1056,102.56101126864255,29.25696361222583,86.02432783623009,False
06577,True,640,1059,82.38771984183192,18.71606843139574,32.84969260930656,True
06586,True,653,484,126.44341437484971,36.349010224296386,68.11322643699138,False
06587,True,648,480,156.5396154835391,51.980823622679026,66.46131381352774,False
06599,True,499,296,112.59054595677843,29.234860189606547,95.22046813268706,False
06600,True,494,293,115.58070221497562,33.627686120739995,320.254402057213,False
06607,True,357,328,87.72886349661816,29.66885868224264,98.97262925003842,False
06617,True,590,572,122.339720872348,43.917028383898426,78.57835319987143,False
06618,True,591,572,113.11284654431863,28.071050912130616,40.043828030054755,False
06619,True,594,576,129.36201423961842,44.81398882465437,48.84211994441673,False
06636,True,648,479,125.95058828835795,38.99132163545848,116.61348244498859,False
06637,True,635,470,144.09574133020607,47.74224338685204,136.99355200965869,False
06638,True,643,476,141.0860952468079,44.04111062899488,124.93609913764756,False
06649,True,377,258,121.18683815516214,30.406306830276485,223.38373470282315,False
06650,True,597,443,120.58632137360996,36.81046331339725,16.449046298599832,False
06651,True,593,439,114.29864362897433,36.491800075732,153.45527466200312,False
06703,True,380,260,125.15272267206478,31.07389693170587,270.17420611672054,False
06704,True,396,271,90.05170710798016,28.06329473991898,229.5866150766895,False
06713,True,506,439,96.0957305050105,22.264789870853097,3.7193461417371125,True
06728,True,616,456,102.8220800580998,42.34042754516429,276.21903904002835,False
06729,True,638,473,88.01803004897705,34.45966029690298,147.29260477340804,False
06730,True,645,478,150.50916285556744,50.71727089761606,130.14233275828866,False
06753,True,358,245,106.17432447839471,24.012035845617227,101.03334851297681,False
06755,True,543,323,117.96027687027123,28.155123125408807,160.84884455262542,False
06756,True,527,313,127.94395305272475,32.55262693383958,236.56953838803574,False
06757,True,389,497,104.23367971324089,29.32448936497011,179.99890710274147,False
06763,True,522,310,128.89499443826475,43.78023677451361,262.9949856968184,False
06764,True,516,306,124.91932031210418,40.049407820366326,286.58521963821727,False
06774,True,506,658,97.35633191969917,25.490189113535177,90.27850868485321,False
06805,True,350,322,128.95759538598048,21.331173340054203,29.9590826301108,False
06806,True,349,320,110.01202542979942,41.547380439243696,110.87780817173093,False
06846,True,486,555,89.90610981351722,38.342126589156315,189.628331193191,False
06847,True,507,578,80.25499750892351,34.13338646675582,98.63336412488731,False
06848,True,503,574,87.70571345446484,33.69543635846822,156.7803767297303,False
06850,True,594,576,110.51950640665919,24.66256408252174,50.81616101050063,False
06851,True,652,631,133.72807793647243,27.711899400041464,41.298237354098745,False
06852,True,588,570,136.02288160878388,30.784832501804633,70.60397941812877,False
06854,True,359,543,109.94391008377066,30.95410702111615,95.66596079475418,False
06867,True,576,548,101.75799624898622,30.682689542813605,165.89986332560088,False
06868,True,592,563,95.43729897748548,30.88954618308911,117.71976849295362,False
06870,True,687,509,98.25189099841857,39.89503178649808,106.46137480573304,False
06871,True,710,526,102.6206340705832,39.77005736940384,96.6961429951335,False
06872,True,769,569,112.3069743418632,50.336410319823486,92.06733683280447,False
06878,True,369,557,97.50853147669717,24.833313255234156,101.78428327885351,False
06881,True,320,293,81.9809513651877,18.736149599778493,71.64178171666241,True
06884,True,452,578,97.83797501301406,35.80994571259314,74.48849158605405,False
06895,True,380,260,120.72442307692307,33.10073813454581,239.869200607185,False
06903,True,476,283,109.00689639813523,36.668511051232514,200.28604662526513,False
06904,True,431,553,116.27511191853758,29.732043768843756,76.66690171426094,False
06926,True,650,629,125.57631160572338,40.5155067515811,103.45459435445697,False
06927,True,650,629,128.68223064693652,48.42554000780425,98.04945243441888,False
06928,True,652,631,127.74839090741155,41.240587625547455,55.73288655528058,False
06929,True,643,622,117.66539482830181,33.70588548310879,65.1894750087742,False
06930,True,655,633,113.50875149234832,34.7007811973541,31.430329578354833,False
06931,True,651,631,117.45674215701311,39.6550816159226,53.775515487200984,False
06941,True,637,472,107.6788341803475,41.193167310247446,194.62878389068499,False
06942,True,715,530,98.92265734265735,45.933737912017136,122.14068345338151,False
06943,True,638,472,102.06723540194464,44.0572349073434,7.786656118147739,True
06963,True,710,962,114.40267195689731,27.37395226227731,57.877478274742906,False
06968,True,384,262,134.18916984732823,32.20522201658946,240.00600393727876,False
06969,True,394,269,115.44754967637235,40.54233804554148,518.7340292523096,False
06972,True,504,301,123.51995333016927,42.29497961764955,84.36649538681733,False
06973,True,712,966,109.67223230278921,22.138659440430125,34.050802183784974,False
06974,True,712,965,100.64837719042906,24.95385959832224,63.597177791325805,False
06975,True,720,976,104.33730362021858,29.632328562032118,62.23957137586094,False
06978,True,705,522,113.1168201951034,33.31449890913704,66.32987066257043,False
06985,True,508,660,92.9951085659747,24.397255942515358,111.07203514923103,False
06986,True,497,644,105.08217941187498,28.596295463921095,141.59110787147614,False
06988,True,596,567,110.97012416699218,26.793761194094134,48.50522328163981,False
06989,True,694,622,86.53729949868881,27.860980622085226,44.434560540911356,False
06990,True,707,635,103.641715577632,34.62763366573263,77.99022818876793,False
06991,True,634,470,131.895748036781,41.90704456247438,8.866365760070646,True
06992,True,624,463,130.37230713850585,39.00130519127043,109.94974740040145,False
07011,True,521,677,84.70723271064338,26.21336663907476,111.9230093618807,False
07031,True,508,579,107.36602613792446,32.14526846047628,80.16677180490488,False
07032,True,635,1053,107.68417345267738,28.571393834410152,77.67852200878626,False
07033,True,645,1068,65.94468687396568,15.920955062363028,37.33688512885698,True
07034,True,645,1067,70.31113532834942,17.066168064899365,29.61510751274989,True
07059,True,678,502,122.51698221861815,43.16942312378483,227.59448675469335,False
07060,True,708,524,120.63679001164445,32.88868916030634,77.5228315604121,False
07061,True,715,529,116.70003833595516,42.73976600062598,130.39795360487926,False
07066,True,640,1058,96.08959416351607,28.29276833428012,30.69113608767309,False
07067,True,627,1040,105.82684793276898,40.48902149360606,102.90656719255627,False
07068,True,635,1050,76.1523329583802,25.696488808337026,75.60745026112458,False
07077,True,365,249,124.05402431644386,40.378040646876194,418.59348865773677,False
07078,True,360,246,112.52530487804879,38.09394162554071,496.35649277211354,False
07079,True,359,245,123.74921266556763,34.04773191871655,12.95680098815912,False
07092,True,637,1053,123.40924114550488,46.15643833573527,106.97859098259923,False
07093,True,632,1046,143.8003031439843,25.683839398432603,48.66360972289953,False
07094,True,644,1066,103.02210329437264,27.263481985710452,41.53768619509395,False
07107,True,539,468,100.5571928071928,39.95236407808019,171.63543524571102,False
07108,True,527,458,102.63177083764904,40.75361485487516,163.71343937817753,False
07109,True,544,473,91.99393343489616,37.711649108230496,175.65900096467024,False
07130,True,430,380,108.88296205630355,23.756971245945685,39.1285848671289,False
07131,True,419,372,131.6863050786563,40.22995106259976,53.99668306081406,False
07146,True,395,350,105.74203254972875,28.580049927870864,138.54244707775115,False
07147,True,415,367,100.25703030104067,25.511714096070893,100.5311578696919,False
07148,True,332,424,95.19981103659923,28.092119955427304,200.16007892235442,False
07154,True,715,641,126.74587128939703,23.636239695938798,38.26180845117158,False
07155,True,697,624,135.19776606702717,36.172156433049096,54.297003449250326,False
07175,True,430,552,115.70115436467813,21.820438714302497,65.94281436032,False
07210,True,560,533,109.31365585633878,36.25306443385692,131.23513519149216,False
07211,True,332,423,87.8018314392321,27.200856658001044,108.8998551037286,False
07212,True,325,415,107.15630027803522,32.59462205210918,7.252444940867053,True
07214,True,335,427,114.7890104512566,29.931425829542043,13.25671172239677,False
07215,True,395,504,124.06045308418726,32.0088809889006,5.388532123799213,True
07230,True,395,269,117.84667074490612,36.19006524131956,365.8437561964908,False
07231,True,396,270,137.23973063973065,40.52237529551722,374.7698614653833,False
07232,True,400,273,128.1993315018315,43.94658243381068,372.64348801271984,False
07235,True,727,985,122.28422485843359,29.742570036029182,6.125954608201909,True
07236,True,715,969,96.62905020675919,26.86973958681112,40.362669584548044,False
07237,True,710,962,93.16544171473748,25.505330842557147,40.873838549145425,False
07238,True,486,289,132.6894641662039,37.45340664338433,152.0804468710898,False
07244,True,437,336,97.4185191238967,25.465246906483376,84.27896105989512,False
07245,True,455,350,95.05187441130299,24.010268664743098,18.623993060445727,False
07246,True,444,341,92.10555203297139,26.343156188566805,107.68680708317581,False
07257,True,357,243,133.37759795276136,26.1645331452656,140.51155315220845,False
07258,True,404,276,144.41016465777014,25.0385833917728,97.47744222267876,False
07298,True,510,443,137.6984862568052,32.5913148176263,144.61900188430008,False
07311,True,433,555,135.99349187524706,40.53760338539083,67.61644579648849,False
07312,True,415,533,120.37000384276317,29.50439276160115,125.45666060005657,False
07324,True,351,322,109.29741112349808,21.24602287941246,66.8502666867808,False
07325,True,355,327,98.71119438342593,24.167148399159235,53.745780944746,False
07332,True,522,311,101.95582782028065,34.74834955622023,180.07670811750597,False
07333,True,522,311,117.3851437089601,43.3631279674051,201.05723446536314,False
07334,True,522,311,126.26405982432149,40.90085478219917,179.0402977136702,False
07379,True,417,284,116.92282230553586,24.758984581186063,121.65948748467342,False
07385,True,702,952,106.15087744499509,32.9067054926192,21.954469812363843,False
07402,True,429,293,144.46838826702307,31.728780616186828,168.32546146291074,False
07415,True,335,427,90.04249012548499,29.222992013572032,104.2707399720432,False
07416,True,336,429,82.86331723831724,24.044353146264076,106.42844948431029,False
07417,True,340,434,85.08340336134454,23.139341919090448,81.95824726103025,False
07418,True,707,634,104.42551724753368,31.377083835465992,93.78382369221526,False
07431,True,323,413,112.01953537882592,23.143985255022084,86.0386084985642,False
07459,True,621,460,122.20261149618428,38.80267461680048,166.07870498805292,False
07460,True,612,454,127.48643502922461,33.511864199987336,96.26525743629921,False
07461,True,646,479,113.57799401487878,36.575285748759995,130.35168510251552,False
07498,True,571,553,132.33650554371474,38.20116139033815,77.98099107868771,False
07499,True,606,588,128.9208173368357,36.73187641380113,44.14956425457268,False
07500,True,596,577,129.30622404708456,30.140280323258796,67.58507790373353,False
07535,True,366,249,126.59031755437049,26.438550463338927,10.412326659424282,False
07536,True,376,256,99.29760222739361,25.371876954510785,242.1615548225591,False
07542,True,337,310,134.03199961711496,29.105674192087278,83.84331146163174,False
07547,True,385,264,132.86068476977567,25.093676383005224,112.44179490360449,False
07548,True,386,264,119.33375529910504,37.03750831233921,198.97644770982382,False
07549,True,378,259,142.61259218402077,27.381714572861192,143.77118099898024,False
07565,True,350,321,109.56350689808633,34.83188314567282,8.183013518019079,True
07566,True,355,325,107.47706175514627,30.710682081000087,118.81592854059903,False
07567,True,358,328,111.45866262433574,23.918067766861626,81.79774363672864,False
07593,True,389,496,123.44447093457168,27.150094056803404,190.6521576102644,False
07594,True,388,495,110.35014058106842,26.697173247157746,148.29780831391972,False
07595,True,321,410,117.2360079021351,27.524917717342802,108.57884582297311,False
07596,True,609,683,102.64284872832356,22.14631130121911,35.84544505219795,False
07597,True,619,695,84.2557757348241,17.416222581620485,18.204351216747582,True
07605,True,660,489,117.02749891553573,38.49093425779878,47.83743184285225,False
07606,True,714,528,129.91632713691538,47.77445872712381,65.26391974889737,False
07607,True,645,478,118.96642340501444,37.246502877866966,54.1228832456078,False
07608,True,550,328,143.6265022172949,27.932355243925155,107.09004304646362,False
07609,True,560,333,82.99831617331617,21.792571943919846,87.07455133633242,False
07614,True,604,448,114.13152273533585,37.79673663180381,90.82641153816168,False
07615,True,650,481,116.97482488405565,39.474369971978916,91.83808064150573,False
07616,True,598,443,90.92580611066232,39.606231972447276,205.06508577841802,False
07620,True,332,425,89.59040396881645,22.74111656794196,97.86358634476204,False
07621,True,331,424,102.76668044234168,24.04624097213567,6.091274540367745,True
07622,True,335,428,82.83967080485424,19.955999924646257,96.71749572469352,True
07652,True,532,317,112.04944735656176,44.098196933769856,4.327781931356234,True
07653,True,510,303,127.17133889859574,35.507307912062096,7.675182209371714,True
07654,True,526,313,98.48522212368955,39.7460698319868,318.8112347287512,False
07673,True,361,544,95.69137506110478,25.46943943944374,137.72910365175449,False
07674,True,334,505,70.12210825873007,14.242685428301101,59.75177282918336,True
07681,True,542,322,128.0825101418716,38.74848270814938,100.78985114210488,False
07694,True,489,291,112.52677812212313,29.92159560321556,141.04257657588244,False
07695,True,486,289,114.72358921782221,29.54644013842808,167.831666489849,False
07698,True,620,695,83.94925968902298,28.699055830383063,67.15470961647411,False
07710,True,368,252,140.34635955831607,32.514155377222735,206.99800137621386,False
07714,True,510,303,137.9453633598654,36.40192611071965,64.39491539480592,False
07717,True,378,346,108.50638437777167,25.30094541438529,83.26875514391836,False
07723,True,708,524,111.53372579462629,30.151448759037827,64.79455590433808,False
07724,True,707,524,115.85869764730018,34.39587339667738,43.311201653693665,False
07725,True,691,511,140.4777386640083,38.217898558113305,89.5241109316699,False
07729,True,637,472,97.95333328898704,38.148469049259155,151.0874550328372,False
07730,True,637,471,111.64687844760638,29.639646109629894,38.963775079901254,False
07731,True,777,575,147.53342957864697,42.44119465935038,68.8218229346151,False
07747,True,337,308,133.16273266792555,35.791162393920345,184.93720648472402,False
07748,True,329,300,124.4319959473151,31.821084583669318,8.343864883813794,True
07749,True,348,319,108.3979930097647,43.25725659998905,198.96178654347466,False
07751,True,852,505,102.71172779249756,38.9955763957307,103.06316285354323,False
07752,True,839,498,115.28527459061515,40.75251422015613,108.19619718428656,False
07753,True,865,514,103.56875238973483,37.090595211708816,92.96041428617455,False
07763,True,417,369,107.83537722667394,30.6429015892593,126.17047869129864,False
07766,True,382,350,89.44219147344802,16.442409683033965,42.49439044931972,True
07775,True,627,465,122.2229973761383,34.12380655798732,104.10797945138859,False
07776,True,650,481,123.00443307212538,36.21836247601244,128.90893140281372,False
07777,True,705,522,148.38672318686992,37.41315563231458,36.211886955191254,False
07783,True,588,559,102.9185194650311,25.443727996414832,103.86573315512828,False
07784,True,593,564,125.85064822455838,39.739187696658,81.86478871725477,False
07831,True,720,975,88.39374501424501,30.306082864599162,53.16715885097523,False
07832,True,679,921,109.67608045938412,33.0512724625445,99.73352530472708,False
07833,True,702,951,96.55376556690963,34.534164131241035,71.5021314780557,False
07858,True,583,564,138.0848417940951,37.57215670066297,5.34993417107774,True
07859,True,596,578,119.37347599916397,34.91879807782663,67.18852869432864,False
07912,True,645,478,129.9588790503065,24.278020614043896,3.820584949020929,True
07913,True,628,465,202.80759194575714,25.532024510939294,5.58664531577282,True
07914,True,637,472,159.50051885160843,36.29282800870286,60.43309382044005,False
07930,True,476,366,122.08393029342885,22.769297176186953,106.73442294299065,False
07931,True,474,364,152.1015788009459,25.680397345435264,117.0720392078866,False
07959,True,601,445,88.35418871169773,33.009250456739224,144.75046980309594,False
07960,True,588,436,93.99651672595644,35.187947009550186,168.06855350188596,False
07961,True,482,371,139.64959568733153,34.15915203690999,81.91658492220922,False
07962,True,476,366,139.86889837902373,33.25247088268807,151.3643592060924,False
07963,True,466,359,141.80844501297116,42.2331292957844,5.729097178572525,True
07964,True,368,556,89.05715807788552,24.52623171764369,117.9785874486397,False
07965,True,366,552,104.09004514136375,28.250410069518054,82.77868339786934,False
07967,True,376,256,133.60260139627658,25.488157643655686,135.67297720358673,False
07988,True,560,333,108.05556628056628,37.72632476589963,293.55303481084394,False
07989,True,542,322,131.01222181476473,41.28193650724944,11.038369955424088,False
08012,True,378,258,139.29344571592634,25.752916502099556,10.611090172676285,False
08017,True,554,329,102.48817662098251,35.24437005664368,258.79152280148185,False
08018,True,594,352,121.67129629629629,46.72653254831162,452.32538186727953,False
08019,True,569,338,99.9581743118312,33.0736692057686,195.79392572922194,False
08025,True,729,569,119.14637862493099,44.418951610196316,8.892303071529861,True
08026,True,748,582,92.47942968190088,38.988351488570494,111.64966674572658,False
08027,True,757,590,91.31529453910396,38.60764630407027,149.75657460672116,False
08039,True,648,628,123.65578064795156,42.98852996010514,77.52816323082777,False
08040,True,723,699,137.9358320620052,44.06758284630383,51.55119142664909,False
08041,True,655,634,147.65674862137885,38.16115543261998,20.593848997370287,False
08100,True,398,272,134.75018474726573,33.23288744344542,262.3701965656297,False
08107,True,366,251,129.16323775934512,34.75068843124527,144.96925616505695,False
08130,True,563,503,131.27610888841022,27.348120325417103,34.86725713825369,False
08131,True,562,502,131.4619812564688,41.69989369980964,100.44894257573918,False
08135,True,517,670,108.81402754121078,26.446375268851664,59.553360174463165,False
08136,True,505,656,111.69344663124849,26.227751059897887,38.909227834759506,False
08137,True,511,662,70.46791138754057,16.43676685751606,32.90028397670572,True
08148,True,399,509,119.67694284827984,21.680326249358927,88.93831400603156,False
08149,True,393,500,115.33805089058524,21.802211911677333,94.39031030566727,False
08203,True,518,684,92.38954367901736,17.342468828931924,46.1931225877106,True
08213,True,370,253,137.95822027561158,32.877907728048356,8.934297102987973,True
08215,True,590,572,144.6279068389238,35.445345981892714,83.11142887437023,False
08216,True,612,594,112.39971336458265,28.91831622438994,49.70593435715182,False
08217,True,588,569,136.28522410721757,32.255823362155645,33.461659954438105,False
08271,True,367,554,101.46508425225508,23.07639233722552,142.811264985099,False
08272,True,371,560,91.0464574509049,21.434310281921054,114.89021454045772,False
08273,True,728,652,127.73745617879054,32.2745952477059,89.31654409430894,False
08274,True,701,628,97.43965172592384,28.047092295707802,40.60389672828239,False
08275,True,715,641,93.50916945768739,27.04896899686494,40.41933942005675,False
08278,True,637,605,84.23737042178601,24.31823476070553,81.50597665253478,False
08279,True,558,531,105.3202114087844,25.2147947502122,134.7116807783932,False
08280,True,633,602,101.47963869775839,38.40555335656629,79.27658434111446,False
08288,True,394,269,107.18025965693582,26.520055694150685,86.4273756682287,False
08289,True,397,271,127.09564352570477,29.323319438931932,105.91448682169815,False
08293,True,388,265,154.246547364326,39.29630976737558,207.46361280807508,False
08296,True,421,539,102.44605343757023,27.567144229953367,116.38794178944048,False
08297,True,434,556,111.05527881841992,21.990569060908555,78.84100040292121,False
08299,True,383,262,102.94649512686107,31.333525886205724,310.83800734260046,False
08300,True,380,259,123.20900223531802,35.225106337392205,357.48340462698155,False
08301,True,375,256,141.60514583333332,32.63084632450916,8.64173274468316,True
08311,True,386,263,160.16432553832817,43.15185595370096,167.90179651079788,False
08312,True,382,260,131.51148811921064,29.27686812088926,169.4626275093309,False
08315,True,524,455,135.77423454408188,32.15580821079566,71.85196679208714,False
08316,True,531,461,138.53839397690274,38.24823126164717,86.32523324131162,False
08317,True,518,450,133.95744315744315,34.36124553173469,107.08024665783638,False
08327,True,525,312,140.23887057387057,36.06473141056023,136.25113675209948,False
08331,True,374,256,130.05136614304814,36.61168326037996,205.23130837306067,False
08332,True,372,254,124.41078232156464,39.621617257925614,226.88674398305335,False
08344,True,635,616,133.5776510890684,39.77593263546073,56.37666425547811,False
08345,True,716,694,127.2006081657624,36.681166680197606,36.27288624892815,False
08346,True,632,612,116.03758428476876,39.189017436637215,85.84103821808905,False
08362,True,447,343,109.38457875959588,32.824196732647444,66.60667723938887,False
08363,True,443,339,108.60900803718279,28.31184034524146,56.04442472920429,False
08364,True,443,340,106.35784092418005,28.191885828537682,92.93975175502183,False
08373,True,354,325,113.06104302477183,36.324524801910805,164.05681856222975,False
08411,True,602,944,101.94957838279183,32.59054807129905,63.88716805727649,False
08412,True,581,912,106.88059569103481,29.024518019091317,101.24691194101015,False
08413,True,624,979,94.35366576307588,33.07308156868402,79.31011632118151,False
08420,True,497,294,116.8705361420222,37.51056517080655,266.0684925525858,False
08428,True,537,467,106.50171665091575,34.79388471457827,135.98461131690482,False
08429,True,528,458,103.44581596533015,39.2150281147736,142.0658386652627,False
08432,True,415,367,98.99978989527592,37.27560841252265,101.6262181026051,False
08442,True,611,685,100.45133620844135,39.49867857668684,116.09078571135962,False
08443,True,608,682,88.7396468397901,35.258021051100854,119.68093596482183,False
08444,True,611,685,94.52284994086516,33.464832765389104,78.59756093966053,False
08447,True,500,297,136.9562154882155,26.909207780756166,57.134691666564635,False
08464,True,517,682,126.33311117035457,31.264760779607638,54.80989482407346,False
08465,True,516,682,93.6774250380777,23.939688749973126,45.2773096621554,False
08466,True,511,674,118.27678898070346,25.97224686358053,41.30676519417494,False
08472,True,382,262,128.13105990967588,29.823504624240048,168.6909455287805,False
08473,True,388,266,108.45621463452446,31.307905831904304,165.9835276196826,False
08494,True,652,631,104.50937503038317,30.370666447040485,77.73404450735732,False
08495,True,657,637,96.20490359824998,27.535577977199942,58.199621901888555,False
08496,True,655,634,113.41600886170443,27.59358805935317,58.77883004279112,False
08526,True,363,248,158.76821736425842,42.75341222527116,263.8093980368232,False
08527,True,367,251,122.25743348133352,39.503052682725745,129.89543160772516,False
08536,True,606,449,112.67087844641925,38.457875720188405,130.0120532744547,False
08537,True,606,448,117.31879493752946,46.10216305572863,176.00506447661547,False
08554,True,633,469,90.46214762342653,37.66352093789592,69.34568566061124,False
08555,True,630,467,111.72522347982733,42.25085074596985,133.14456488306874,False
08565,True,366,250,115.53394535519125,39.41981493438921,403.5302229163009,False
08569,True,734,667,97.8290486909134,32.230229212683284,118.18149039166528,False
08602,True,619,695,93.10214200206877,29.906417097436254,96.64624693787088,False
08607,True,596,517,127.60391325795439,41.98449673939724,129.19421341880496,False
08608,True,575,500,81.02661217391304,27.174876977618894,67.56176775707826,False
08609,True,548,476,120.62960421394835,40.728177416251356,156.7159877863175,False
08610,True,560,533,110.69334963816671,28.85519929110108,76.63002041573311,False
08612,True,476,365,118.70775296419937,37.377008172639925,258.4185895880986,False
08627,True,526,313,77.8323959231769,27.910697599586015,113.8474329928491,False
08628,True,529,314,83.37276197127136,27.14714265120462,139.6638043697965,False
08634,True,393,268,133.7528768371881,32.8459458226626,91.70025512330417,False
08635,True,385,262,140.4443442054129,34.31861181005923,209.07321498914632,False
08636,True,376,256,153.48912275598406,22.185140581848035,102.71782916063849,False
08669,True,616,691,101.63505036931231,31.774704483808506,51.60000595409735,False
08670,True,611,685,100.08411721839273,23.799072435289826,59.01723913805682,False
08671,True,605,678,97.1076647407299,28.560832005556048,80.49909972362619,False
08689,True,547,489,115.05732700769768,29.43310426766268,6.808245312149969,True
08695,True,503,654,95.46212632462108,17.487332044518556,44.30476998443844,True
08696,True,503,653,111.4989663854545,21.69990837582465,69.85595857193405,False
08701,True,420,539,120.4155358247195,30.501013581395394,63.94933648479098,False
08702,True,427,547,132.05787583112485,17.545603609772385,59.607281451252085,True
08703,True,441,564,114.12714896833438,22.635186115416708,12.162368546109569,False
08721,True,508,671,97.29168475773614,24.99367586974371,102.94943000466003,False
08722,True,510,674,104.7521789724792,30.291000502822698,112.14652099166076,False
08747,True,419,539,120.92662979706962,31.55757915662977,122.06118489990546,False
08773,True,394,503,122.35491114228336,23.895857321486226,4.893967237080868,True
08819,True,590,454,146.6269245128052,18.298077397732857,36.14182636710278,True
08820,True,444,341,131.4912683944942,33.27931127334447,13.03421416677517,False
08827,True,580,562,119.23631427168978,45.52426226602165,113.2700976671497,False
08828,True,606,588,111.08705743023282,42.003247630902244,91.15157032777893,False
08829,True,601,583,102.11424070231718,35.53971110723682,69.92039829739724,False
08831,True,509,660,99.79959516580342,24.0782236874186,99.55640391487557,False
08835,True,449,345,107.73514734837481,23.619415084302535,124.24128891058413,False
08836,True,430,331,111.91746645120494,21.171512319029414,6.914975431004851,True
08853,True,397,363,91.25584445323396,31.68935493431337,231.98748051298293,False
08857,True,606,681,112.4097837096485,28.57930551101595,61.806966279349865,False
08858,True,611,685,107.00141445757225,27.50152316756928,60.28782627202043,False
08859,True,609,684,121.1983622850229,31.953180792922602,76.1704617633604,False
08871,True,401,274,102.32706554780931,26.563002517757234,168.77141700275206,False
08887,True,556,330,119.49561805101374,37.07369313806968,242.02444453795428,False
08888,True,536,319,138.40619005287044,37.09882144132078,9.730900010832356,False
08919,True,584,556,108.09488026017542,19.270008228109656,36.5229432085883,True
08935,True,442,340,136.44431062017568,24.927998783301874,131.70762508471455,False
08965,True,374,255,117.00056621579112,27.839799949894115,146.9467909430497,False
08966,True,386,264,125.53842832469776,21.188793317819542,95.09373520476609,False
08967,True,380,259,107.21847185531396,37.151913354535814,289.9527398496736,False
08972,True,586,509,101.77979642878695,21.216414634004856,4.0601910317648615,True
08973,True,588,511,107.80305057443721,30.17263542645163,89.0739745610672,False
08974,True,572,497,129.72878881681697,31.55009544003774,119.17213043844677,False
08979,True,588,559,98.28923734073236,26.357949296952004,30.428050005032144,False
09015,True,564,335,135.71081295649412,32.58772025676925,97.39271651915891,False
09047,True,648,628,117.71371982385783,36.19976237708483,71.21401285307338,False
09083,True,401,274,126.1065766241331,40.093702250048054,334.0307593276221,False
09096,True,492,293,112.927183051694,37.740368189877344,182.41456444457916,False
09126,True,608,682,92.85624951767248,21.1226024658573,41.32342194143858,False
09127,True,615,690,99.7163025804171,24.38246822474868,49.287137027772715,False
09128,True,612,687,113.42111672422487,33.84401162317292,59.32028519153753,False
09132,True,410,280,147.1706707317073,29.594927443505515,207.64521403493728,False
09133,True,424,289,116.2225141999086,35.17675837207044,145.84346459669317,False
09150,True,630,467,125.93149790965637,37.41903317030698,7.437824966091744,True
09151,True,625,464,124.9462,37.8343561536337,80.32532269412602,False
09152,True,645,477,96.08017486551931,26.459487061956768,64.382046308157,False
09159,True,678,919,128.52520856002903,50.62221951387388,57.680790907409055,False
09160,True,668,905,117.83215337281239,41.06381398596062,71.0288775161232,False
09161,True,725,983,122.40073385484267,33.176645209743526,65.35852815961837,False
09182,True,452,346,113.53979103790475,20.58342015818256,35.95482063210281,False
09183,True,452,347,120.52307388232894,28.45005600195042,143.48733362056552,False
09184,True,457,351,129.24816248667452,25.781009192675484,86.91135402760008,False
09200,True,562,502,105.79631651330621,29.353046585477827,64.75962359117442,False
09201,True,552,494,105.11828169923136,29.598137778465624,91.5538350769164,False
09202,True,563,503,112.27092860245278,30.968477616518083,28.683760917441777,False
09218,True,583,565,106.229918486923,42.28735166296738,101.1342928502439,False
09219,True,596,578,87.53401569866004,33.95951505771252,40.96017931957802,False
09220,True,591,572,113.04136641700093,39.709997830714315,78.26267145021988,False
09225,True,446,343,141.65904901358365,32.1399922132571,154.11182156835733,False
09226,True,444,341,126.60236849752978,28.226367171407762,78.55410199035353,False
09227,True,442,340,117.5430862390205,25.089573762469442,93.2909596406201,False
09240,True,474,364,145.47961584828673,28.339194791863203,134.79822649129096,False
09247,True,642,476,113.40113942773371,36.022004527997815,70.43449062012299,False
09248,True,651,482,104.54523522700474,30.097998502196642,38.281469664269885,False
09249,True,650,481,116.77047497201343,43.41278077706599,172.9732990381256,False
09251,True,370,254,120.37713343264524,31.40947162979427,97.38714041841524,False
09252,True,372,254,141.73146854627043,35.34578089250583,140.17431433742797,False
09259,True,599,444,119.27013490953391,30.62356676115765,89.62747687059459,False
09260,True,606,449,100.43324733364204,36.20558859986309,52.2599212572303,False
09261,True,586,559,117.06648574062655,32.686747491766845,85.31030494399288,False
09262,True,570,545,119.66803798487044,29.384216184699525,109.97781957007794,False
09265,True,358,245,141.28612472922129,39.39395889500057,7.843177007265563,True
09266,True,364,249,133.99866498962885,31.295203563492066,297.78692251889214,False
09275,True,580,504,128.13317597153804,28.545215039543198,35.48803192964813,False
09276,True,584,508,112.06962234386798,34.46716155910436,114.14139335644617,False
09277,True,572,496,132.24918931874578,32.26910252941041,150.81388092677525,False
09296,True,416,284,131.4390658856988,34.745571678715194,283.2194017154258,False
09297,True,452,308,123.84980174692564,30.911374885401468,182.06873446926733,False
09299,True,457,312,127.77297592997812,38.31144786080374,256.8626869560925,False
09389,True,361,547,111.56167359609454,27.654276727031828,80.41945434935832,False
09392,True,597,442,144.04714371252948,41.81850199065136,109.25094095576456,False
09393,True,622,461,122.45067691513626,33.222285547028854,129.5460498826617,False
09394,True,635,470,95.95281621712179,27.399651210185826,73.94989085479084,False
09406,True,581,552,83.60513170695204,23.98807559896468,92.09497924378938,False
09407,True,554,527,105.76856602662026,40.97591450548567,156.592376074491,False
09408,True,590,561,97.76099277923804,29.490181687632656,101.41428354886015,False
09435,True,635,616,109.44736169342468,37.61839666585419,5.902019138112322,True
09436,True,658,638,125.30540919095579,29.83106840969072,71.43816392530137,False
09437,True,640,620,143.46171118951614,35.403952811696016,55.245130459985305,False
09443,True,430,294,143.3860544217687,31.108341589050063,68.86954834629002,False
09444,True,418,286,150.7511292535216,29.624117077540152,127.68478360314164,False
09445,True,425,290,149.04860851926978,38.43123431645273,181.9044582150266,False
09470,True,382,261,143.16935467693727,28.580501969690122,8.644786014790425,True
09553,True,575,500,127.13185391304347,36.74441045605449,12.705967588355385,False
09567,True,367,250,137.5752152588556,34.320905909472316,250.75983639810232,False
09575,True,707,1169,91.8556062254154,35.4431015922409,71.3660486370144,False
09576,True,647,1071,81.9325855020009,28.600343632015182,90.57542980484257,False
09601,True,508,302,121.48208791781822,36.30861988908384,378.67258878051484,False
09602,True,524,311,87.20520483051472,29.672295104032134,216.23766508082255,False
09603,True,528,313,110.03329218704619,36.9203390941564,285.56296951691326,False
09606,True,368,252,128.34010524499655,26.458601521393277,162.14738605568962,False
09607,True,362,248,137.98893913740866,27.707710654862794,152.3177419561297,False
09608,True,642,475,95.08214789309723,36.91343640937816,111.74894394094963,False
09609,True,652,483,105.45721081177203,43.0361301709886,141.73653257245417,False
09610,True,650,481,81.1326627218935,35.72753049771963,97.89869656683712,False
09623,True,576,343,117.26088739067055,30.039193812271165,99.74983690525183,False
09632,True,370,252,144.33082368082367,29.67399433253956,145.03943657932157,False
09633,True,391,267,135.74118030211596,27.93728543207738,70.14253275946824,False
09636,True,372,253,131.04975774576056,31.963043186113147,138.39066330442415,False
09637,True,371,253,128.67903220651374,32.026341595207434,147.93314155758526,False
09650,True,635,470,153.05345619031664,47.695372326149254,93.59072444092882,False
09651,True,647,479,98.79468754134224,30.82130552768828,45.14152631635059,False
09652,True,647,480,99.59322514167954,36.32988226862347,163.4475645051362,False
09663,True,352,322,102.11129834839073,26.131518692128008,17.233535646723066,False
09713,True,629,466,97.41643865526723,31.23446433602818,129.94296051937408,False
09714,True,659,489,105.95049821412502,39.508343019623396,156.81429285600794,False
09715,True,689,511,127.36809352446468,44.73329657338379,67.05800131109646,False
09755,True,394,502,114.27567395393046,23.344551319576137,38.96945128247239,False
09756,True,409,279,136.33601493282856,39.671204909200625,226.548055434785,False
09757,True,406,277,140.55938005726378,35.16227089129084,174.2672230984392,False
09759,True,366,334,115.17762016949708,22.549627205236714,77.3997558159687,False
09760,True,349,319,109.87750042665564,24.772706747248865,7.052364423128085,True
09761,True,365,335,93.88884072786752,25.040786867361085,90.73659282120833,False
09768,True,524,311,132.63101052993298,35.98390217869517,235.34657871544428,False
09769,True,518,308,141.5266634909492,26.176202556678383,127.17660077525255,False
09770,True,526,312,117.98780101394169,35.835410661361045,192.74651679947007,False
09791,True,391,268,120.70406916822537,28.222884974025558,85.75968448927007,False
09792,True,386,264,146.83743523316062,41.15337221504703,221.9157049017358,False
09802,True,616,691,91.75293194504482,29.000526923908666,76.7012262264263,False
09803,True,609,683,115.86006630652463,33.296013392483175,55.897962678548545,False
09804,True,601,674,95.96483111727734,34.23166461641274,104.35018170083373,False
09807,True,604,447,99.12539075810777,39.82721884775159,97.3823445052035,False
09813,True,521,452,127.23737536731609,41.0490845397661,189.34752272698722,False
09879,True,611,685,94.84903532560001,30.09557060770304,66.9925972300699,False
09897,True,580,552,102.43872438780609,24.912019344446783,38.306717491922456,False
09898,True,578,550,107.41053790500158,22.058794630855807,57.2514720161832,False
09899,True,484,372,112.64572225184395,26.590193977952,213.20424805833224,False
09900,True,475,364,118.75135338345865,28.269269717697682,9.071273714517195,True
09923,True,524,312,132.41387747112938,40.67103854240859,113.25591009126983,False
09936,True,361,331,106.06427262304274,28.7853228145162,91.15534881922424,False
09937,True,534,317,111.59285908387386,25.84809829276158,123.22871036171428,False
09938,True,588,349,99.22485039861216,34.63596278297976,140.34916542675109,False
09956,True,371,253,137.23617399827407,25.647619679057623,79.35719983949551,False
09957,True,376,257,134.17397963407566,29.5587322941782,83.85340910733511,False
09968,True,512,304,139.76248972039474,29.973880329453802,107.5310612000587,False
09969,True,515,305,113.22016870921534,31.07562788507358,133.70479192967673,False
100000,True,536,319,109.15403780470687,32.16646448943859,108.87045453179994,False
100011,True,462,315,139.4645090359376,31.548729506353546,127.17214039585822,False
100012,True,405,276,141.1108158883521,28.684976227774136,157.29585440447218,False
100020,True,593,574,110.73304698838363,40.042833879830106,154.60136505201118,False
100021,True,581,563,111.20648847610691,38.4751539586044,149.95685986968113,False
100022,True,588,569,103.41281996102484,39.3637975884788,81.63498286894897,False
100025,True,512,304,105.6614925986842,38.30126698082316,225.2388257874676,False
100026,True,473,281,106.75596818971809,34.04314768275082,332.40886688341357,False
100027,True,485,288,90.86232101947309,23.89298840093922,133.37470741250624,False
100034,True,599,581,140.1796453641899,38.797723173831116,73.00855827902654,False
100043,True,381,260,137.43524126791843,25.669741538541025,12.211099238046602,False
100044,True,408,278,146.49022252786006,31.403401756523802,170.9681184521869,False
100045,True,405,277,133.96640370816064,28.72936987885726,185.33322721305717,False
100046,True,650,629,127.99032897150545,40.32590364739789,83.61957998848068,False
100047,True,648,627,136.13030155354716,39.40201793600548,73.48570348321971,False
100048,True,652,632,111.20112409722762,30.415309276427436,28.060929159100173,False
100050,True,330,421,138.05743899805657,23.09306568731851,48.352801277373395,False
100051,True,400,511,92.91345890410959,28.82531233119552,89.23045522104695,False
100052,True,509,303,128.59048675005025,38.88572279894343,121.67233402675348,False
100053,True,503,298,116.45885759269883,29.250023766047036,124.74699497684568,False
100054,True,501,298,109.04959209098581,31.717146671797217,141.3415327458028,False
100068,True,522,311,110.86394155548163,30.041862061545974,140.8786305955578,False
100069,True,508,671,95.22294553903563,27.61021523631073,86.24606287830476,False
100070,True,521,689,84.80529516476354,22.318523235272018,81.50295941113296,False
100071,True,512,677,85.204769433161,23.697539449877585,94.80175530329878,False
100083,True,398,272,107.1450081288797,36.067573793951524,393.4167342421341,False
100084,True,405,277,124.89356865891162,25.28317410823577,60.221684403314555,False
100085,True,403,276,133.5609558744201,28.83266886525365,62.252081652290805,False
100090,True,358,245,141.90674951544864,29.55276568209096,9.159620753506404,True
100095,True,712,965,103.12632590091401,24.56734862985892,20.65409965365486,False
100096,True,723,979,69.9808721745875,21.043803053700778,47.191012736698845,False
100097,True,699,946,105.61613086650516,26.16277098150848,43.65628908154276,False
100112,True,410,280,131.43243031358884,34.952091634103994,37.482150390240875,False
100113,True,416,285,104.71556174089069,29.44280018151427,205.44779789975206,False
100114,True,411,281,139.61633374029145,33.92689097454086,264.49636126195975,False
100117,True,698,517,132.94487427466152,39.84178215968217,131.65552461431224,False
100118,True,666,494,120.75916706179864,38.058873713770005,179.19155985099368,False
100121,True,532,316,132.0009993337775,53.29733342231377,309.4468215432876,False
100122,True,532,316,125.64449295707624,47.410912141031524,86.76843947103605,False
100123,True,522,311,124.21183673972232,50.203456582735384,263.94796733297954,False
10013,True,555,329,126.89641008789945,38.05831158760629,101.90699284994011,False
100153,True,657,636,110.39606128485684,41.55715803387915,103.09494172505876,False
100154,True,584,566,119.3970848056537,36.999446814038556,6.369217480935724,True
100155,True,596,578,105.0262795801305,29.318882607777187,37.899845883061275,False
100196,True,506,668,111.25961811554757,15.880507310786673,36.19908662986034,True
100197,True,508,671,103.28570003637772,20.810393324717467,33.67964795738366,False
100198,True,508,671,117.72905347524555,14.98430509031199,23.01985523213991,True
100224,True,430,293,127.52341455671085,21.99168724085266,59.62898120217506,False
100225,True,459,313,136.26019893225305,22.85593016495579,66.38476852672599,False
100238,True,596,578,146.13398144492697,36.92899184357059,115.54667976228183,False
100239,True,591,574,118.82224069521334,33.80921729306371,112.69156758417665,False
100240,True,593,575,114.20938485226189,31.92380445547299,100.80244181616463,False
10025,True,399,271,122.34384855126747,34.25809759446335,299.96548436351765,False
100252,True,444,341,125.12393992232703,23.409968797651324,82.16349093167283,False
100253,True,435,333,111.03658831245038,23.13174059199897,65.21255480568915,False
100254,True,441,339,138.3542899952508,23.39587449598339,69.42074115431302,False
100258,True,363,248,138.74146894161558,32.451408237655635,154.83261379701375,False
100259,True,370,253,131.47801516931952,37.902827710026656,126.75929970049297,False
10026,True,385,263,137.8966668312676,32.409711374657874,11.759487360005933,False
100265,True,612,960,87.30004595588235,26.839585839827034,73.26909038695453,False
100266,True,607,952,96.30488661692024,21.408582572552326,48.27411543402868,False
100267,True,576,903,106.94599598560355,26.458215436515566,104.3844061537045,False
100279,True,518,672,111.4361756526935,23.147139179844725,62.68852988961887,False
100280,True,501,649,105.39054095199431,19.499033657557234,42.65815068798356,True
100305,True,387,584,65.86458001486673,14.05726381100706,24.283347632622487,True
100306,True,358,540,86.18840782122905,20.703488180309943,68.62770985169081,False
100379,True,344,316,113.44329555490138,28.326113931149575,128.37529517897877,False
100385,True,411,281,150.93861859365666,33.26273626511566,26.862914104947674,False
100386,True,417,284,156.81937548552708,32.97139245588585,131.20158774671287,False
100396,True,541,484,113.63880402071463,27.760372639567574,40.76395530117014,False
100397,True,552,494,110.40282667370768,25.57648114754887,41.14271617410844,False
100398,True,555,497,106.44289883444813,23.82116205828781,11.34033934773489,False
100409,True,558,331,117.73167007764026,29.161104724349517,147.45658539250093,False
100412,True,612,453,134.290478148581,34.99004319267909,99.04234531726435,False
100414,True,622,462,151.78290600075167,37.76105311726357,76.16226584588438,False
100421,True,354,324,105.73504742972727,26.620237646385803,113.79625980114558,False
100422,True,358,327,117.32210035364666,33.02569364901812,179.3360909051099,False
100447,True,603,945,123.9065273280862,35.73607448891089,23.261163641679964,False
100464,True,381,260,109.92945689481122,30.47711176039508,208.71760186169945,False
100465,True,383,261,137.50290607524784,36.273888448877884,247.91486845290962,False
100476,True,524,680,119.1845840817243,16.5132235931125,27.596240692341638,True
100486,True,382,261,141.9882549998997,34.92432825989895,299.57334169741296,False
100487,True,390,267,150.8818688178239,31.69504768737242,183.0955382038067,False
100494,True,641,474,117.49659353462746,40.26057006582428,14.500580812177615,False
100495,True,650,481,118.06016312170158,38.224565367189896,139.05269757846864,False
100496,True,655,485,113.54511371684899,39.056067564963485,176.15837653462268,False
100514,True,343,315,94.57506594474525,37.40578247563117,175.09921395871166,False
100515,True,345,317,98.36905774242216,35.7286468437963,172.1562627607124,False
100516,True,346,318,89.15127967426473,31.371383075386643,104.17090047694845,False
100531,True,517,307,123.97808075907736,33.43990974985441,112.08204812506457,False
100543,True,580,562,115.01743465455884,43.88894698206972,138.39987571995536,False
100544,True,612,593,107.91822901167212,40.6243725747525,106.11141546349656,False
100545,True,590,572,119.07538520801232,38.952385707071905,103.28512713145433,False
100566,True,609,683,108.0639937299704,29.363220844052595,44.10350853137392,False
100567,True,408,279,106.81153805608265,23.312859215222538,159.8127762540658,False
100602,True,707,957,126.77247527708435,49.33719533188633,70.46258844450081,False
100603,True,707,959,128.9230162253526,50.1468550227928,64.83346604400356,False
10061,True,394,269,97.37926707300964,25.71457059786259,192.945054589337,False
100616,True,385,263,139.76081181176238,30.649694672694487,61.397761884312565,False
100617,True,377,258,141.26330886435136,40.37851150498854,222.1443525603852,False
100618,True,378,259,135.29435558006986,39.33578017762873,270.07610874905276,False
100619,True,391,266,141.38233371151665,27.677493848787737,236.62794781911197,False
10063,True,650,1076,89.60137975407493,29.587980977792373,66.03499201120673,False
10064,True,645,1067,67.4085162340257,21.00118117594657,37.83016777548632,False
10065,True,647,1070,109.37721908448772,34.532637871530525,43.98566714919977,False
100653,True,643,476,98.8048897630592,24.468030833219505,66.23837447149333,False
100654,True,633,469,88.64901962765724,25.324870628169737,79.81149692396605,False
100655,True,639,473,120.43415815541593,32.081651575003136,110.77381073882808,False
100663,True,452,347,113.32705108260437,30.81413184567404,81.9040637639709,False
100664,True,465,358,101.9615005706734,30.698840429751538,87.16869634512567,False
100665,True,466,357,88.19130570683208,19.98629919639512,10.022118466819977,True
100666,True,428,292,131.7194981436436,32.93053474327643,163.69399496044937,False
100668,True,594,440,101.68828053259871,35.7173997945559,131.61469123293148,False
100669,True,580,430,124.60979951884522,33.39212059637601,5.9335112343240475,True
10067,True,706,957,126.40916343270548,31.79948819538718,53.713601074962206,False
100670,True,648,480,113.8157182355967,42.50726283536699,109.81545601245521,False
100675,True,580,431,96.82022561804945,39.70972879234964,8.748663778389094,True
100676,True,585,434,89.3748040489976,46.34684218690999,204.1792368392618,False
100677,True,598,442,112.75287912952678,47.49137435547288,230.73619651167613,False
10068,True,710,962,123.01975491200844,21.852686600003643,46.84095332004595,False
100682,True,388,265,135.04389223886403,36.17532800536466,290.6578734481438,False
10069,True,710,962,90.94423589353167,20.75268094947257,39.79033664670695,False
100693,True,347,318,119.74111431316042,37.757424053838896,228.88470681944972,False
100694,True,331,304,99.64463746223565,40.28797975170645,378.85565057336464,False
100695,True,334,306,87.78604555594693,32.95787793409625,71.61264214607203,False
10070,True,492,293,116.37246455229058,37.057560638065766,193.53541703879114,False
10071,True,498,295,120.21971274930229,36.00855789944485,227.2928363790372,False
10072,True,502,299,104.51040653439753,38.12675688499418,306.7885712647279,False
100723,True,709,525,126.11594868695009,45.933780016525326,173.72367254870812,False
100724,True,691,511,148.85202534119134,48.50054337333588,7.772382425480465,True
100725,True,720,533,102.68744006670836,38.10123897947013,121.1069647793644,False
100726,True,407,278,127.55994025418485,29.29586244035003,160.45571641226488,False
100727,True,403,275,125.96339273629596,29.598409685961517,128.43619691108395,False
100728,True,402,275,144.90047942107643,30.769257989416538,9.143905506389357,True
100739,True,372,254,135.76194860723055,34.85644758637366,267.33389259744473,False
100760,True,496,382,128.1234483195406,32.760070841074715,106.7762297110193,False
100761,True,485,372,109.82066844030595,26.579296657241073,178.83982198980073,False
100762,True,480,369,123.76687556458899,31.672276555129507,109.35458410435176,False
100763,True,496,295,108.1712684527064,26.86510101144127,90.85674252598695,False
100774,True,632,469,116.30361528703679,36.911344568450254,80.50295996876436,False
100775,True,650,481,110.60152566767951,31.82928233637192,114.6258975767397,False
100776,True,639,473,87.60418465691967,26.15441688396677,80.26625643577934,False
100789,True,539,615,112.02257719052145,27.09171109005831,56.21000132993889,False
100792,True,372,255,138.22341345140205,33.69714619673257,24.517571896625043,False
100811,True,655,634,152.36096756327208,58.19955035752573,66.49665627238852,False
100812,True,651,630,159.59795918367348,55.92463123993963,74.52333522882357,False
100819,True,481,370,125.06634264201831,31.39447368546645,175.68636987541146,False
100820,True,482,370,119.44077043848829,26.00192811215634,50.307903961928744,False
100821,True,484,371,122.83985097235526,31.399827975843884,140.66093981563108,False
100822,True,440,563,127.08826901340223,22.480135831055247,80.65039368006019,False
100831,True,505,575,132.84265174343523,38.72717187727825,82.22690631946276,False
100832,True,506,576,126.64016523935003,42.03312907503732,102.37628899195592,False
100833,True,557,633,124.54013404012127,34.37227068276318,91.88864521412522,False
100869,True,485,373,110.92881899339433,31.025062679386302,148.0621850710715,False
100870,True,522,401,115.93261100123254,32.130736650957346,197.22540747337663,False
100871,True,479,368,119.25500930380322,32.61811160900853,8.746226068746273,True
100876,True,538,320,120.88519400557621,38.7017258258307,310.3624256883119,False
100877,True,544,323,97.51754006556183,34.00689778304041,289.2461087805556,False
10092,True,599,580,109.47461861723562,34.37334927817159,49.022671761004595,False
100924,True,392,268,143.73429409077065,41.06013577544127,163.0641821873199,False
10093,True,346,318,138.83716872068928,37.32198141803357,184.6963628771676,False
10094,True,342,315,112.00051053559825,33.092098258616055,154.04160016365677,False
100944,True,623,593,96.08009712022823,32.792385524104155,112.77525298839447,False
100945,True,577,549,105.04656331189842,31.163611440726616,110.30224368205394,False
100949,True,508,660,92.71554521593892,26.93839978577379,99.87712335892532,False
10095,True,347,319,137.28679320282222,40.04020246952029,225.83851342095937,False
100958,True,574,587,96.66417263710237,34.055029010985486,167.29643410343334,False
10096,True,467,358,122.58303924969795,23.265788977416854,6.345017931041328,True
100960,True,333,425,108.23037625861156,29.71834513456772,97.82010173645077,False
100961,True,338,431,93.5755570504812,28.312384407364227,121.10108674818602,False
100962,True,335,427,98.70916844349681,31.022005544939297,37.055212155545675,False
100973,True,500,650,80.7819876923077,25.8642579013499,97.49229741288524,False
100974,True,471,610,88.84839024050677,27.569374843461514,119.7981857384338,False
100977,True,371,253,103.91170109627862,31.74928119273323,177.42630875508226,False
100978,True,365,249,89.94101336854267,27.995556586078543,185.39778689820645,False
100979,True,376,257,106.86068797085852,31.64554735655395,201.15133613163624,False
100986,True,416,283,133.8230667300897,35.47102818805063,341.7603587467891,False
100998,True,446,343,116.72037809358208,26.406011273037247,73.63238479547903,False
100999,True,450,346,109.94798330122029,24.1550339043588,117.29336298684665,False
101000,True,452,348,96.30075144949649,18.74529021497084,16.61563273976054,True
101007,True,448,345,126.16272644927537,30.15677851740535,79.10141236416392,False
101008,True,448,344,108.53562344269103,24.688239142613142,82.64394712692852,False
101018,True,534,317,112.50340268670472,24.62396738399832,69.58410196401795,False
101019,True,527,313,118.29960412486132,32.74047727090473,133.92948895749274,False
101030,True,422,288,131.45293575566086,35.02387975432437,229.0198192613197,False
101040,True,489,291,138.81264098834146,31.226576257987183,202.68690535829046,False
101045,True,347,319,116.4277325576143,28.763770219098884,173.87823942697167,False
101046,True,349,320,113.56765759312322,29.939594567727404,162.30157199286322,False
101047,True,373,255,127.75347736950008,43.748377254528684,160.10884837534394,False
101048,True,396,270,123.04294799850355,37.443770885697134,106.1600363625027,False
101049,True,344,235,135.15766947055914,46.2874693220646,228.52574202687714,False
10105,True,482,625,93.96253278008298,29.262404986347672,153.26394233184698,False
101069,True,609,683,76.74417413757041,28.06759356848357,62.31578145391065,False
101071,True,481,369,97.34368890466452,20.6053035695775,114.97022732773074,False
101072,True,478,367,108.61756524118432,22.650811475780724,44.25253235426669,False
101092,True,444,340,97.6779213036566,19.841720205235962,46.78535159289856,True
101093,True,454,348,101.52853941971746,20.712182752644246,73.9785639247706,False
101112,True,550,326,135.97615727830453,43.88457233690826,219.7273005997793,False
101113,True,546,324,121.55643738977072,45.48808986080845,379.0583871787413,False
101116,True,542,322,123.1992963718457,30.019795146297554,69.31708159614163,False
10112,True,705,632,98.76551530658048,31.635245067133496,89.62778088027365,False
101122,True,472,363,100.93683172246347,42.37703739768372,318.2847494385433,False
10113,True,704,631,83.0314548516064,29.159532659014328,102.17877609454496,False
10114,True,712,639,97.13474354240299,34.7748139530281,160.21637623474646,False
101143,True,632,1048,90.10771421151802,24.12426912762731,39.31723722480722,False
101147,True,648,628,116.67389616261697,41.49558774558528,133.16311965968418,False
101148,True,645,625,106.82246449612403,34.47030446829722,40.95138314156928,False
101149,True,648,628,130.62241242038218,35.607827984311506,53.801334209573405,False
101150,True,484,630,100.43681293454021,18.782767299265874,91.482095779281,True
101151,True,475,616,112.58743677375256,23.0200031160738,78.85204169935186,False
101152,True,510,663,101.25990299588915,19.247230739023742,106.72167280254405,True
101156,True,391,267,119.07323965248044,33.27500668379749,152.3263592710499,False
101157,True,367,251,121.55687875202189,30.921456119971023,19.97010014548288,False
101177,True,456,352,116.31784539473684,21.23586759214629,61.89457877096515,False
101178,True,456,351,91.44732468635978,27.269916527532594,170.83494429468178,False
101179,True,429,292,98.47478206724782,22.471956626670377,4.422669717892569,True
101180,True,422,288,112.47079054765666,29.84785509125042,263.74702134594156,False
101185,True,608,451,122.74423795075272,27.24007529585403,8.378807365543237,True
101186,True,604,447,96.57654784657096,27.027871557842072,59.65411037838218,False
101187,True,563,417,101.16949708439287,33.681338178709915,113.79000055471774,False
101212,True,530,315,97.67132075471699,41.982310154166655,375.29127213297147,False
101233,True,370,253,148.67839974361715,40.39217576050161,188.160626213071,False
101250,True,526,312,112.33207199961002,33.17847370266532,255.96748469267555,False
101253,True,570,338,106.30994498079518,36.07912008893313,268.27343969750257,False
101254,True,536,319,104.51046296729518,33.1752714624586,235.64441672334524,False
101265,True,569,338,116.85220099624588,41.94118498018669,209.63938053199456,False
101266,True,535,318,114.88133780050549,39.181282143868266,11.685691544309838,False
101267,True,557,330,113.58052880692019,44.44636420658472,476.3496048804794,False
101295,True,446,571,128.06031822072833,25.672571269713423,7.713460162002826,True
101296,True,425,545,109.39770750134916,24.383211920552686,111.35889537873882,False
101297,True,450,575,116.82506666666667,21.37446106381404,98.17101492627597,False
10131,True,705,632,93.27331223628693,28.10353374696492,30.654464025253862,False
101317,True,363,249,157.14618252624825,24.090659834228866,44.17886010510853,False
101335,True,472,364,125.40917186626932,32.810268818054546,202.71779638296564,False
101336,True,464,358,144.92730808129454,34.847600344092996,6.717216606616869,True
101337,True,478,368,110.87072494087684,29.740989929287927,69.344264131967,False
101352,True,497,567,112.21892554622266,30.53005668078592,46.187573406159935,False
101353,True,480,547,126.26141072516758,39.91261076872178,88.92436410106637,False
101354,True,499,569,85.99217767697081,31.197478349808478,47.05595872719966,False
101363,True,530,315,118.44652291105122,34.84103532011638,183.524380721686,False
101364,True,534,317,142.84752891692955,39.5026969335672,10.00958995041314,False
10137,True,524,312,121.93155460951263,28.112410852897845,198.41914853068766,False
101373,True,631,467,108.48580988675737,32.95777109329442,84.7639334954992,False
101374,True,626,464,124.47744643053872,37.222827451464326,105.13797218070005,False
101375,True,628,465,126.92879597287858,37.18862234783927,107.32730322924519,False
101376,True,368,252,138.85954753278122,39.633060135831066,364.1744778364289,False
10138,True,534,317,121.12177601342171,27.201139351166077,53.29637236829744,False
101384,True,362,248,132.15451791124576,40.569241210277056,254.22614336810273,False
101385,True,381,260,141.12165354330708,28.2624723361471,23.85392208045757,False
101388,True,374,255,90.79643493761141,29.002796231408947,186.85124261606387,False
101389,True,378,257,113.73549091058818,32.699612302047925,196.21322274184337,False
10139,True,524,312,99.64846349579175,28.64446774648872,194.6668435082307,False
10140,True,386,263,110.67516105518233,24.43313005299193,4.111310169387907,True
10141,True,375,257,133.60935927367055,38.91145866101311,429.60306824058233,False
101418,True,356,244,152.26331967213116,34.26847933212218,164.89538897126457,False
10142,True,378,258,96.13207005455068,26.652069520888844,110.2247143849828,False
101422,True,419,286,107.5426005974932,38.16404996259948,375.2166804975816,False
101427,True,343,314,111.41963937531337,29.415961120252216,59.83541115314243,False
101437,True,397,271,142.16758530305705,28.276043426393667,16.073625977701422,False
101445,True,512,444,135.87842236768017,39.185677851293526,71.42276240234956,False
10145,True,506,301,99.4147505679356,29.149850501038372,4.087454642591096,True
10146,True,519,308,105.92964116808048,36.217597535690736,199.66838000785066,False
101467,True,470,361,119.38277244062003,30.6096387490144,151.08881302302578,False
10147,True,510,303,107.94108587329322,36.90213459938689,205.76530577227788,False
10148,True,352,240,116.20059185606061,31.496065841235854,87.74232639435347,False
101503,True,593,574,152.3201579401966,35.247799966412785,46.44572474014327,False
101504,True,585,567,138.9752875382505,34.738614659678085,51.91810541154549,False
101505,True,595,576,135.92236519607843,34.73622767183995,53.93325184048803,False
101529,True,621,696,93.52773150461806,35.669133793027264,95.83996443255077,False
101530,True,605,679,84.91760367093076,34.562037899714994,74.8562208753383,False
101531,True,617,692,86.15471562005227,32.491990295832586,90.64081848289597,False
10154,True,504,299,104.53560147581886,24.995002287270832,4.048233668790914,True
101553,True,638,619,124.15286562916222,32.844619831387725,124.37976307075752,False
101554,True,651,630,95.74407139199766,25.218115283998586,62.21580537109656,False
101555,True,655,634,101.93725287162569,30.298384390979205,38.19874971195064,False
101558,True,491,292,89.41286304159809,40.667023827437994,262.64473688994747,False
101565,True,403,274,127.34938689753854,36.031635471044034,130.58003902752188,False
101566,True,398,272,125.34776825302986,29.959128729340534,66.52211052045831,False
101567,True,388,265,134.13855281073722,32.715609256977395,136.0929818333272,False
101579,True,515,306,115.96030204962244,29.506111575029312,151.6579403273934,False
101581,True,393,268,126.85503778815844,28.252606579907173,135.32180693461802,False
101591,True,372,254,99.2002264837863,26.193802792823245,4.081157117511367,True
10160,True,640,1058,102.38420368620038,30.531106902006126,50.155483385366374,False
10161,True,638,1056,100.34767443241189,36.892624276199435,54.90356464529331,False
101623,True,544,323,121.1230137953014,28.350931858376203,138.6669265543588,False
101624,True,515,305,114.7883940792615,30.583756999696725,186.30248120451853,False
101627,True,658,487,96.50674996723316,35.95855960632947,101.15243811791248,False
101628,True,637,472,119.73938349785807,45.67064353651825,162.2333550669335,False
101629,True,642,476,105.73418152307651,37.73755533311744,154.57603587779602,False
101630,True,403,276,131.85138634156866,40.99824630424587,300.7333394753023,False
101633,True,364,550,101.44866133866134,24.794447505018432,127.35226431660249,False
101636,True,522,310,123.05424545791621,29.31043467734613,166.94853480342968,False
101637,True,522,310,139.65949202817947,34.09390786696883,137.23093988991494,False
101640,True,575,558,115.63663082437276,32.130257180024,105.23645809745128,False
101641,True,598,579,109.26774625839731,31.704660708851545,82.93253284989453,False
101642,True,593,574,103.10566069886187,28.929721644900532,54.12384964929466,False
101647,True,661,640,120.6052122730711,35.94873966205004,32.255397359068304,False
101648,True,658,638,116.62915074653885,24.38501422971088,27.73102647065202,False
101649,True,650,629,110.5427149321267,35.71264723283921,146.67153949768195,False
101679,True,593,575,132.55260942884377,39.00447473171173,55.36785342566712,False
101680,True,652,631,136.98729740503438,39.428083696567676,68.98617176042166,False
101681,True,591,572,135.3180812419391,37.67501692108699,100.89567858974912,False
101708,True,580,504,115.33505747126436,35.459160594942965,104.51366215247866,False
101709,True,398,271,137.52290975171059,37.89255423472826,120.6257033684873,False
101710,True,577,559,120.34241635998922,43.33005165697838,7.003666951181578,True
101711,True,583,564,111.54437185990778,43.40412668734955,128.89393711848552,False
101712,True,580,562,119.8695361394036,47.4432260087299,7.586441220216393,True
101713,True,541,321,117.08950771906186,27.365149760261716,127.16101101237297,False
101714,True,546,324,138.1406299461855,30.537359014391924,150.11821911113555,False
101716,True,771,1044,102.77647454914998,34.5690567407043,41.906346566403776,False
101734,True,619,459,120.17880058144242,31.23951615466003,150.10250302511088,False
101735,True,619,458,114.0542712220725,36.81527854818262,202.15975409087366,False
101736,True,647,480,97.62436244204018,36.14833640164371,45.1801043017868,False
101742,True,653,632,134.19236920154302,49.004125702855056,106.7251419564817,False
101743,True,643,623,132.434043371136,43.82266165623015,131.62791576757598,False
101744,True,649,629,104.29837269518227,35.24556481604812,101.02831824036257,False
101747,True,351,321,131.94050820530572,27.51617371945887,11.75866969113073,False
101760,True,369,556,97.74556939814002,24.410509287813472,128.7540208752933,False
101763,True,579,551,124.707111265747,29.289937896039305,54.699834615868326,False
101764,True,581,553,130.78258163109686,36.819216691565686,54.07034289353559,False
101784,True,513,305,114.80706228229955,46.8584258549331,333.50808930649254,False
101785,True,501,298,94.08160859489075,38.00041648026653,242.17470111333608,False
101786,True,518,308,85.0653048688763,32.81979852662498,199.07499871062197,False
10180,True,397,272,81.21719884427323,25.06989337446621,116.3366604145411,False
101802,True,383,261,127.4107319708292,31.46203028456331,8.369071249798997,True
101803,True,372,253,115.7067979939649,29.95062026331065,233.90879730100534,False
101825,True,411,280,125.55515293708724,38.79955373059501,177.0008230389275,False
101826,True,403,275,111.05040378975863,33.11088282113527,266.8128451172326,False
10183,True,369,559,101.54103582180723,18.911496566074884,101.82801243723013,True
101861,True,638,473,122.80861174256232,30.34398919364192,58.9719986458637,False
101873,True,348,318,95.3263753343454,24.816148591072412,121.70480480205762,False
101874,True,339,310,118.74519935293559,28.242651288838793,7.573850184066635,True
101892,True,371,253,131.66118704921,31.393392506495786,279.4108836442129,False
101893,True,366,250,103.06031693989071,27.23908797627649,169.4774157067694,False
101901,True,589,571,102.67735096738514,43.15154288859993,118.55278871139089,False
101902,True,608,589,91.7639872442141,32.66928690312176,59.9645885670612,False
101903,True,603,584,97.98443569822122,37.721966931060784,79.70808674648757,False
101906,True,349,527,85.89866955193206,26.518383984706755,147.05589569612593,False
101907,True,362,547,105.42855555667781,27.618779076326568,126.39941696423998,False
10191,True,635,615,128.86150950643363,33.207449741602694,73.30766576154684,False
10192,True,643,622,152.1045816185185,35.34855523086889,5.242274397928239,True
101921,True,550,326,142.42939765755716,44.602285189077755,22.95586115864229,False
101922,True,556,331,139.70742680779847,42.82917385661844,267.4172297096845,False
101923,True,564,335,122.43469355350905,31.419155935683413,72.4323852120608,False
101924,True,453,348,115.57515668214458,25.866200518163314,6.404148991174677,True
10193,True,652,632,156.09733196784964,33.326559392020535,52.15560126075484,False
101932,True,629,373,137.7980794230597,37.04523595153524,135.78972114914717,False
101933,True,554,329,105.70709293011313,29.457524570892076,84.97588547313718,False
101945,True,490,291,124.17676555158145,41.055972257570446,10.031989692103714,False
101957,True,368,251,138.0771804087996,31.49882606454291,219.0802675638659,False
101958,True,365,249,132.5671452935028,28.416860430259344,143.60237615717244,False
101983,True,353,324,108.60699297030742,26.182625585493145,46.91681253186457,False
101984,True,348,320,125.10608836206896,33.67981429718351,118.37700228979007,False
101997,True,630,466,102.92623135090946,41.09431591562871,150.97269785545936,False
101998,True,643,476,111.56127723251042,40.95500171032119,193.5559136815934,False
101999,True,624,462,123.03393828393828,32.43713533493338,124.23690046198263,False
102000,True,354,324,115.44658924461184,30.831819749544927,127.62418692027273,False
102001,True,347,318,123.80525800663368,33.20356924183509,231.80607300134724,False
102004,True,493,292,94.92410180888605,34.27319220973575,71.73432765404966,False
102007,True,593,438,97.16363279355032,30.34950938052726,101.54336233117607,False
102008,True,603,447,124.84435763019356,39.12199912219193,45.15400601511336,False
10201,True,375,256,121.11483333333334,24.328840069737993,118.23135366493057,False
102011,True,435,558,115.21239237012318,30.379904538633813,103.63062885619851,False
102012,True,436,558,115.67678636019862,27.963171105756157,87.80312470176243,False
102017,True,371,253,108.12972097631655,25.647836517643736,4.062460910239396,True
102018,True,360,246,112.85600722673894,35.331829972005124,309.5526837345689,False
102019,True,354,241,132.6335888599761,33.12305312019726,11.608141684916482,False
10202,True,392,267,118.36416532905297,22.15468859215776,74.1678835513836,False
102023,True,396,271,116.24332811509933,25.49946610712086,119.43417200043353,False
102065,True,522,311,145.4878096857252,31.498180926115957,118.12359852442945,False
102077,True,607,680,98.95606647931001,25.403914086793755,78.65310957693028,False
102078,True,622,698,75.55186845281419,22.974807163314086,47.143145976735475,False
102079,True,606,680,102.17274801009513,29.300703637358687,108.50253609306084,False
102080,True,712,965,114.30814024567736,34.450549486004554,43.30052068182937,False
102081,True,726,984,128.17956029250377,25.055402839926007,54.030944733261215,False
102094,True,584,556,104.7052638710949,30.51081808292003,68.59011787492894,False
102151,True,630,1042,93.94696249581087,24.391083840088275,52.63178027943757,False
102152,True,646,1069,120.363012508435,42.13011702964036,45.50682451341298,False
102153,True,643,1064,82.69933289678318,19.422732179317205,21.150055268902676,True
102183,True,572,546,110.21373498296575,37.558836958110085,122.0032551010952,False
102184,True,568,540,116.65148995826813,34.14794636862096,131.39611368835733,False
102185,True,580,553,123.67973748207271,25.353294845040992,115.1177132696845,False
102188,True,465,488,119.4342499559316,27.252693335989687,93.02442211024359,False
102192,True,586,558,114.2072124970947,46.50995593073668,42.28259675050364,False
102195,True,525,598,124.98153846153846,34.201504983465455,5.476061237187051,True
102202,True,596,577,106.35590243448524,39.4379132337936,99.9295671527705,False
102203,True,604,586,89.90771703998372,31.661756454149096,41.45475791795789,False
102204,True,586,568,115.43545402105465,40.43407225294337,106.3246547686219,False
102236,True,508,302,82.583485425249,29.241181152189576,196.33432052264413,False
102237,True,516,306,100.59998353346506,31.824180811428928,190.69913073604837,False
102238,True,495,294,117.53872053872054,32.22260731397538,214.43211972871651,False
102247,True,613,687,68.71883333214605,22.57516339847008,55.709909267213895,False
102259,True,395,270,114.99693389592123,27.136917002338087,287.20095127170225,False
102260,True,399,273,129.3976057359516,38.90132088126944,334.53889527899145,False
102261,True,395,270,129.83578996718236,39.17795805635482,340.90783419446905,False
102262,True,564,504,102.93051334008781,34.145425451924574,92.35286650135527,False
102263,True,557,498,95.52546992277908,30.846184753115264,67.96085263732648,False
102264,True,554,495,100.31423257849251,38.39866105486526,44.82887991896566,False
102268,True,325,415,129.9617720111214,24.23468831779983,73.19736606286843,False
102274,True,707,959,116.33602600540108,38.21596037218214,21.3954307962733,False
102285,True,622,635,114.52007241056283,34.45351719883627,99.6321441802541,False
102296,True,594,440,137.5297941536578,36.77841681818493,116.68286767612999,False
102297,True,595,440,115.48614973262032,32.799283900196095,107.36844720739533,False
10230,True,401,274,131.5733476527659,37.13539209885223,321.26691481571504,False
10231,True,401,274,115.37055172288258,31.04800105287066,221.62933622154705,False
102317,True,352,323,136.09780467210808,41.696160751126044,155.62283108491843,False
102318,True,354,324,121.94041640510567,38.97702759815573,187.75668143208011,False
10232,True,409,279,122.39865569489356,31.456388463381025,192.23172779899542,False
102329,True,371,254,113.38108326081881,35.48870617845176,121.45916000861654,False
102364,True,648,628,115.91293642368483,27.799579790592272,83.21105318325765,False
102365,True,660,639,120.17114810072556,27.26272393578715,61.36062905109639,False
102366,True,648,628,119.11416804277738,30.50233340749699,84.86701890208008,False
102369,True,365,468,110.1541505678492,28.098438377276132,155.0024292218183,False
102370,True,369,472,133.10439345918883,31.436906803228982,185.08767041229382,False
102371,True,363,465,122.12313753369472,29.51421328317039,56.372327058606025,False
102377,True,603,677,91.19253069953041,26.76852559440313,76.43524109372535,False
102378,True,614,689,119.30979609782388,33.17900357938083,56.9008669138091,False
102379,True,616,691,112.7562679722593,29.756570891690323,25.520871284512612,False
102381,True,697,516,134.62913316205666,27.82740318406219,72.35852121756885,False
102382,True,686,508,80.02763940221757,14.75476512425851,30.327627748669222,True
102383,True,679,502,152.204269813236,30.978252276292036,127.57966564029283,False
102400,True,713,639,117.16462653119903,36.369466579185094,80.88398826430554,False
102401,True,721,647,99.37982408941728,24.516387428881494,64.64020640653844,False
102402,True,710,637,104.9722068675791,28.98299306363425,67.69441758403676,False
102407,True,404,609,109.92452324050139,27.157021300819807,118.32131069926099,False
102422,True,391,267,116.62496048737033,23.343986464450207,106.21308818063798,False
102433,True,657,636,137.6305246833807,35.6015346167842,66.72276662508017,False
102434,True,644,624,141.9416880673674,39.47764586767189,43.32172868525468,False
102435,True,655,634,126.44107929780624,37.7358932539832,77.48238492470033,False
102464,True,530,315,120.60092243186583,32.691728202861356,64.41090766092971,False
102465,True,514,307,132.07828362843637,28.773688187166403,126.85724589255538,False
102466,True,522,311,133.3797168939646,31.62654994100353,91.89759242211134,False
102467,True,645,477,113.16306697219379,36.07316345307201,38.76812722302101,False
102468,True,642,475,117.44700770618134,30.958606574235606,56.40439397561163,False
102469,True,637,472,132.8421360721603,37.584737348148536,68.07226444939175,False
10247,True,528,313,105.89599065737245,30.238773419996555,167.67280619311498,False
102472,True,526,313,118.8693011333957,40.42713321099814,384.46733726239205,False
102473,True,524,311,134.6387238899389,37.64107920284072,318.77017013762634,False
102474,True,526,312,75.35224724578337,24.560827061865268,163.39960131578914,False
10248,True,517,306,111.70780394685276,30.124912716012577,171.57238836944666,False
102483,True,416,284,142.60928189328277,27.718129755402988,148.16382356126462,False
102484,True,403,275,163.33430182720505,26.20415388048161,133.84710496422943,False
102485,True,405,276,125.66275720164609,31.34306674322402,227.81269532935082,False
10249,True,530,314,119.38117413772383,35.00711236631005,195.7573712273109,False
102491,True,359,245,131.373782047638,35.80745023870552,328.41813701296684,False
102492,True,358,245,137.16513510432105,30.820779056548748,8.514648855841086,True
102515,True,567,507,95.64851166560568,22.59245352292647,55.73283688340797,False
102516,True,562,502,106.13982858601183,24.915522218985846,59.14446628192486,False
102517,True,566,506,122.2948888950963,29.963842706053917,109.53727312801608,False
102533,True,500,570,123.64257192982456,51.60254484662878,98.11172974821791,False
102544,True,494,563,123.84923882325023,30.90434970703552,5.341886535426348,True
102545,True,501,571,96.28943164459173,25.173312906242565,42.55826258391292,False
102546,True,484,551,117.96748211366261,30.70710361324454,6.020820285179648,True
102547,True,501,571,134.54504650943298,27.115812696317377,14.558128689301963,False
102548,True,493,562,125.54483408285391,37.48492711117449,86.08807408485072,False
102549,True,503,573,112.59001661930685,35.464179955150996,28.350685281595077,False
10255,True,359,245,122.79044966175886,29.79926413905391,193.50777289541472,False
102571,True,387,265,105.62750719126322,30.09979718329487,187.37786460369327,False
102592,True,366,251,106.4155400256896,32.58082183094123,134.9324176004094,False
102615,True,601,583,118.1623366430449,29.28417562365498,25.407145075596162,False
102616,True,593,575,129.90178752107926,29.351065375383016,60.11042850270427,False
102617,True,602,584,80.19541880944796,24.08088401490926,26.691908214600097,False
102624,True,454,349,136.29133584943767,23.40147648518615,71.30256601202963,False
102625,True,444,341,120.8053023698185,23.58997709873875,67.82474881266882,False
102642,True,493,293,118.63875139322529,33.82690771560077,90.95651487203476,False
10267,True,641,475,118.70911240660153,24.23700250769342,41.43376460755926,False
102674,True,495,643,83.6943179854533,22.7060981757874,11.332025220726461,False
102675,True,544,708,110.4885058366567,32.77473770720167,72.16385237718423,False
102676,True,544,706,73.57111054407599,21.688449367695096,53.42018330710191,False
102677,True,609,590,105.95177145083632,26.397633703000455,38.81177034257974,False
10268,True,640,475,112.06031907894737,35.940785224167925,104.08802230539081,False
10269,True,640,475,124.72095065789473,46.258129120773404,116.84272177545019,False
102702,True,458,482,111.53325843918172,30.12196805558167,154.53317985152296,False
102712,True,625,463,122.33750669546437,34.89045323929564,152.3134362247258,False
10273,True,450,345,112.04834782608695,22.65496047549692,5.4667543014980255,True
102731,True,352,322,101.26850119988707,33.6082255643454,207.17927393652738,False
102732,True,348,318,123.52958505024218,36.50617776667122,9.917164727793722,False
10274,True,431,331,114.43838890797065,23.804718199186382,59.92783683237858,False
102746,True,422,288,128.394426342812,39.4088727712055,400.922565867205,False
10275,True,448,344,114.69952372300665,25.49962426400409,160.03700804794858,False
102754,True,355,325,88.76965547128927,26.394090471554954,41.256153712339874,False
102763,True,567,336,120.58732258335434,30.822253198135222,72.85027976369629,False
102772,True,331,422,111.94664308930284,27.16200624406966,128.34222037061775,False
102773,True,329,419,104.99655425060391,23.10217164695716,104.89482834629432,False
102774,True,321,410,91.99054023250513,22.1752641224338,100.39306947614766,False
102782,True,473,362,82.72015348136381,21.428976959841336,65.16965069080155,False
102783,True,461,353,128.57501551621368,33.68233712307222,9.9148257519322,False
10279,True,339,311,126.66672357700443,29.824725608414465,198.39632074168853,False
102826,True,533,316,107.82375851996105,37.16298889237825,262.1809799651552,False
10283,True,463,355,120.62916070939677,30.681487341996807,9.508555216471423,False
10285,True,583,565,114.74539079220996,32.978837104206114,73.24503585856817,False
102855,True,405,277,120.58828720417168,28.418575877632307,98.4861222886498,False
102856,True,398,273,128.9017523515011,33.370605214483014,171.98549408775702,False
102857,True,398,273,146.9936403629871,33.99196093367527,314.95657845992156,False
102866,True,504,574,113.66684295669488,38.16007299455164,76.52737490215944,False
102867,True,508,579,106.28615043585873,42.44606259858013,72.30171082722967,False
102868,True,503,573,117.61164600529459,45.261302989554835,99.50356959731884,False
102873,True,570,338,120.58644243745458,38.041622930653205,192.68965961015286,False
102874,True,561,333,112.8253494135847,32.06129815746349,137.41231469306445,False
102916,True,364,551,113.83879459923017,26.518096254167375,87.31580443127943,False
102918,True,478,612,91.36436541143654,22.738286641534902,40.88463981955622,False
102943,True,611,686,97.85112347487511,25.433437644866324,38.05249475945792,False
102986,True,645,625,144.5358015503876,30.21560102373828,50.988726313880555,False
102987,True,652,631,110.04097595597601,35.58608830803802,147.84550755154027,False
102988,True,653,633,142.60511819310074,29.331628822697944,45.85170580725981,False
103014,True,609,683,104.00241136490948,29.18906863158257,64.02900773766707,False
103015,True,615,690,115.52999175209143,26.59437797314343,29.77079384645407,False
103016,True,616,691,71.59595072076982,19.667314792332277,30.39899119815436,True
103022,True,587,348,126.81021754880652,36.01777197916447,202.91800307228553,False
103036,True,369,251,138.51084550686144,36.909374759357334,285.0209838070808,False
103037,True,370,253,128.78776840081187,38.71064909184616,316.30952826324267,False
103041,True,499,296,88.69103071006879,25.540199793381966,136.61465252970447,False
103044,True,506,300,128.0969367588933,34.55556223333865,211.01960982917336,False
103045,True,512,304,118.35580926192434,32.580774410213316,123.77080201376181,False
10306,True,645,1069,97.87422281201732,28.625341011130228,68.13779037335843,False
10307,True,650,1077,75.62096278837225,20.5931645195277,24.926873454551014,False
103077,True,363,551,95.74464659797113,19.63523924303993,98.08146036770802,True
10308,True,648,1071,121.07527867113924,31.114338974250945,43.01500847026383,False
103082,True,640,1059,88.13924250472144,30.115859116003076,61.45922126215487,False
103083,True,637,1054,113.81116863618897,33.434656917255886,21.09021840483546,False
103084,True,645,1069,108.30186583128476,26.791273009738106,38.430105674184816,False
103126,True,516,307,111.22005277377977,50.813814413002824,382.175906955715,False
103127,True,524,310,104.78700443240581,47.05253234511807,425.56763907625987,False
103128,True,537,319,91.421562961536,33.165878264452424,202.71851622507452,False
103132,True,504,437,106.75027696051724,38.23777002775736,14.413033434718905,False
103148,True,365,551,100.77777391044924,30.911917004289656,104.3836000203942,False
103160,True,532,463,90.61471037204242,24.94720174200222,78.59129323262215,False
103168,True,322,412,114.90519658686607,26.250069370645583,87.0117745187456,False
103173,True,387,264,99.25656761412576,28.55991830264971,203.10710447860367,False
103178,True,648,1072,65.31520493596831,19.810927611073943,45.25561860038106,True
103179,True,638,1056,88.30071631281467,26.29162200864379,80.65781097787558,False
103182,True,452,347,89.9556310729132,20.923413782728037,99.89223415861149,False
10319,True,452,347,110.18209175996532,25.799279293990132,84.50456268503899,False
103203,True,785,1064,128.52603203869546,26.789552185492884,13.415963776338955,False
103204,True,700,950,98.74504060150376,22.197431611364603,22.2370586182509,False
103205,True,717,971,95.69193357722631,21.290586450272986,33.03116782887973,False
103233,True,356,244,140.69211641186223,28.51532816622986,12.793232682993612,False
103234,True,359,246,126.30964512987748,32.651498062181254,242.78746282973813,False
103238,True,700,950,95.13776691729323,27.629866141247707,22.701526276216853,False
103239,True,713,966,93.41802926426989,28.63560251790564,76.35819975170843,False
103240,True,684,927,105.63971845291042,35.29699331965207,81.2215038023463,False
103249,True,405,276,126.96204151010915,34.09091073157487,193.59939920607096,False
10325,True,702,520,144.64151873767258,32.98947224892479,73.63864364513965,False
103250,True,396,270,142.29708193041526,38.45006132085682,181.02556704543534,False
103251,True,399,272,141.96968524251807,36.58406508109212,165.496089740602,False
103259,True,420,287,131.54392732702837,27.187726896852702,128.0464519952785,False
10326,True,707,524,126.23705691179805,38.55164048191939,128.31116401092294,False
103260,True,424,289,110.25482307240321,30.672017471750937,237.75216487630055,False
103261,True,434,296,121.6459630713663,29.927203246112807,47.483965841587114,False
10327,True,437,386,94.12825909107077,18.32055535652944,32.926345138128944,True
103275,True,616,597,154.63730992625466,40.37180029043219,58.945374864114655,False
103276,True,606,588,122.01909476661952,31.51837863138944,46.908364866722636,False
103277,True,591,574,137.90002770948666,39.258698606303476,83.69822010344853,False
10328,True,421,287,134.4314433032352,35.20172490480216,236.34543300907677,False
103281,True,555,496,94.60124237140366,32.69227112939757,66.61329857755302,False
103282,True,559,499,96.02254240143974,34.68107889569914,79.7067344290763,False
10329,True,427,291,133.74311306405272,40.13090177927975,282.09708844991934,False
103303,True,377,481,108.22443847642786,22.192152922524794,20.114569342331617,False
103304,True,399,508,92.48986146468533,27.04447664123753,180.4700084445654,False
103305,True,332,422,99.62058899103523,29.03525982471696,132.2293364609059,False
103310,True,498,296,96.60474329751437,41.015911159878364,190.27466490248506,False
103311,True,492,293,102.49388162823608,37.67282654954289,183.00135199208125,False
103312,True,492,292,98.81428889631363,37.31891191197952,271.87516545622043,False
103332,True,382,261,103.86530861968667,37.35929655481978,335.2505255773739,False
103333,True,381,260,114.63665455279629,46.09267750212334,521.3775420713234,False
103345,True,643,477,112.06659689414465,33.06588658410933,151.44469548898482,False
103346,True,647,480,124.24105164863472,36.54351271903293,170.2121951758744,False
103347,True,647,479,110.09507506945498,27.906835471516104,39.431058160140246,False
103359,True,391,268,129.0580505401382,39.90870645036878,13.67905015780455,False
103360,True,394,270,113.68212069937958,39.217464939069366,229.2822149998899,False
103372,True,521,309,141.8533812869202,32.32685156707111,9.513911874722309,False
103373,True,517,306,129.24747474747474,36.248973841350335,286.01264145085275,False
103388,True,558,499,119.71038851897343,27.93491876034539,32.00016799924988,False
103389,True,564,504,107.43906197230665,27.316287283197614,57.89025672462458,False
103390,True,725,648,124.82497232865049,37.80285250286581,77.41569310161329,False
103396,True,715,529,109.21699208164236,37.07148668406751,137.2400756088866,False
103397,True,688,509,135.42678302188514,50.585336680266394,73.26910885597822,False
103398,True,693,514,84.98697368347173,28.200166804506832,94.31883447308593,False
103401,True,559,500,96.58077996422182,32.49804723182328,99.79833887469634,False
103402,True,557,498,92.77405132198453,25.088898610264142,22.431356207039215,False
103426,True,365,249,126.52406887825273,27.905086462202362,232.2153547369373,False
103427,True,363,249,109.48695055704913,34.28322701520722,296.6620879132982,False
103439,True,637,472,132.0301333049517,36.47055395453702,94.27299437956724,False
103442,True,545,324,125.21480348850379,34.652042880526785,317.35212196105385,False
103444,True,544,486,106.05780606995884,26.55159788088306,61.711032689696154,False
103445,True,562,502,111.54603295005033,28.63439941347057,91.42484826721639,False
103446,True,547,489,116.74924387718097,30.89869297852432,67.05465074807246,False
103454,True,555,496,115.54679598953793,17.8174092957462,27.409386828119572,True
103455,True,537,480,144.74691961514588,27.151552140754962,32.33942789975149,False
103456,True,558,499,120.80691849649119,35.23442052226321,17.95624495046962,False
103463,True,436,334,130.04100972367192,22.80200051778574,7.4289777895621905,True
103464,True,455,350,122.61848665620094,20.00928242602158,92.84007607071018,False
103476,True,592,515,101.71121752820783,29.457764019815638,93.05674193960652,False
103477,True,583,507,97.910961800657,34.028169254049125,96.37456058493586,False
103478,True,603,523,97.37831238961344,28.198033797480512,97.01436657305715,False
103480,True,411,280,117.07662495655197,31.20396592992804,139.3214484206269,False
103481,True,411,281,147.87534093565733,33.983006688681485,206.01445469643696,False
103507,True,529,314,100.7797912176562,37.05811107595261,284.0986440935077,False
103528,True,419,286,137.20101974397917,37.217676180720446,123.8684918936723,False
103536,True,447,343,88.84552018314517,29.732282731509823,239.829689815248,False
103538,True,728,653,120.1198946535853,31.301577414593353,114.13528213090515,False
103545,True,387,265,123.18817220028278,44.21889239530468,329.3820204229976,False
103546,True,399,274,78.32148802663593,28.590904481604444,223.30629936072393,False
103547,True,387,264,111.50437514681701,40.172055530379275,275.18311286579063,False
103548,True,495,564,135.26068486281252,32.36451432747479,38.97102919903268,False
103549,True,502,572,102.7264020839718,32.80409891519672,69.67924385579593,False
103550,True,645,624,136.86179934406678,30.76029221389752,15.911575980109715,False
103551,True,651,630,124.96109526247776,33.350918747882965,90.17583815135276,False
103552,True,653,632,117.12933975614011,31.18728945777856,86.72378757756874,False
103559,True,483,287,113.59949791157185,33.28840743551762,252.22008911461486,False
103560,True,505,300,91.46347194719472,25.797857364115455,138.8678570712675,False
103561,True,484,288,106.63210944674013,28.283252257724246,148.49011382963874,False
103565,True,710,962,105.13925214488594,22.518513020839656,54.712510597644254,False
10358,True,558,332,123.60250680139914,39.27557684377736,170.42218540045363,False
10359,True,548,326,134.4401896466795,37.02423700046631,209.25576665871074,False
103594,True,625,463,109.47920863930885,35.33029403464698,171.74639430471083,False
10360,True,544,323,123.50010244035695,42.1711019462739,12.410711775110927,False
103600,True,587,600,94.42945485519591,25.372521389637452,28.37417467650408,False
103601,True,592,605,107.85860788474425,29.147487726546608,68.84985561954153,False
103602,True,586,598,93.37277843094729,25.394407051202105,63.25832367935431,False
103603,True,590,438,111.44960529370792,32.93956401891399,129.0187931818627,False
103612,True,395,270,136.25648382559774,30.854988045830474,303.1896720611013,False
103613,True,442,303,132.63042277078387,34.945429841525836,164.1294825458233,False
103620,True,624,1033,107.50183061533497,24.992983285670658,40.28506178533101,False
103621,True,643,1065,77.49127987207851,31.772336274549378,92.38015851994281,False
103622,True,639,1057,83.53871129647644,29.279957724850036,76.44158597007464,False
10363,True,600,572,122.97510780885781,29.657699972770263,69.20377299569117,False
10364,True,600,572,120.53443473193474,29.42252048491315,67.7618928749572,False
103640,True,336,430,113.36748338870431,32.95943184496112,179.10504836908342,False
103641,True,339,433,99.52563237888914,21.020603387602847,76.44319621286841,False
103647,True,520,676,85.12496017296313,25.586789428124753,70.4380632334475,False
103648,True,512,666,100.71892302458708,29.448552728721452,57.3893036709257,False
103662,True,494,294,121.37989203778677,37.40388288246992,235.95918419381942,False
103663,True,488,289,117.35931561631403,35.83500704853618,8.511216725958406,True
103674,True,499,297,91.1947126576385,29.798246283659118,84.42936063871522,False
103691,True,547,489,114.74708673074551,36.00013502480419,155.18505572194334,False
103692,True,562,503,104.87482931591943,32.68423228295222,139.42773589744644,False
103693,True,551,492,105.37734791141015,34.82615696294299,156.6931942066813,False
103703,True,541,321,111.04074029286944,35.42343862861363,233.47481700622322,False
103704,True,508,302,111.02730484434478,39.81704838380506,397.35200491064694,False
103705,True,504,300,104.39902116402116,36.488342366727345,309.83809499204773,False
103742,True,560,501,104.22235528942116,29.19356171206861,61.16815227968794,False
103743,True,734,656,125.07005133913736,40.85565458779308,104.58506661122404,False
103750,True,400,273,163.921163003663,31.852651871518564,116.36025776241468,False
103763,True,707,634,83.15575430909472,36.07643491088113,103.20210903687442,False
103764,True,689,618,105.534699226401,32.64724436914307,97.29080640428712,False
103765,True,689,618,126.64301717699776,38.47268979721972,96.9886486338246,False
103772,True,340,312,108.85794683257919,35.46446562446483,8.77991053416813,True
103773,True,346,318,112.53569091503981,36.811573065132386,307.33051289986895,False
103774,True,344,316,108.9322104062408,37.8364187279153,314.6712356882845,False
103781,True,391,268,120.97554109249151,36.28915299939373,62.4825376781185,False
103816,True,377,257,95.69330883794858,29.06540087133514,4.329463309553671,True
103817,True,360,246,117.04637533875339,45.05042524271302,355.48906743964346,False
103818,True,367,251,113.8974022167461,44.27757779702271,324.4462166742882,False
103822,True,360,330,124.8826936026936,42.33247386565372,258.6421458805224,False
103825,True,586,557,91.02975778334691,23.235642188898023,89.09021831559309,False
103826,True,628,597,83.44227240235146,22.18690528745685,68.6332981102677,False
103827,True,605,576,89.56862660697888,32.81872441048729,151.18971643952483,False
103846,True,524,311,114.33001153629023,34.37154663036418,468.2217457570786,False
103847,True,520,309,137.54039083893454,26.528798197955133,159.15135287549697,False
103848,True,528,314,130.54083429839798,31.463020678825462,184.75322145978203,False
103852,True,413,283,149.30634245672874,36.19630207947282,203.91424944468193,False
103853,True,413,283,131.6154313435262,30.751948582742084,138.19925228826338,False
103854,True,412,282,154.94445018246918,35.152949695356824,8.109690293628937,True
103855,True,416,531,107.51966083586846,32.386023008898285,168.70731334963978,False
103873,True,474,364,107.73650136783048,22.55603003408685,49.2174202154555,False
103874,True,486,373,126.89931486446231,28.336957787309853,5.596481692679843,True
103884,True,436,298,145.61851948771627,34.11492212733702,101.6774060256288,False
10389,True,390,497,104.16513439612031,26.660302313286707,155.19071911214942,False
103896,True,603,583,109.03305086915337,23.619088392455993,52.6752922894818,False
103897,True,593,574,131.26924161677175,49.08425970577058,122.47287165014566,False
103898,True,611,591,128.73679109168904,50.407275781570966,118.42060669480735,False
10390,True,383,489,121.6436111422576,18.675617326312764,36.278358611719376,True
103900,True,526,313,140.3574569661925,37.81604369675207,108.1427975898371,False
103907,True,665,746,116.28720191900663,35.01077012237867,89.24013285508919,False
103908,True,601,674,118.91401571070965,25.216963275515774,52.45503290717746,False
103912,True,513,445,92.90797906126114,30.717817875020234,72.38344027483355,False
103913,True,504,437,101.51237695688496,31.90259165680027,132.7749335620701,False
103914,True,507,440,94.77371346602116,32.14826207183799,65.3504610012774,False
103925,True,609,590,105.25304054994295,32.59523873585638,73.12621854890774,False
103926,True,482,287,126.67378229502508,37.87746273090855,206.03658878521978,False
103927,True,498,296,139.9893289373711,34.65807186568198,114.26483905426419,False
103928,True,500,297,125.66874747474748,30.310226114597842,123.5784816124885,False
103929,True,500,650,112.93729538461538,14.688762333853736,34.83661742427455,True
103930,True,506,660,86.78089292130794,16.689333754652555,25.670623762863002,True
103939,True,581,445,109.1812914579667,39.16723817671433,367.5054609901867,False
103940,True,451,346,101.15861348576702,33.05395445696951,28.675598338596245,False
103941,True,441,339,97.8105405387327,32.19103616617048,91.13521590946061,False
103966,True,668,598,106.9710286784291,33.09696477701578,137.268849226356,False
103967,True,719,644,98.00667766653133,30.213535595917016,86.65754490226647,False
103970,True,584,566,109.36800849508688,34.27101169787098,105.22036441163347,False
103971,True,601,583,107.45028725708724,29.721588500010867,59.64866972707313,False
103972,True,580,562,118.82995152779482,35.711670443819116,109.56100367756883,False
103973,True,543,322,127.20751976024616,35.41056906363542,246.74101252379361,False
103974,True,541,320,134.15473082255085,36.86891372008884,221.7459195783977,False
103975,True,539,321,128.89302908929076,35.58188819959572,238.78927327744145,False
103983,True,576,589,111.42762568383324,37.81672038053799,106.40773729455464,False
103984,True,591,604,97.53749117558073,29.828294025297556,77.33016791946821,False
103985,True,656,671,123.37311211878885,35.93886908615546,21.64522815801807,False
103997,True,367,250,103.14392370572207,32.5544601744152,280.64503196418417,False
104017,True,388,265,110.90282046294496,27.155463688746043,218.63042921532642,False
104020,True,383,262,124.81288740956292,24.26397095178881,49.77388854031695,False
104021,True,376,258,108.10743443839684,39.63002870687892,235.31997457912368,False
104028,True,399,272,124.76537851982899,34.693415503917436,220.6307339396536,False
104029,True,372,254,125.87828083989501,33.74701012604049,213.61731035245228,False
104034,True,374,257,118.26510122973845,31.71509957577304,273.82214747301106,False
104035,True,369,252,131.24174086978965,32.40321345505597,271.7616235530231,False
104040,True,601,445,110.718917908355,29.197738734100874,65.34664200571474,False
104041,True,601,445,118.92161378975116,29.41654795548478,83.54669707323431,False
104042,True,585,433,133.1210280097116,30.884600061042136,100.90515074377142,False
104055,True,686,930,137.62313708893697,33.97939652010024,70.35197290613243,False
104056,True,704,954,101.53162074757005,25.048524605074938,33.900710071430616,False
104057,True,702,952,122.27901972754914,35.74908918040615,43.38458335916157,False
104060,True,586,434,110.17088045170728,43.7919191068036,8.086716549097813,True
104061,True,604,447,98.25373349926663,36.23620236698921,158.85560599829438,False
104062,True,593,439,106.96710291287496,38.03347442595275,176.78486503388763,False
104079,True,536,319,122.78238899546156,30.448816147318656,35.99868219843122,False
104098,True,472,362,105.37418648749883,30.969849635547373,143.27370816520204,False
104099,True,363,249,136.60409129631475,34.98627194693851,168.90625261093518,False
10410,True,379,259,108.18635710720143,30.79435955244218,220.53092544424857,False
104100,True,368,252,133.59811723602485,35.57475180764718,221.84735380681684,False
104104,True,592,564,114.21659059325283,32.267424793137366,88.63514603189655,False
10411,True,377,258,121.63381860053873,35.79771805442998,259.3381763482537,False
104115,True,351,323,139.32008502906336,34.652058900123976,237.50626088723916,False
104116,True,334,425,75.10399436421275,20.034783566464935,35.745552870257654,False
104117,True,403,514,104.86820152359252,35.74140950155318,198.08346359959268,False
104140,True,588,561,103.28227654698243,27.35620963869576,57.65624643847827,False
104153,True,533,316,112.64488089866293,38.74596206286312,188.62020816944286,False
104154,True,528,314,115.23423928778229,38.64480512459595,131.92997568072798,False
104162,True,594,575,128.1002371541502,29.13371272327437,5.398142287166794,True
104163,True,591,573,102.09956207569624,30.32149740910963,59.00067938603987,False
104164,True,567,550,131.83509058842392,28.107564537594136,55.338273839417006,False
104188,True,589,570,109.80109611890508,34.000835289666696,94.4160369944389,False
104189,True,589,571,99.70143821788243,33.05548656903166,75.00517056978222,False
104190,True,591,572,92.32996107107782,37.54658668455539,102.32594032915691,False
104192,True,367,555,113.63268281905884,30.698651508023826,102.27409634127669,False
104195,True,598,442,104.49812345828478,44.01908381219193,136.1040017547925,False
104196,True,594,440,116.26898530762168,44.63281167485588,156.78768700017162,False
104197,True,606,448,102.45900002946723,40.745352030572725,74.48003534338149,False
104198,True,599,580,148.55289563064878,43.90829082089334,54.41677111426214,False
104199,True,577,559,161.90537075676733,35.83110455949181,4.79151099722361,True
104200,True,596,577,159.05650320449445,27.413135586674226,21.033617562823423,False
104245,True,369,252,118.75005377037897,40.91619107526895,244.17042488412534,False
104246,True,357,243,128.05768233219214,41.47918235336423,150.64604866173275,False
104247,True,364,249,123.475671918443,39.727033130540875,162.81709848352318,False
104257,True,380,259,140.50221499695184,37.58707624059504,303.6117666415485,False
104258,True,397,271,123.64041194568117,32.62859770175765,223.59585859789053,False
104259,True,388,265,133.52556895545612,33.726398345120536,302.33880966499623,False
104288,True,496,295,103.25978676872607,42.249405366984426,290.53664057084194,False
104289,True,502,298,106.87132008877242,40.266121124166304,257.13075469224185,False
104290,True,488,290,100.79129451667609,41.89272617608478,338.6080051553955,False
104297,True,401,274,130.00206600287603,36.43709297740453,174.85883897773016,False
104298,True,395,270,133.88660103141115,34.501620602780775,220.37261055865577,False
104299,True,388,265,136.07477144524412,36.559116852906484,194.82067781339993,False
10431,True,433,296,134.92317895262468,35.740673077517044,187.935612421037,False
104326,True,620,695,83.11770944534695,26.292485059762402,75.84267144112872,False
104333,True,515,306,103.29451741861793,31.663646650610737,183.19132761591678,False
104334,True,522,310,109.90328142380423,34.51174072028188,241.60608453730669,False
104335,True,534,317,90.74173253464714,24.16923170140455,107.99659725173544,False
104338,True,423,541,103.07081274061255,23.61518169985147,153.07687240012535,False
104339,True,448,573,112.36575589005236,18.609639791748528,67.97116195665959,True
10434,True,500,651,99.99160061443932,25.68666165348076,114.22144191232206,False
104344,True,598,443,108.14774983579576,33.5652680926467,111.14411762733441,False
104345,True,603,446,133.3001100625423,34.396353851925994,80.2962952602886,False
104346,True,606,448,108.89465464403584,28.55023168600192,27.627587559220665,False
104354,True,425,290,145.87424746450304,34.17562515385511,170.63093043302382,False
104358,True,370,252,116.84078721578722,39.15887206951898,54.11299094173692,False
104360,True,533,606,116.85721273815938,45.26354906295694,169.25728761145575,False
104361,True,552,629,88.99805880048847,27.167230352470025,112.92497154366998,False
104362,True,590,351,125.51441885170699,36.29555637340491,106.47393877165078,False
104363,True,554,330,124.3546493819057,33.17382742041421,150.89034346535786,False
104394,True,404,276,103.17185033720763,32.92751273998343,303.23445296991287,False
10440,True,417,285,96.94235348563255,24.79739129832828,145.5656947156447,False
10441,True,399,272,112.23007887365472,25.3957049525994,152.85277761877387,False
104410,True,482,370,117.49082090389145,29.9179017551209,122.73556828491039,False
104411,True,524,403,107.81372530449113,28.87678984272562,159.9747806894617,False
104412,True,487,373,125.09914065983672,28.52597194472146,90.57618714272712,False
104417,True,552,328,152.11855448038176,41.04576895172464,227.70400853289735,False
104418,True,556,330,152.01587093961194,41.296802912616464,231.03654154953585,False
104427,True,522,310,114.66147571375602,35.424828686286155,238.46817858138542,False
10443,True,434,297,143.05664168567395,29.266662820198217,63.72600811087418,False
10444,True,454,311,124.67276938113518,31.954439999819424,124.46699078745206,False
104445,True,471,361,105.61419976357253,29.560934173170264,286.15891171376546,False
10445,True,418,286,135.97718907886372,37.24938796309911,266.7738889962287,False
104463,True,507,657,86.27182008952293,20.894720603380073,60.300297237856824,False
104464,True,471,611,96.43969546286934,26.46401829271428,131.4281636690745,False
104465,True,466,606,92.79001827221349,17.8892766842222,54.51192294561299,True
104466,True,492,293,139.0736840644857,26.91186857845323,6.608145054695438,True
104467,True,500,297,108.62135353535353,23.955126411694543,68.12412677069233,False
104470,True,439,299,147.46639900655944,31.873208828788442,92.2379304558886,False
104478,True,422,288,148.29637309110058,38.28039443313826,253.24579465520543,False
104493,True,405,277,154.0530730489816,24.900893902019583,57.77904162336004,False
104494,True,368,251,113.8515070154166,25.66777165797975,123.85910782972765,False
104495,True,681,505,129.90258356232098,39.446643014934196,199.84825547459192,False
10450,True,387,264,128.14557395662047,37.168314124829365,219.63623549557713,False
104502,True,399,273,151.5659111147833,34.29940504629756,152.5077884069273,False
10451,True,387,264,121.06449181739879,36.364655170051414,168.41827842477275,False
104518,True,523,467,108.19787423078026,38.69067540059511,97.73054112271701,False
104521,True,586,558,88.97797166868509,30.09082285762298,89.85571408665497,False
104541,True,558,333,110.44267385665235,37.534898056753086,232.3710561983007,False
104542,True,562,334,116.51292965670083,40.37162099766429,139.76755704056174,False
104543,True,564,335,104.2101831269186,35.73118287871924,128.68775846076423,False
104560,True,591,572,122.32861216617562,28.764724957866893,59.160494377006096,False
104561,True,603,584,116.16320225357232,33.32095824433183,70.85623817580347,False
104562,True,606,588,96.65869928829618,24.487313360601416,48.90197364005542,False
104563,True,588,559,83.46917783213465,21.52802606512323,81.48055812152025,False
104564,True,640,609,98.6976216133005,36.63090574688987,84.49135892517764,False
104572,True,526,456,119.9412522513508,32.928867899521855,139.77554633666773,False
104589,True,370,252,115.90751823251823,32.34963326384101,225.21521590352992,False
104590,True,664,644,116.67445090922698,35.91970135646672,56.085691781085906,False
104591,True,642,621,136.18549370174725,38.71691971917069,56.57484283626419,False
104600,True,437,559,109.98633961429981,24.18356560952348,64.46267657278433,False
104606,True,371,252,109.49502631241175,32.60744586262252,190.4702837550287,False
104607,True,619,457,124.9199068165991,42.45969566517737,144.37375352589845,False
104612,True,373,562,85.4664020684457,27.12378076930638,173.12750621556194,False
104613,True,358,542,99.86846770702344,29.18360933519503,191.84839379381364,False
104614,True,366,552,91.76266136057654,23.148424494260574,122.40511364111391,False
104616,True,483,287,105.22900570620612,37.14497381834054,286.3230290941044,False
104617,True,564,334,121.35576718902621,46.623265988877755,110.78099358017941,False
104627,True,602,583,103.57660571109452,36.458448632083694,69.26665483256056,False
104628,True,591,573,101.57296917402692,35.86603263009127,80.01855847487711,False
104629,True,573,556,116.27559104548821,40.69805243901167,109.7402240204354,False
104647,True,397,272,124.1678859831086,43.589048433160144,275.5407942233704,False
104657,True,532,316,128.38767012467878,35.26721732355286,162.00515636858194,False
104658,True,518,308,126.62256180113323,38.88703522016418,174.13537406662735,False
104663,True,573,512,91.83582842495638,20.69820428410682,17.147378122729684,False
104664,True,554,495,127.06756737045546,26.670160519682256,78.07185686781598,False
104665,True,570,509,91.94444214662393,21.36583290958526,21.61328260579129,False
104685,True,492,292,138.26449214834614,29.087146202341145,12.091783590494053,False
104686,True,496,295,143.29617960634226,34.47120448119506,153.2760792092408,False
104687,True,500,297,116.07791245791246,29.60591425045224,215.491663122085,False
104695,True,355,242,98.86996857176115,23.029499440408827,149.18993732494565,False
104696,True,355,242,109.05518565941101,27.570815977502964,221.45379147001697,False
104708,True,334,307,136.34963623242115,30.74831754242859,6.615032614760159,True
104713,True,614,689,92.94013653361573,30.19602780044374,22.859557649708425,False
104723,True,488,290,111.14922272470322,43.3069229503494,258.7340960262634,False
104729,True,631,467,98.24115217679018,34.80969352196588,107.16872843154188,False
104733,True,399,509,112.60955926161179,20.043156116560557,41.80585626669114,False
104734,True,332,423,134.60944487168533,23.54946059727331,4.822532053158025,True
104739,True,478,367,126.60571409027168,30.803450904067656,149.99523666919362,False
104740,True,466,358,125.78335770973698,28.62126135822095,129.43320764964827,False
104741,True,478,368,141.21497521375295,30.654991960691856,139.79242577207174,False
104773,True,510,303,103.61303953924805,28.393331922241803,108.31366604913754,False
104782,True,403,276,137.00588880497716,43.09723496116438,110.609039671752,False
104787,True,539,320,128.63751739332096,46.25486211624948,48.783561786646615,False
104788,True,509,302,138.89887326142676,46.792705485163744,12.595782635459905,False
104789,True,520,308,126.47337662337662,39.42144597277513,206.0637018338414,False
104827,True,679,503,149.46486325054093,38.283451599002774,96.58949049637313,False
104834,True,359,245,140.0832243761014,32.32819253007468,219.1518240467467,False
104835,True,382,260,98.99766411598873,25.520765249131493,126.21852636581596,False
104838,True,614,455,117.27959337079858,41.32664146240382,106.04903123930775,False
104839,True,619,458,113.52575995936536,35.951877904604764,111.77244093673986,False
104840,True,635,470,114.93923605294019,41.33562724289802,109.72728751948728,False
104857,True,700,518,110.01800055157199,28.549957739045222,4.1536139881757315,True
104858,True,687,509,100.76662291275241,38.25413851529787,135.1680422068597,False
104859,True,689,509,113.32926909247479,39.851858499154986,139.4813410401561,False
10486,True,596,567,137.359797237314,29.51884138801546,25.88185242668906,False
104864,True,550,327,131.89407839866556,37.75525976156936,357.13661707247,False
104865,True,558,332,116.75010795871658,32.99144704803337,241.27537912010217,False
104866,True,560,332,126.32781841652323,37.43458164566502,360.17960805498393,False
10487,True,578,550,128.62290972003774,33.563947245958765,46.62102457724049,False
104874,True,562,334,125.19833464743111,35.0204156731862,80.13819023706584,False
104875,True,552,328,135.2415164369035,44.3646152552063,290.09747169363436,False
104909,True,629,466,98.46812161820998,34.83979522793231,65.9307700377536,False
104910,True,637,472,101.95240201686933,32.921497132971496,89.26657649484382,False
104911,True,635,470,143.01979896130004,40.15430657390754,108.40559407113781,False
10492,True,648,627,137.357616122236,40.85544062545332,45.12220749978573,False
10493,True,656,636,71.36127329728485,20.652056704170217,41.610362393382786,False
104932,True,742,670,92.58114816751821,25.021154638177226,38.54921809899911,False
104933,True,743,671,73.51640246874454,18.258638388724894,18.991793845719503,True
104934,True,740,669,80.88685815860704,23.276368878288608,44.08260007698018,False
104940,True,648,1073,84.52316828322576,22.238568298931895,22.843794200907578,False
104941,True,648,1072,80.43495197622997,23.650232038515572,52.89597838565997,False
104943,True,702,520,144.01874589086128,46.3468359090225,35.796545710413085,False
104944,True,645,478,102.06059809931563,37.93388682775025,108.96086560159316,False
104945,True,635,471,109.06353377802297,37.64799772749071,29.047539631168263,False
104960,True,370,253,130.00229676316633,35.30998541542244,207.21358310357218,False
104961,True,386,263,121.05834433302469,35.38605752420688,133.77381844914166,False
104962,True,376,257,122.12365468995777,35.5220255634368,149.78009637877582,False
104964,True,426,290,171.81843937186338,37.76470651387685,118.31197985712559,False
104974,True,577,427,121.20516358942929,40.386013988844766,6.6716609190577545,True
104975,True,593,440,103.4519201287751,33.763668931462135,105.23097239566388,False
104976,True,596,441,105.3240347593176,36.152975085191215,116.51804488214924,False
104977,True,637,472,128.19897959183675,28.165377699243557,92.47356183117714,False
104978,True,627,465,128.23602407778978,36.11561137302192,113.23683012003085,False
104979,True,627,465,131.90469379705374,28.917099216695746,94.96933991049451,False
104986,True,403,275,115.34111436950147,27.30476442443853,166.7193899816141,False
104994,True,330,422,111.00685767628896,25.491315292224186,93.8395950434055,False
104995,True,335,429,127.6702083985666,25.759761001091896,28.053066380119766,False
105033,True,523,692,68.68681406735264,15.765131083082295,37.96961973596827,True
105044,True,601,614,114.87915092652311,31.464204972471727,8.081316389392898,True
105045,True,581,593,92.44511556222481,42.4773893433261,154.0674811869436,False
105046,True,580,594,82.78144374782306,29.434227131640302,90.43158847830313,False
105057,True,419,538,127.35959666758346,31.07773017969203,122.12500302767417,False
105058,True,407,523,122.83721771484677,25.474888898832322,100.25258789087525,False
105059,True,432,554,102.45033594063378,26.701160509935576,71.61041526145782,False
105066,True,426,548,106.85209125801035,25.237125817516922,57.89467447340696,False
105067,True,434,557,103.11363128676501,28.36569836817735,49.726563466187365,False
105068,True,692,621,147.5568330959761,43.907976892529845,43.63554863392376,False
105084,True,539,468,108.84703391846249,28.966587054869283,73.35120351984949,False
10509,True,469,494,143.2598171663372,27.0676147278401,70.46735901032328,False
105103,True,520,309,115.26764376400298,37.4102692929113,220.36991444113949,False
105114,True,503,437,105.24589761203943,29.002994658648824,99.2846735129652,False
105115,True,504,437,115.75962097272166,32.53030558078437,81.52953878244435,False
105116,True,485,421,115.92567034796875,32.34860915303869,135.41811120279596,False
105123,True,372,255,131.8175100147586,33.11757813947799,306.92874957942615,False
105124,True,371,254,113.35532822548124,28.062109950512493,97.16076367740243,False
105126,True,616,456,124.09489989177489,34.324234986239425,157.18417249762706,False
105127,True,637,472,125.7692607029774,35.07706266898393,71.34989558824532,False
10513,True,616,456,118.82336879129642,36.854837800121366,111.98971618737033,False
105134,True,483,287,122.73392920264607,38.18096350361525,319.00669393404877,False
10514,True,642,475,95.16348909657322,27.61976850060286,107.87666006933043,False
105189,True,506,302,108.76713870638432,17.809447634426324,3.8348979318463314,True
10520,True,483,287,140.88236991509223,40.93321751376254,227.06236571456682,False
105201,True,363,248,110.00198835865991,32.082761961548044,258.7264972337639,False
105204,True,612,593,91.60952121152002,29.582470060116158,58.053055151606266,False
105205,True,604,586,94.48998994191172,32.009713363022854,74.38504577020645,False
105207,True,390,498,98.21993100607558,27.057887944285994,93.87035814651608,False
10523,True,524,312,111.29605842630652,36.41728769212716,345.5080792942602,False
105231,True,448,574,90.34002457690393,33.219646576841946,145.3067773154645,False
105238,True,368,252,148.04905322636301,29.851182941808013,145.68188138770458,False
10524,True,526,313,143.59446178889442,44.11491742616504,353.8175691363267,False
105259,True,633,613,110.14518760195759,43.01695644660072,6.7720646352836456,True
105260,True,640,619,99.05837035541195,37.1990812848211,101.96399613770362,False
105261,True,652,632,118.6203526636639,40.40049590396392,81.96589987939267,False
105265,True,573,898,101.74115447552637,29.707760815779455,94.70277842960931,False
105266,True,576,903,117.51926256613757,24.471281403130348,66.44001836518478,False
105267,True,595,933,83.64750916443748,30.60583609690724,110.73490180011905,False
105277,True,521,310,116.65360039626029,33.59569026220446,147.01203581915286,False
105278,True,512,305,113.29184810450819,27.612901394151926,157.90027759887235,False
10528,True,479,503,95.83684531641052,30.81803795858167,34.86056250314902,False
105282,True,445,394,97.94751611247362,21.7700615265539,40.067184130630544,False
105283,True,451,399,106.06006701898872,34.49521091027265,83.35034817611907,False
10529,True,452,474,122.97236847018408,20.738676161852542,31.600836931497703,False
105292,True,601,523,125.04910553793391,30.848875166861276,49.8781346752406,False
105293,True,589,512,110.21006870755518,31.594320735342052,89.80681639310245,False
105294,True,588,511,120.10941597774139,45.27656598007789,99.25846315506027,False
105298,True,650,482,101.63288860517076,34.70597774000786,81.61613642013312,False
10530,True,470,493,86.69257261231712,18.333840052439356,14.640632142779602,True
105308,True,394,269,136.98866831468308,41.608371003533165,121.51526679635629,False
105309,True,398,273,143.21977101625342,38.73842025838074,111.37304011437391,False
105310,True,399,273,134.05374241464466,42.44222012557815,477.4979423385103,False
105337,True,366,553,125.79816006087016,30.99390094268946,91.78366985211497,False
105338,True,366,554,105.1311475409836,20.084706561816933,77.16557283515809,False
105345,True,638,1055,108.20459522500705,25.95695663432937,69.99810774047286,False
105346,True,645,1067,108.59239481847969,26.007305740821057,34.18219292979689,False
105347,True,640,1061,107.31937735626767,24.980355401279574,27.700086978969683,False
105356,True,495,293,150.00143413658773,24.342970293729753,7.211892506182828,True
105384,True,747,678,131.00331315428875,27.982521309878862,61.70515388046528,False
105385,True,748,679,99.02592677183338,21.34797386995738,53.38646474751646,False
105413,True,546,325,134.91229078613694,34.695761699827585,215.51241433539113,False
105414,True,554,330,124.9549994530139,40.06285816864763,360.2099689314465,False
105415,True,556,330,123.65767386091127,31.24179495468256,165.5950567097009,False
105455,True,616,456,125.96151244588745,41.95172277917891,184.88588034073112,False
105456,True,642,475,114.09096573208723,34.21757638356084,173.49720472313945,False
105457,True,632,468,110.7127217894623,30.09015043866812,90.25074305699894,False
105467,True,371,253,106.68238816146938,33.56628606326383,370.9056525859904,False
105477,True,410,280,132.42331881533102,33.79036378105226,122.9224810835994,False
105484,True,683,506,126.28863882314134,39.311387591790336,163.37281532598982,False
105486,True,369,251,118.34525313380624,31.329419120183957,214.23377341240155,False
105487,True,370,252,123.87642642642642,35.33662113253017,269.41853860847425,False
105490,True,520,688,82.9685207960644,18.620224072895468,32.66752570756302,True
105491,True,491,649,116.00692903699566,26.002005484706086,65.06332147687013,False
105492,True,500,660,93.01244545454546,22.99536526995255,71.11171266850322,False
105499,True,422,540,102.50513428120063,38.58358306569668,222.93100634427265,False
105500,True,416,533,106.65882973733584,32.36099198410353,45.41213546815982,False
105507,True,444,341,114.33427782621331,25.186452586514587,48.18438607098348,False
105516,True,609,684,105.26500158442082,27.85078866057089,101.2532299696248,False
105517,True,614,688,120.7527483713355,20.36241153571405,65.08105061204517,False
105518,True,608,682,94.93216063435716,26.419906314752975,125.92644342620667,False
105519,True,398,508,105.76545621809836,28.981698044888628,32.870469423813816,False
105570,True,704,631,100.12478164169428,40.64262374226979,129.02307114508648,False
105571,True,695,623,95.07685716595263,50.06749881932027,208.27361512642835,False
105572,True,718,644,104.32096143531895,40.250322669008604,130.6866421959451,False
105598,True,529,314,99.53559173058167,37.46166282970188,292.7660890719119,False
105599,True,524,311,95.51861760879703,35.130794588503406,179.12069793257223,False
105607,True,454,309,137.55560070142423,40.95437193550788,150.66011655283447,False
105619,True,619,694,76.4394230724465,22.216358558811773,52.73434483383382,False
105641,True,606,448,130.49824301626592,39.668601977227155,14.275177634027418,False
105642,True,666,493,126.1898500935012,42.558352071744615,108.59975851514295,False
105643,True,601,445,120.71775131335414,36.05252307236091,132.97647292092392,False
105651,True,360,246,138.13034101174344,28.168931307129647,154.1134897040799,False
105652,True,373,255,92.51624875151133,29.83789274969597,170.91461695398846,False
105653,True,377,257,117.60322637244683,35.00232582901447,210.5580405353673,False
105676,True,687,509,121.29163556707074,40.19502004582998,6.7470286001487025,True
105677,True,701,519,72.34592201067014,30.14015362795917,85.89084236277753,False
105678,True,692,513,133.9390387497324,38.7616235939344,98.35674024032991,False
105679,True,347,318,99.24870860747104,33.51327554138362,181.63891054885997,False
105680,True,354,323,121.77325916985885,30.630808256014564,111.98650266565446,False
105681,True,346,317,116.47572071989934,25.539807689406118,127.75796057377988,False
105693,True,482,286,125.22982619040711,32.305606052024714,145.91379229947185,False
105703,True,704,681,108.74034466359632,31.896856547479445,5.979820339470661,True
105704,True,717,694,96.61545263445592,30.412664173432415,71.29803566802728,False
105705,True,583,565,118.55133198743151,30.10035647812957,75.03537325919096,False
105710,True,589,571,119.32019600438869,42.850034474922694,100.67827430528853,False
105711,True,586,568,121.4190080757583,41.17363611000654,91.89282304230746,False
105712,True,611,592,142.8835869420976,36.68985852192248,6.423850135646485,True
105717,True,508,301,122.48410155125958,29.911239839824987,152.68771712194365,False
105718,True,529,314,108.08748630392641,34.595704099769534,210.07583748073986,False
105719,True,348,319,117.77044823982993,28.872610513173523,145.4109410889346,False
105721,True,582,553,90.87016150581334,19.229987123775263,70.41302602850081,True
105722,True,571,543,105.12835224945412,26.63198012022928,138.69729158079045,False
105730,True,470,494,107.96412266345077,23.518184292741843,56.55948963357129,False
105741,True,542,322,102.98127478169192,41.00564414973715,256.9163603311645,False
105742,True,546,324,129.91971916971917,50.03060734219231,415.3686470063652,False
105743,True,565,505,127.93210549373521,35.341850380544216,87.03808438441517,False
105744,True,558,498,116.75378575232831,32.419735963482935,17.527162369529115,False
105745,True,564,504,103.80445091748284,30.951750128830888,81.03807019423512,False
105757,True,526,599,123.24543757974317,30.75273548249756,60.25660929904042,False
105758,True,503,573,128.98675312869727,34.033361816198145,59.93503117721776,False
105759,True,515,586,91.80691540475165,31.01804627465776,57.91708658664237,False
105762,True,364,249,154.09418994659958,32.30270257337131,12.702094169407784,False
105763,True,367,251,133.76330101935582,27.735714779850337,53.90160336551262,False
105774,True,500,298,131.66291946308723,30.07889905993807,152.23548356488448,False
105775,True,492,294,155.75983767490737,29.906200262171357,9.095905479155276,True
105783,True,562,535,130.39488808328068,36.050001008749604,81.5943552287553,False
105790,True,632,1046,105.43667255609071,34.91111701402442,61.8763825983727,False
105791,True,712,1179,89.03648111616205,33.77612902569373,77.47051186410779,False
105792,True,651,1078,83.17755330033144,27.128076685596263,98.45302081047376,False
105796,True,356,243,126.36034817589125,36.89145804430452,498.2713271452927,False
105797,True,356,244,141.60982685577454,31.703372744631046,9.474983251867085,True
105803,True,409,521,98.78181886441816,19.69597018459464,94.58525459405145,True
105809,True,423,289,133.95170433630273,35.01167276156782,188.2058284300451,False
105810,True,417,284,149.70538217313472,42.84813047277576,277.65689919931435,False
105811,True,418,285,147.8095190128431,36.39500797409901,236.87976874704285,False
105814,True,508,302,131.30264770297754,26.30584936032323,166.42978439441924,False
105815,True,505,300,131.78211221122112,25.06965682310655,80.6286918831487,False
105817,True,501,650,119.78112083525257,30.004608210016997,80.77655808509596,False
105818,True,518,672,100.98539770637984,26.610597279951882,88.7534472250169,False
105819,True,508,660,115.16774934383201,25.561405045926186,50.38141071446972,False
105845,True,500,297,114.77175757575758,45.4509958443255,350.65465977263096,False
105846,True,502,298,103.1148894355464,38.685826347815244,296.10221815822837,False
105847,True,500,298,105.33075167785235,40.887577238754496,319.0404791899464,False
10586,True,493,641,63.09274934891919,20.601832892439013,51.62459425115241,False
105865,True,593,440,126.99088226276253,31.263502268296918,66.47637545594218,False
105866,True,648,481,141.75711609044941,31.05005645305893,49.63546165714093,False
105867,True,611,452,99.49172617064728,30.498550233118863,102.48078358074997,False
105868,True,446,571,96.7394823023097,23.527796582095423,67.47949875623489,False
105869,True,414,530,111.10625284841856,31.310794465554906,169.43160717758397,False
10587,True,500,650,66.54503384615384,19.22280159559136,43.01269711593845,True
105872,True,650,630,121.72564102564102,32.26123451115461,86.76710173360706,False
105873,True,660,640,108.16635890151515,24.890591750105745,19.85604170069279,False
105874,True,645,625,117.39983131782945,23.188446863482223,42.91198506419603,False
105878,True,625,463,113.43989632829374,36.34334728783639,128.2116050408214,False
105879,True,637,472,95.70624684032674,31.902893119581037,129.49316567073345,False
105887,True,663,491,137.0392156862745,40.24465836454753,64.67039061476841,False
105888,True,614,455,113.25739342091134,38.512453973350816,34.8956793346702,False
105891,True,504,657,94.24450061607595,30.49830935761992,127.74208971498541,False
105892,True,500,652,106.29299079754601,35.41476694462702,168.76500697711623,False
105905,True,390,266,130.98392134181609,37.547514167184694,159.8921672308933,False
105906,True,402,275,117.36548168249661,36.81506892111188,349.15691962489274,False
105918,True,630,467,127.49495258488834,31.456677220226165,92.93152587770525,False
105919,True,630,467,135.74161313347608,39.416515171936965,97.99396563068673,False
105935,True,666,746,100.47718160519769,31.60996218116796,60.87826286183875,False
105938,True,491,291,100.4500878353315,33.6318246675897,289.4531960041124,False
105953,True,376,345,116.01911810052421,37.08343246673068,323.7436861727443,False
105958,True,506,301,109.25608314839862,23.244477758254938,3.948956652866111,True
105959,True,495,293,116.5295894094529,25.9464986727372,61.002683569440336,False
105968,True,702,952,106.61666546960664,34.70731174131342,62.143111172301964,False
105969,True,787,1067,121.7461192837213,36.26267170745452,25.342211665526804,False
105970,True,728,987,115.09927547123596,29.47234829412287,77.99506525154382,False
105985,True,416,285,124.98496120107963,40.59289987745034,266.0920312502134,False
105986,True,406,278,115.62274515363079,38.64749926573974,268.28507011674066,False
105987,True,412,282,120.21323073745094,42.59212399275883,529.1215556827161,False
105998,True,552,525,91.82092822636301,32.01959976403013,138.7675090836783,False
106001,True,586,568,98.27672691438735,38.03345176262138,112.3179949614026,False
106002,True,591,573,80.21312414548655,26.921157171924882,38.06171405606479,False
106003,True,601,582,96.0807159888159,30.63250852894967,40.09852324926221,False
106004,True,544,472,107.97687017073778,37.01072058956842,154.37571448692154,False
106005,True,512,444,134.72693201013513,28.348828211839685,132.17028912202596,False
106006,True,535,464,97.44922655494682,30.784985760232672,141.6415946916631,False
106015,True,589,923,103.79693256837616,41.35720931685028,74.07398871961486,False
106016,True,570,895,115.64924433990004,35.693238097377794,93.52020115412496,False
106017,True,585,918,98.94761000316556,31.013594715845816,38.9893973701829,False
106058,True,391,266,130.24605311232045,31.748295612816985,19.00196745243607,False
10608,True,578,552,116.98200942781205,35.04733624097551,58.667710057646076,False
106087,True,367,251,123.09440168481387,33.66851282509242,157.19651006690142,False
106088,True,366,250,158.8656612021858,28.231773888874542,82.3625143361701,False
10609,True,349,320,97.94960601719198,37.351246558478934,180.31767784508324,False
106099,True,502,651,91.91810331638118,27.820644865351063,93.07417967157548,False
10610,True,348,318,111.76378948890334,43.08014230858975,245.20935642945236,False
106100,True,510,663,93.36437760624612,25.6186527212122,91.50396201761959,False
106107,True,377,568,91.11809784436059,24.709577754834196,75.77439672260304,False
106108,True,371,560,98.51786676934925,19.986261366943136,73.42691550058352,True
106109,True,444,341,149.8654791154791,22.51225381964243,96.74299225894679,False
10611,True,350,320,102.89023214285714,36.92265812696041,230.44489616063456,False
106110,True,407,277,119.90766283185056,30.918332042380865,99.26027654546263,False
106114,True,488,289,116.27964575415508,31.21992659826677,176.70197030834066,False
106116,True,640,1059,108.978347792729,36.54801462721185,87.92379244358818,False
106117,True,632,1047,94.70856455454403,25.681360279806206,81.31310936489983,False
106118,True,647,1071,83.29760714177479,23.97902059687993,71.0432550811027,False
106141,True,634,1049,87.3464122357781,20.493719214536615,68.29641364149782,False
106142,True,637,1053,75.05118961895519,28.689033975065556,65.18383625853258,False
106143,True,644,1067,83.04577179879735,28.236704160493066,61.210613886561724,False
106160,True,627,463,126.00231828343685,30.777240955021053,113.92917241935884,False
106161,True,633,469,111.26735651465084,25.863782277772245,76.38785451732697,False
106189,True,539,320,125.54627203153989,36.51505591317794,9.436069769913363,True
106190,True,554,329,117.11542470894187,40.04636560474262,314.6778097184132,False
106196,True,552,328,91.89491096677271,35.29704776148428,274.8648447925647,False
106197,True,558,331,112.02837605171686,46.694646029768954,503.79974497591434,False
106198,True,562,334,106.44374240842158,35.08769998414647,241.6239538785488,False
106202,True,596,577,134.65055308061832,42.62798185393622,93.53531401727147,False
106219,True,605,448,119.05788813459267,41.098274759654714,159.9582417837576,False
106220,True,631,468,109.28018881980847,44.84671129194674,133.9594632464273,False
106243,True,379,572,77.13147867963171,18.92175233723562,26.525038280804846,True
106244,True,375,565,98.8115209439528,26.109994630375432,84.33012835374006,False
106254,True,350,321,112.3758878504673,36.55891342937465,68.82359453112483,False
106255,True,595,440,93.02282276546983,30.598527543499777,57.37597366634063,False
106261,True,392,502,109.0964763395398,25.10180804886387,98.2793131368643,False
106287,True,509,674,99.81801460943376,21.811534519426154,88.5173346553446,False
106288,True,502,664,98.8652288436615,22.812217655949667,87.59926038968304,False
106289,True,512,677,103.58719246214919,19.68752526186338,51.76191943199545,True
106332,True,379,259,133.20327828771102,40.664231067593676,530.3747276566795,False
106378,True,505,655,102.38798276774243,25.004086445945234,70.67639043708377,False
10640,True,632,468,128.70303202423455,37.10362760263869,116.45223268540813,False
10641,True,634,469,107.42925077182811,36.78304326899908,111.36785118294964,False
106414,True,489,635,100.8105373331401,19.361533463507868,60.96020769415368,True
10642,True,632,468,127.07610150925025,43.33808451280052,59.48181487822806,False
106433,True,512,677,89.14074328378878,20.58240230038551,102.29862221769105,False
106434,True,514,680,94.59256981002518,19.73712171888979,40.376002413477316,True
106435,True,507,671,85.06891889111309,19.929556991698917,41.84727475073965,True
106452,True,750,681,86.7584708761625,18.68655222137518,31.48368161293424,True
106453,True,532,316,131.6314064433235,32.913417285073756,164.89975557963055,False
106454,True,534,317,108.75258450596061,27.15536960478302,89.08935229747618,False
106478,True,332,424,108.72269265742214,24.800208577068915,14.031326524643093,False
106482,True,436,559,121.83443157013672,28.99093843605026,96.41729059042456,False
106485,True,396,270,130.48015338570895,38.53425894298138,346.17715502666306,False
106496,True,691,497,107.64843474741357,24.880700427150845,30.181152189962635,False
106497,True,684,491,101.22308274079633,24.93635145292094,28.21906663720153,False
106498,True,686,492,91.12750065182867,29.95056182398202,15.763635734269096,False
106500,True,538,319,129.26242556315623,47.44840168653906,259.25759246099403,False
106510,True,562,334,109.28439917318389,32.68789524762373,155.4368260886256,False
10655,True,406,521,120.92083242721935,27.999026973681516,96.65944835241316,False
10656,True,433,556,92.9577525046937,30.988266552848298,89.67199714686284,False
10657,True,619,694,75.35477413137299,14.985161970907416,32.41851717715838,True
106574,True,357,243,126.26461942801812,35.70601422987389,343.01369845806266,False
106575,True,363,248,110.38640806895938,29.692463127518717,133.8017904842317,False
10658,True,614,688,92.9185217975911,18.128141737703356,69.6310012028507,True
10659,True,618,693,80.42434983211682,16.256838494621054,61.491370453964954,True
106596,True,518,308,131.88630095772953,40.42318633845283,278.77571686721876,False
106597,True,534,318,122.78548630249924,37.551665028352026,261.1995701392974,False
106613,True,627,606,100.17847574231108,37.452062265289705,67.1760954503762,False
106614,True,604,585,116.72180902247128,44.15780179138242,82.46696486142672,False
106615,True,614,595,149.942985793666,57.647691369032984,6.663428869910567,True
10662,True,325,298,114.32777490965411,23.35592922357566,5.864949185347746,True
106672,True,532,463,106.90491482485912,35.443818392046225,112.89210265043836,False
106673,True,513,445,110.3565543071161,33.51281176642629,108.81445810204482,False
10670,True,349,320,103.52096167621777,34.96933251820213,139.70456040031164,False
10671,True,345,317,103.80213048050108,34.50699022216836,172.32887213502448,False
106737,True,552,329,110.18773952689308,29.69980915848131,166.62102252433723,False
106738,True,554,329,156.78057893408536,53.8513878497376,213.13398547780523,False
106757,True,530,315,109.71049415992812,39.094968138853474,158.40860188242436,False
106783,True,441,404,108.14821175995151,34.492426054935244,262.537315669433,False
106784,True,325,298,98.73049044914816,31.568969698478856,51.07281335480117,False
106795,True,364,249,139.01773026170616,43.231197446124156,260.5798160261802,False
106809,True,538,319,107.72722028644347,26.898499015131886,27.22210657323063,False
106810,True,534,317,115.79632320797741,25.787286904178288,82.96386327509575,False
106820,True,452,347,78.5981421029813,21.574245704054547,26.407468760339032,False
106823,True,582,564,115.20196314981355,35.89704089916302,111.18962248103126,False
106824,True,606,587,104.38027729519119,29.301707287343973,59.200955735709194,False
106825,True,612,593,115.26718855051858,32.8284017353458,65.96821733033514,False
106849,True,585,566,99.44646190087886,34.44543198763905,149.20312954352164,False
106850,True,590,571,108.69238030217578,32.6160993740547,119.01099169868135,False
106851,True,586,568,98.19943037061962,32.10348395543853,59.8113811451536,False
106854,True,700,518,120.86761720904578,34.3996983722325,38.24711238559748,False
106855,True,637,472,115.74348442114785,33.63159661522829,73.46572145481859,False
106856,True,639,473,102.69967278417982,28.50481299430497,73.88895783867522,False
106857,True,393,268,141.8675515552011,32.08788814563697,135.37208794484613,False
106858,True,392,267,151.1995337460827,39.932670314691066,194.57258128218908,False
106878,True,604,585,124.10966491198279,29.84044823212789,47.99587039116507,False
106879,True,624,603,125.29717332142705,27.30755845437418,8.79408799142059,True
106880,True,611,592,129.27860839562967,32.078884500641664,45.48783008999379,False
106903,True,684,507,133.40029066749713,36.59439631347762,124.5635316827567,False
106904,True,703,521,132.41613813025066,31.106518785617787,96.2298341834702,False
106912,True,415,283,137.89938268976968,32.99675744680108,10.635999541959706,False
106937,True,713,528,106.58623666539164,34.24693086387411,106.49653269236092,False
106938,True,704,521,129.69021549467806,44.09325526035157,124.34326323882908,False
106939,True,708,524,100.77163658515548,29.489041532232676,84.55832957627183,False
106941,True,375,256,118.97285416666666,25.864479998711218,105.07240421343316,False
106942,True,462,315,139.43926338212052,40.573955409209354,130.99370049958353,False
106943,True,430,294,133.7749564942256,42.84011746656178,202.18538774688028,False
106963,True,637,1053,101.39406733545928,32.26777388097466,58.95279807111961,False
106964,True,639,1057,87.84506450032055,29.69162091304501,61.79841550960672,False
106968,True,473,498,104.43438022703924,33.09045746584583,96.30500835845503,False
106969,True,471,495,95.46137382315726,28.543674908163524,66.37181292672871,False
106970,True,450,474,113.78130801687763,29.957432816291714,7.83030185878639,True
106979,True,634,1049,106.69020668625369,31.44627599186544,68.15236026258461,False
10698,True,679,922,103.01646225947945,32.1839566642725,107.34916456546058,False
106980,True,658,1087,82.87876758485892,28.072294372440503,29.936534668631126,False
106981,True,633,1048,95.65895921517553,35.5843437812151,80.74644778266902,False
106982,True,371,254,108.78410127979285,34.5764484989867,171.4304878292918,False
106983,True,364,249,102.25720464274681,36.59616440781931,537.6810917501912,False
106984,True,360,246,123.4856820234869,36.698027030747554,12.647121931940863,False
10699,True,674,914,110.70551071690616,46.234856894406775,98.72320807511065,False
106990,True,388,264,138.5937597625742,34.65813024367114,176.68041039483035,False
106991,True,388,264,144.56789870353015,31.231178612704163,133.75593431804432,False
106996,True,573,744,108.95634183414964,27.020632860563257,67.21727986450223,False
106997,True,422,289,145.16338411584317,31.3648835374431,209.25784531449503,False
106998,True,426,292,140.27482474757218,23.118996091211383,89.90001567889898,False
106999,True,428,292,139.99850371271285,27.19008789118608,112.34378691247703,False
10700,True,718,974,104.22845801421929,31.321774842773003,115.72727098155138,False
107017,True,354,241,109.60816513116252,29.521721870045518,162.22339278457088,False
107025,True,556,330,143.974127970351,32.03404998658507,183.22323740505192,False
107026,True,564,336,106.3040938449848,30.65495350772747,177.2747537878979,False
107027,True,556,331,119.46004042687301,33.02644512508989,165.07200273577627,False
107033,True,405,276,109.066765074253,40.68608147867279,396.62610669566317,False
107043,True,551,492,106.2576652944388,31.130600286540226,7.771746335475647,True
107044,True,549,490,99.94189807070369,32.96824273536313,21.679517245619426,False
107045,True,558,499,104.76108489380194,26.946042606609247,55.80057870667175,False
10706,True,371,253,121.26232913927745,30.059284236380392,229.65124394010002,False
107063,True,521,310,136.6734134109343,31.97927074329792,222.76546201996103,False
107064,True,531,315,132.55226736017696,31.511746399353047,257.3674165938702,False
107074,True,567,507,113.09929418476428,30.0147038228644,28.65289172636786,False
10708,True,612,687,89.93713550437157,21.180048197729455,22.57821498287979,False
10709,True,611,685,100.79835378164312,23.255860357212647,60.29063742076356,False
10710,True,617,692,84.65453996121452,19.924818055535393,19.69595545711661,True
107100,True,366,251,114.56869788605142,36.75659261469549,124.77689546380206,False
10711,True,356,244,141.49297752808988,31.05365481390569,12.05108305517048,False
107129,True,548,476,94.91554085137705,32.01181362542161,125.62069761891743,False
107133,True,599,569,98.79527683808104,20.10527153594426,50.32449021395856,False
107134,True,602,573,105.5839696648171,28.16706284039166,103.69952833890427,False
107144,True,613,687,88.65566059017266,26.168642099010185,89.15824184905846,False
107145,True,619,694,86.93797982243369,26.751408859968226,98.24765357709987,False
107146,True,608,682,99.70260890955394,34.14120098853042,115.1294976585003,False
107152,True,439,563,116.66352561327416,27.25170746009749,49.25941432016348,False
107153,True,437,561,135.02728047740837,33.267409339881326,62.07770497960132,False
107154,True,437,561,131.68465513935968,33.89062514474844,102.85869478650739,False
107200,True,366,249,145.99624728421884,37.10389113295847,238.02806150707556,False
107201,True,365,250,132.34374794520548,37.53385739634014,303.06935276111835,False
107202,True,366,250,144.15180327868853,33.718444864355625,112.24741989059093,False
107207,True,518,307,96.4572900028926,33.9054991976569,248.80212498008098,False
107208,True,517,307,107.59990927362193,32.46294425971087,244.65562361998093,False
107212,True,329,419,109.0636266693749,21.320648266719502,44.463815795084145,False
107213,True,384,490,109.84583864795918,24.11768786582833,145.6201421029439,False
107223,True,701,519,136.8075169246246,40.82311451106158,104.69279939356429,False
107224,True,681,505,131.00480655995116,36.32245719824719,111.91654366787219,False
107225,True,683,506,133.87204497711213,33.82584726109029,113.12406592795912,False
107228,True,564,335,108.49579760770615,38.71579380663407,220.76311294514124,False
107229,True,576,342,125.05965724496426,37.661390370279875,231.4439758667195,False
107257,True,653,484,113.44586650298052,41.09558296467157,53.15782744671352,False
107258,True,638,472,118.21319935178789,38.07915209938642,126.62593283585844,False
107259,True,582,345,143.37022262064843,36.55757236498645,179.48231291530684,False
107260,True,595,353,121.85512890708691,30.14968030704655,86.92814582211876,False
107261,True,596,353,115.08290872102971,24.801169978800054,76.27613654993475,False
107262,True,417,284,122.78770223258013,31.157322385223274,229.54257359890258,False
107263,True,402,275,133.05412030755315,30.182554948697042,235.34839341387712,False
107344,True,362,546,94.47509764636837,32.09887517938337,203.64201711078363,False
107345,True,361,545,104.26142976949859,31.51003525200804,165.02838570189098,False
107346,True,366,553,89.98422909317286,30.297051041114383,175.6767365778452,False
107354,True,479,367,123.33088348227746,31.06292110098898,117.41290043213185,False
107358,True,656,636,133.6143819987728,43.48903082759637,60.59862371599651,False
10736,True,697,516,106.86511683516288,33.53942441546103,60.51374992870341,False
10737,True,697,517,107.66945932970538,36.11547494544427,143.59070490720268,False
10738,True,700,519,108.17084503165428,33.667725562291544,60.063819222318216,False
107382,True,401,273,162.6955870397267,41.60912813289632,195.8414669079792,False
107383,True,436,298,140.19989532664246,33.531844796676275,78.14166375965657,False
107384,True,471,361,138.09408284371673,40.27077280312405,183.77614044003084,False
107385,True,485,372,122.56495953885378,20.458044926856246,45.321958896214305,False
107386,True,462,354,127.1940714652579,34.85928585792736,92.40876008057654,False
107394,True,602,446,103.47884853179983,27.756800861118982,64.32112280238177,False
107395,True,580,430,116.05283480352847,37.667863201764234,6.252499615613155,True
107396,True,591,438,117.45140192692519,42.57683823513508,125.0459293336108,False
107403,True,343,314,103.90457930214852,37.139538838450285,158.71865336734012,False
107434,True,674,500,144.10218397626113,25.737750403322345,65.86684702261181,False
107474,True,539,467,97.89231386539431,27.416244804045814,81.24048362657818,False
107506,True,611,593,153.50207135622082,40.7554691285055,104.93459693527309,False
107507,True,640,620,151.71116179435484,40.0128141950739,75.4987026425047,False
107508,True,643,623,138.41153900880954,39.94808609614011,89.02986280470864,False
107528,True,399,273,128.82684733812553,32.9628174069234,168.32768327105052,False
107529,True,408,278,140.74184475948653,27.467420967331105,183.1471530281656,False
107530,True,638,473,132.64549961229264,36.19819297639985,93.79587684301535,False
107531,True,655,485,98.03981742346738,33.6586486195852,89.34670167700321,False
107532,True,647,479,98.16634023096805,26.21516019202728,94.94534029402894,False
107549,True,441,564,91.42033740210032,18.329822486644794,43.0885662803257,True
10755,True,368,554,99.26638773347983,16.890833193798503,71.71861878184863,True
107615,True,524,312,123.06725875905265,31.424586147548695,62.24445945637591,False
107616,True,526,314,102.8016032549466,23.64598539632091,84.3644543586683,False
107618,True,569,542,98.49037607247777,36.569517403130845,167.80130747865115,False
107637,True,630,1042,108.09935411144625,31.38964441608853,76.6899563588325,False
107638,True,634,1050,109.32888538380652,31.638253371594647,60.12058951517328,False
107639,True,705,1167,104.92254614183182,27.520880022412474,34.19778669921819,False
107640,True,648,1072,111.57905207757508,28.05247002202087,44.306517287639814,False
107642,True,552,327,140.2382495678766,41.41476996054049,226.55234229488383,False
107643,True,537,318,137.26395769649696,29.732986675172242,171.4555850583439,False
107677,True,653,1024,124.44732544506125,46.672505046135846,25.00925230279272,False
107678,True,594,932,99.72810183378853,33.95433344999322,26.372632397332637,False
107687,True,514,678,94.30641736395671,27.517008018912808,117.23622897233795,False
107688,True,518,685,98.48049488487445,27.72982402380964,116.75108804361372,False
107701,True,554,330,147.02982715239034,40.76810853898016,235.9537793503882,False
107702,True,554,330,131.14181708784596,37.378390358514324,217.9506467036903,False
107718,True,701,628,107.77963010076597,35.38338284718919,125.0396937041465,False
107719,True,701,628,101.12713866451021,34.31214264177873,89.03042735357975,False
10772,True,560,501,98.61427145708583,23.775957439927037,22.226202855145548,False
107720,True,708,634,108.14073722575701,26.73015440407141,59.51353128743214,False
10773,True,561,501,89.68607882274667,22.23082312790317,21.83245245597635,False
107738,True,536,318,128.77965127194219,31.854750434024357,146.5068036746971,False
10774,True,570,509,98.21770585599559,24.854511348601363,25.282187307634246,False
107742,True,555,330,104.02675948675949,31.14620931408731,131.0211570022558,False
10775,True,443,567,108.85960721551392,32.65900037771211,109.88572373400244,False
107754,True,381,260,129.31944276196245,34.37326925007899,371.1525014808084,False
10776,True,430,551,116.95947326214494,33.25056992565646,145.61372626064323,False
107763,True,700,518,134.92598179812467,43.52295444044742,87.0191394940445,False
107764,True,719,532,120.2173993746536,40.85488368493899,45.88634238033512,False
107765,True,694,514,119.03565020912995,46.138726381578905,129.35610705265273,False
10777,True,435,558,101.68465785028633,32.21412364393233,169.94651740387843,False
107783,True,480,285,118.70445906432748,39.31244216239581,254.25819396219134,False
107792,True,709,636,105.92846688133699,32.880518848146735,78.40558001861744,False
107793,True,701,628,117.07555630264318,32.59081939966089,41.54496030036735,False
107794,True,697,625,97.56207747489239,29.869228111787514,32.2446646794262,False
107833,True,500,297,101.7070101010101,39.67990334299798,358.4350565860626,False
107834,True,598,569,105.32470566798526,23.791167092430868,55.033817313659526,False
107835,True,589,560,104.83438636914867,32.14790361339284,217.22127031985545,False
107841,True,379,258,126.37782004867972,32.137561022848104,261.93282363648785,False
107842,True,376,257,104.60023594668432,25.00257315895474,120.96674339796037,False
107853,True,373,255,128.62867055669452,31.41895232605987,18.037314782549945,False
107854,True,379,258,148.14006667893887,27.761865796766884,8.403352235151178,True
107855,True,380,259,114.04481812639708,26.425437984654124,103.84808848491393,False
10786,True,639,620,131.00698924731182,43.57502750402819,108.31375565521444,False
10787,True,652,631,116.49972047485245,40.92926194674456,92.51158866374627,False
107878,True,534,317,114.50815817767223,38.43905022499176,184.080226029801,False
107879,True,528,314,105.26619499131442,34.461610941656176,174.9050919494397,False
10788,True,714,691,129.0127063850142,32.479212107737155,69.49195853595468,False
107880,True,522,310,124.70693980966506,43.15332833829631,243.17061436277746,False
10789,True,626,373,130.05853155059145,45.863902104485284,177.21546986186354,False
107893,True,446,343,113.76772477088208,37.436068000821464,182.8670251209994,False
107894,True,446,343,157.88155813254193,23.813418621774012,8.766463129386938,True
107895,True,328,301,126.24307187424034,37.759380454989504,124.61372578655977,False
10790,True,552,329,136.66948592573016,48.39914563796225,330.14021384189266,False
107900,True,642,476,106.29086494410848,34.3407554071259,136.76156154241224,False
107901,True,621,460,110.73106140166631,38.85036855666454,250.17725142313205,False
107902,True,645,478,116.35502578573514,37.79983212710118,185.0016924738946,False
10791,True,564,336,112.20809059439378,32.90914975759089,173.99942603922648,False
107929,True,756,560,162.99144699546486,51.99536117014879,142.9812794478957,False
10793,True,409,280,137.7322651065316,22.785189912005468,87.07121236360021,False
107930,True,681,504,128.75550078083117,40.57355930889383,142.74138830323992,False
107931,True,689,510,140.08884430404964,41.416894831284715,77.32165399331288,False
10794,True,397,271,141.52906949724408,24.667768338272985,89.61247372980597,False
107947,True,325,298,116.80816726897264,31.33304090156731,87.67101076538746,False
107957,True,542,321,111.35151912266787,30.728670793061458,163.55853167424502,False
107958,True,565,335,108.1561378945978,31.993060324056177,119.14759475943846,False
107959,True,553,328,126.68477925285582,38.24824817416306,285.6335727887936,False
10797,True,534,318,151.9002720655784,32.74394954069035,31.965590836624028,False
10798,True,522,311,150.5550381293812,35.07075196421007,109.1520554652109,False
107981,True,409,278,118.61716592496174,30.783608437154612,221.12527803900363,False
107989,True,375,257,127.72640207522697,33.67275486859,314.05409946083796,False
107990,True,366,249,129.12526609168916,29.269721432477695,243.54410482039535,False
108012,True,373,254,132.53167549766735,23.161446462695746,102.80665260818049,False
108013,True,381,260,135.54423581667677,24.255104753194626,59.884144067397294,False
108014,True,367,250,141.16571117166214,26.21745752961418,183.0500197998055,False
108015,True,458,351,87.43571704052053,20.867893955087023,86.72964093489908,False
108016,True,455,350,94.05053689167976,23.59624950629978,69.31761177730186,False
108053,True,576,547,101.21884204245379,19.49937006643537,64.53348866583535,True
108056,True,526,313,136.17973371882553,42.55897319218942,197.69014622281932,False
108057,True,526,313,132.95786513441612,45.333002097347766,126.06394477514267,False
108058,True,402,274,112.72598685405092,28.11288547242903,151.8126352567832,False
108069,True,495,430,115.37257223396759,34.0247772944934,125.89096542590741,False
108070,True,498,433,110.5528812710426,30.248664709063608,130.9296488534911,False
108071,True,477,414,116.38419469510528,34.93393877782334,174.90683516551013,False
108075,True,522,311,165.48567222283822,41.658063211525764,94.27392387183271,False
108076,True,374,565,98.4651601911883,22.28003431456931,105.83106865642435,False
108077,True,371,560,74.98591644204852,17.279658390900718,39.907933178337046,True
108102,True,584,556,101.45673290135015,26.41117170020421,64.53801073987222,False
108103,True,580,553,136.24441292012222,24.03785316519079,66.8314643794531,False
108104,True,590,563,123.6308185567631,20.741783845783377,32.871446539037485,False
108107,True,713,639,114.43622244609938,30.99047885681206,59.993922318368895,False
108114,True,494,293,128.07149963383122,39.973708823359864,262.4863553889867,False
108115,True,516,307,94.64172537434033,29.729507733073625,173.54084588807063,False
108116,True,506,301,111.27059997636337,30.65815843519589,99.63966241361696,False
108143,True,541,616,121.71032479535252,34.60332848589492,67.7476429002476,False
108144,True,537,611,134.30049648437858,33.83309882409704,87.20610684878191,False
108145,True,554,631,125.26710510507074,19.953335443237588,36.82422544017244,True
108148,True,728,985,111.17441847492609,25.97062473341843,69.87358037084618,False
108149,True,727,985,134.16601288935126,39.565773140890975,12.60070221119786,False
108150,True,694,940,133.52330614997854,39.44798571073713,32.45801998274284,False
108154,True,429,293,106.82069580021799,40.00751765536981,284.04658747670834,False
108159,True,718,644,96.04962888631292,31.91475892468957,113.05866043137998,False
10816,True,503,653,78.81600138830113,16.19326418714686,46.44264456122876,True
108160,True,676,606,100.73156013826235,35.316450280717916,140.45382612640552,False
108161,True,707,633,99.28314463132163,30.59259274046248,96.05646074151723,False
10817,True,502,653,92.9160082487813,18.194306669255955,99.2831034442561,True
108171,True,392,267,121.98746464878086,23.062392640558773,130.59083130799095,False
108172,True,394,268,133.644215470869,23.319670853263307,122.66062219325516,False
108187,True,358,541,83.54363944278649,26.880691409360065,111.64490296542591,False
10823,True,646,478,126.18008147985026,44.91873965333498,174.6803235877894,False
108237,True,380,348,94.56612976406534,34.10876141221959,333.8252009579733,False
108238,True,410,375,89.48812357723577,25.762075588457137,203.90041347574592,False
10824,True,663,491,124.02044032402245,36.77114076343405,150.59631285696364,False
10825,True,699,518,106.77472782408405,38.13296467439554,71.34687606838297,False
108253,True,582,346,113.6713694058757,36.80538602007683,129.8564782570639,False
108287,True,604,677,107.73974830524226,36.6636115863549,111.39507347309255,False
108305,True,430,330,113.83183227625088,27.98176190648434,5.998150346575048,True
108306,True,431,330,115.97056176615341,22.79162811615918,6.7395662818593856,True
108315,True,364,249,163.1632905247363,34.11720188746906,161.7249851431143,False
108317,True,458,352,104.0252642417626,19.98129461260551,54.05479400862786,True
108318,True,456,350,99.58077067669173,17.444208377634915,61.451922004258755,True
108319,True,439,337,118.22067958605679,21.999779283186346,6.919529511704259,True
108328,True,643,623,128.68811674808845,38.68786821526061,51.4444204053078,False
10833,True,390,266,107.82771351455563,25.559454824013127,165.2067814695308,False
10834,True,385,262,115.98840091206503,27.534888857276016,136.45153107294385,False
108351,True,333,424,108.54237492209191,38.47042573501025,252.34169125218733,False
108354,True,402,275,139.10248756218905,38.664700758199665,173.45769835089177,False
108356,True,327,418,123.12410927234684,30.561078507768563,7.946368428042706,True
108357,True,407,520,108.8094311094311,29.60654018255908,120.91680500163588,False
108366,True,625,701,81.11207075606276,19.119395964757626,60.27326321288364,True
108367,True,606,680,99.70272277227723,25.51951695934519,131.06628259844763,False
108368,True,613,687,98.09590839904922,25.49591280244323,107.56496649718201,False
108373,True,349,320,117.61198961318051,41.18265703620271,159.26595434091456,False
108389,True,403,274,110.98859828657332,29.621609292143617,201.47884281879817,False
108390,True,405,276,141.9225711218465,32.32090846666275,254.56472503571973,False
108391,True,413,281,148.05017535091724,32.290080202098196,216.42125200193868,False
108401,True,397,271,126.84821586251127,39.03532360365304,265.32526052940193,False
108402,True,391,268,118.58379776310265,33.804412178601666,146.56650905231987,False
10841,True,375,567,89.19702763080541,21.7696807019984,101.737919822935,False
108424,True,472,362,124.32917993257796,23.462872642869552,6.873516956845771,True
108430,True,508,662,92.41356126745487,25.382795575024325,98.9339232300157,False
108431,True,504,656,93.4823092092528,25.71000711548626,77.03210887286845,False
108441,True,378,259,134.13538027823742,26.774401952692333,23.632386033057845,False
108455,True,500,651,101.03717665130569,24.348042003138836,56.63140407437456,False
108458,True,601,944,90.6794043825263,22.14853002574359,81.64527343489222,False
108490,True,335,427,121.8598273270649,24.775103838255387,76.21717408253608,False
108491,True,605,586,83.7635348207486,31.03280538774613,3.824819152267892,True
108492,True,588,569,94.07739739129396,36.846615465343476,81.63745347212644,False
108493,True,593,574,105.80931717893425,38.26959429325075,50.77284741721383,False
108497,True,365,250,126.78803287671232,41.35716162750836,283.26952028955526,False
108498,True,378,259,119.67888296459725,39.88859851309264,297.34695491815,False
108507,True,637,472,115.14207221350078,36.173775093398575,113.77049005068694,False
108508,True,647,480,111.1392098145286,36.055680763879025,177.10734785021975,False
108509,True,612,453,119.63728736527723,41.48018815894458,151.13314226121423,False
108514,True,397,272,120.62604645132612,39.66512339831432,265.91673725791145,False
108515,True,403,276,118.62741396051354,34.835302028643746,75.65053752965312,False
108547,True,705,633,102.38203981938983,29.873851449638376,70.86255918408197,False
108548,True,718,644,134.61049282859565,26.477190971616793,37.25433412644877,False
108549,True,676,606,105.17521286152284,39.8602462710233,139.9158328825849,False
10857,True,699,627,103.18773002215514,34.76250831696072,45.327663284905036,False
108579,True,500,297,138.0222760942761,37.044172223101654,225.4221940155313,False
10858,True,712,638,118.13239450882323,28.632144144146704,49.30539809081305,False
108587,True,445,341,100.78209496194273,19.939176475536744,67.08656907438072,True
10859,True,684,614,114.55293873935653,40.33611795988263,71.17487492975542,False
108590,True,395,271,134.8774814330422,33.9649243819449,193.1815302354122,False
108592,True,481,369,118.7194079633104,26.655573808281762,155.4475573775491,False
108604,True,657,588,113.59587746818667,29.568982715009067,92.53782298891483,False
108605,True,705,632,95.39462698626447,27.91392773117382,77.6104301367653,False
108606,True,707,635,95.16405795810178,30.65086296362268,31.096172928264263,False
108612,True,498,296,117.16169407359166,43.85193255001144,9.688888431060835,False
108613,True,500,297,114.06062626262626,40.907322797550734,30.268440547291096,False
108614,True,490,291,110.47235430254577,46.289782250664636,315.2505052895159,False
108677,True,645,1067,81.3846472395981,20.02590245902669,27.044312571397406,False
108684,True,524,312,111.13253572127618,37.375499616322536,186.6699363708198,False
10869,True,580,910,86.26416824554755,23.311217391847983,49.6162756830996,False
108699,True,379,258,114.8355525556851,27.621717795815847,183.66207354299897,False
10870,True,597,937,97.35391114233566,22.628576625777136,44.79080677383512,False
108705,True,552,328,125.93068995227996,42.0012987906659,255.32154276327782,False
108706,True,550,327,118.19247150403113,45.33919016891779,315.1986484603787,False
10871,True,584,916,89.70960698689956,37.37302387589099,85.58432777708433,False
108714,True,589,602,125.01040955727653,38.670369641635354,89.05479814367891,False
108715,True,602,616,117.27935291452734,25.134669319210314,65.7344264639158,False
108716,True,581,594,139.03451902849494,41.29759679093292,62.01465812263454,False
108721,True,453,476,101.46813957371027,32.591987663433656,69.13212498554726,False
10873,True,380,260,142.44136639676114,35.25057502840719,224.19264316371354,False
108735,True,361,247,146.667141431247,25.280055689621506,96.28414406829087,False
108736,True,368,251,145.42968344015244,29.802063561593716,87.0717815470161,False
108737,True,364,249,122.81353987378084,28.265076443551337,112.77543017861072,False
10874,True,400,272,124.33742647058824,33.09993285705656,229.82069342560555,False
108744,True,327,299,114.62671698730733,24.257579698893842,5.048233230997854,True
108764,True,376,256,112.47636510970744,37.76169770503125,182.53606902198482,False
108765,True,350,322,124.54578527062999,34.391383326329326,11.193064651779466,False
108766,True,345,317,99.76957893293101,28.513601950198595,128.9318788238724,False
10877,True,361,246,128.63857171812717,27.946864816530034,161.05276618558423,False
108771,True,390,266,122.62598804704068,34.85248822364157,216.88675977019344,False
108772,True,382,261,133.72874165011734,37.35292849503767,226.17852187231335,False
108775,True,617,692,116.10314921164314,36.929890396649206,69.11409374488002,False
108776,True,621,696,88.57223934329132,24.664313773959094,90.23866141932601,False
108778,True,411,282,120.90846577280806,32.080595440739685,189.3195955261212,False
10878,True,359,246,133.13750934166723,27.01553521831369,159.9281208683274,False
10879,True,363,247,133.61256287572078,27.956740113153298,169.1473240635468,False
108792,True,373,256,108.21592241957104,35.95033736090128,410.9521269036218,False
108794,True,594,516,122.71308041656879,25.60799876565326,3.966988891960382,True
108795,True,601,522,131.02512415450622,39.11233736821449,41.04493297361624,False
108796,True,590,512,135.4023073358051,41.945612224688716,138.6594938214748,False
108803,True,502,653,92.80245633087863,25.083885782983952,135.8280039834659,False
108835,True,409,280,120.39497904296192,32.88469107394656,234.20220667161655,False
108836,True,419,286,105.1135988116895,29.129861781346897,141.13488188183103,False
108837,True,426,291,89.52879015213848,25.507317409652096,119.4572580424183,False
108846,True,539,320,116.4733012523191,41.427805569238444,400.60835721858314,False
108852,True,678,644,130.53712966525586,38.41771172220507,61.659064837159484,False
108857,True,447,343,114.78226074706009,26.070239083511897,152.71897519741702,False
108862,True,425,291,126.29943804325855,39.27978764572153,352.53990432473853,False
108865,True,524,312,125.80210168330397,40.428550847289785,8.14522166225779,True
108892,True,350,320,102.09021428571428,30.176562640751918,131.12930040106824,False
108898,True,494,295,125.45139641803335,31.523950591995433,174.81721331336905,False
108900,True,365,552,105.7704089735954,32.4158988492497,172.99028552460058,False
108911,True,580,552,114.58172163918042,33.707684424176286,150.5690108474857,False
108924,True,537,318,113.02543831910333,27.887410130191302,81.55639071942697,False
108925,True,515,305,116.70200859462041,34.19694547998397,190.6725556228632,False
108932,True,681,923,117.25156905513052,40.49589311698033,73.31936006780127,False
108933,True,702,951,122.45198486523408,33.66431045020179,41.331114469523826,False
108934,True,718,972,88.96182669050977,24.26127497343753,30.397670723795695,False
10894,True,591,353,132.00500903543713,38.31435774700365,9.522483074903157,False
108953,True,524,312,126.04941647093365,27.032402436531175,144.16559950455382,False
108954,True,530,315,108.97825097334531,23.845708751717225,153.8173885407924,False
109003,True,371,253,128.89295036382813,31.323032702313103,90.3512944472996,False
109007,True,448,345,124.33842520703934,21.702414717246665,60.78276275600622,False
109008,True,452,348,112.56667683857187,23.654652266118283,66.84398660352922,False
109010,True,439,560,119.2376708428246,31.315540456359486,130.1050231171126,False
109018,True,382,261,105.46932859922569,37.61726880872927,327.36221444317215,False
109023,True,603,947,101.362168390711,31.195120900054956,59.94617546026752,False
109024,True,611,959,90.21059170678677,28.1997282405292,67.8645345970899,False
109025,True,603,947,95.95132223430542,24.17203085264544,33.045432385876175,False
109026,True,471,361,104.53968393998741,18.451121793069582,92.95709864513869,True
109031,True,480,286,115.88929195804195,36.05833720456178,288.2037679061133,False
109073,True,489,634,117.26915807061343,18.733804790181093,35.7878693505668,True
109083,True,432,553,113.42582964972206,31.165086616292257,123.8905701962709,False
109084,True,434,557,116.12662882955928,30.196094614139266,110.77813343915992,False
109090,True,351,322,123.40949549645202,33.46385019365178,171.33255191917166,False
109091,True,349,320,129.00935709169053,33.16422938213306,13.069062630127085,False
109092,True,347,319,133.78754754139828,34.58806743924166,168.79823364214954,False
109095,True,617,692,79.1501274112103,20.22138655835104,30.422921786788205,False
109096,True,614,689,82.08367647962633,22.129230938953175,97.60748357726625,False
109098,True,612,453,124.44585118815738,42.76711488235242,46.48276281596829,False
109099,True,604,448,134.64942052980132,33.701530632033425,98.13242444322347,False
109100,True,598,443,116.37642404704923,42.33399799658134,159.36944764758053,False
109101,True,570,495,106.78368952684743,26.655045057915903,63.806299837684044,False
109102,True,580,504,140.51534961685823,39.5812324706628,127.98436123434197,False
109103,True,568,494,141.83944303472657,33.2525301474255,94.2290327344407,False
109106,True,494,294,148.13192321462998,26.87601274009807,56.22723139796639,False
10912,True,718,973,105.15132390705024,30.309145590522128,25.407020628660938,False
109155,True,577,559,104.83811150761294,42.432028867931955,6.361666112850326,True
109158,True,350,321,131.76168224299064,36.16075073287683,179.69290372221565,False
109175,True,588,559,110.67741837343166,27.498075814172303,103.40871916803924,False
109176,True,595,566,109.99320604566915,18.904961895556642,50.59123041554412,True
109177,True,418,285,143.03612020481827,35.73268004959735,236.47133150721453,False
109178,True,417,284,141.83016685243354,37.94501423545657,244.70426221207364,False
109191,True,698,946,99.42388854898017,31.353619930828394,64.88753908009204,False
109192,True,673,911,117.81150801741306,31.36218721785886,66.22504793547436,False
109193,True,706,957,119.03046879856493,28.423422911826236,37.72631036962341,False
109197,True,361,247,119.25695604876243,32.9685498927798,141.28443946807724,False
109198,True,533,463,112.17541200831513,38.57143479283785,207.0915016161782,False
109199,True,530,460,119.03654634946678,42.065628847314784,214.4496719988613,False
109200,True,535,464,123.29098453109894,37.07352991421828,127.15063899116619,False
109201,True,360,247,158.97836257309942,32.41191398080542,147.61234874221148,False
109237,True,437,559,102.54678794676666,28.90264299012296,143.9072338671654,False
109238,True,439,562,91.94061235904961,26.997721237827847,84.92886650060296,False
10924,True,387,263,125.89321189612993,32.50485335749374,197.042916251359,False
109241,True,506,657,103.81661763555748,23.645709602303445,77.96878193147937,False
109242,True,502,654,106.37067936206245,22.183517216244557,74.40675052556914,False
109245,True,356,539,115.694820829251,32.121957634128634,155.34775812984762,False
109246,True,362,548,92.1403395572045,26.78901159070136,105.50459916883345,False
10925,True,385,263,130.73075897486544,30.80656731783627,161.02852074140276,False
109252,True,695,943,96.03010139078557,27.6004943548392,50.11213514875936,False
109253,True,697,945,111.33752970022698,32.34525977794381,46.719464924051394,False
109255,True,331,423,111.71554069979216,34.324080957632425,6.0065040019558005,True
10926,True,392,267,133.69323740732247,25.273429773518615,42.89712578407362,False
109263,True,681,922,109.44860180734597,29.636828528605882,131.89000300400835,False
109264,True,704,954,96.54306032018296,28.318746263288403,107.16145186587462,False
109265,True,666,903,99.17395302279023,33.131982855392025,133.95953481444616,False
109269,True,525,680,74.72514285714286,21.574699099317478,51.36857674733421,False
109273,True,590,437,99.75816623356475,38.72804432370917,20.386757537616532,False
109274,True,594,440,108.47866926844199,43.81492450036808,175.14229421864187,False
109275,True,599,444,100.5028012152386,43.00734928999718,117.27995097373238,False
109291,True,372,562,100.27500669651398,22.99483507316891,87.13920043338844,False
109293,True,438,388,112.927529068399,28.86623938867068,63.42629601890434,False
109294,True,426,376,126.75853436220157,28.084826254531485,44.59922300043297,False
109297,True,454,350,96.49389553178099,17.622818157587403,3.828544180946652,True
109298,True,444,341,114.37168767007476,29.763427731294975,205.18181688618589,False
109299,True,454,349,99.87307347613698,24.88578968375789,112.87583513996516,False
10930,True,594,440,130.78371212121212,36.571821802006774,124.71407253653257,False
109302,True,375,256,104.38370833333333,28.972088888818444,124.54245733062068,False
109305,True,394,269,121.67782537316249,35.38979321324524,9.336304022109474,True
109307,True,619,600,141.5309423801831,51.19813067721898,154.8701751994592,False
109308,True,656,635,116.74261330900711,41.82248295583843,84.60134810246588,False
109309,True,658,638,78.23583148326362,38.91444757060608,58.180189852983105,False
10931,True,601,445,112.82449475593113,32.077959876857726,110.91526620687164,False
109320,True,489,290,112.68262463860094,35.36222116348642,11.64723661035773,False
109333,True,619,599,139.0166270655724,49.6097757389684,132.6722617365125,False
109334,True,639,619,122.56963500623198,46.71769235281078,142.84358507306072,False
109335,True,653,633,133.42180578639358,48.05728496236742,87.69462466248302,False
109340,True,415,283,120.57164630252458,31.032508184122058,154.59168117376808,False
109341,True,434,295,142.9109974224791,30.290536542673358,97.34864620558837,False
109350,True,666,644,128.75275352992745,32.91137746852538,39.410566952200504,False
109351,True,585,567,120.0306546676917,39.73574609200729,76.90555310560194,False
109352,True,665,644,154.9241115210386,49.27043254668365,63.822975502200435,False
109354,True,603,446,116.9639470807398,42.030788628123744,184.91473314081358,False
109355,True,609,451,110.88231588988528,31.406769765033484,40.60646649174209,False
109368,True,517,683,87.3615605291254,30.34174366416144,116.20283980491504,False
109369,True,521,688,66.2224339374191,18.51033870084381,37.16805059413404,True
109385,True,508,580,80.98423839261471,34.17874718952917,108.88771271092484,False
109386,True,524,597,89.52538135972483,38.782621319926676,114.57157718552996,False
109387,True,498,568,105.47680157248713,39.77654472347819,160.638265452923,False
109388,True,383,352,118.23675973178258,25.237085791436233,149.09229048156587,False
109389,True,322,296,119.47220706731576,26.88374012704513,124.77927932789757,False
109390,True,431,551,91.17043468740657,23.27842067970336,66.64750850231106,False
109395,True,348,319,103.70745504990451,29.73180593582094,62.43255149196801,False
109433,True,636,471,107.66258729586454,32.49735296697667,109.8936268284119,False
109434,True,645,478,110.91606824300217,35.28975474889069,161.58414587522398,False
109435,True,629,466,123.63972379347285,34.074848613163105,73.8829672236549,False
10944,True,512,677,83.18404092042097,21.618023348055946,38.2496480122222,False
109440,True,357,326,88.2018697049372,31.857435785382204,167.5455558213585,False
109441,True,348,319,108.13266133390985,40.27378795247957,241.3317893921988,False
10945,True,523,691,85.16001416740225,20.531262988575516,36.08277692090292,False
109458,True,554,496,127.60815040177012,23.38658273865856,63.11089619922639,False
109459,True,554,496,128.25367561430068,26.60154130596727,11.930657287404923,False
10946,True,511,676,66.22893386908139,19.789579301723695,27.23127298850718,True
109460,True,565,505,98.12806448786472,22.55627576042181,14.021968148723467,False
109466,True,642,1064,82.20310853067248,20.468802243734704,29.950786878796688,False
109467,True,709,1174,127.38000951504506,24.403005900303192,22.598023578535646,False
109468,True,631,1045,120.88662637720941,33.60717746781242,42.50249293877393,False
109485,True,377,258,143.25664672136205,41.368457208648834,267.93519723150706,False
109486,True,368,252,120.1319660110421,41.95317142437949,235.33475605714787,False
109488,True,452,347,95.67299992349086,27.709718231730182,168.58828429373838,False
109493,True,423,290,157.97163120567376,33.37932719200049,140.73312828511573,False
109494,True,434,296,107.66284717897621,22.19781213674952,62.396481791136345,False
109499,True,619,458,126.37142947845165,37.74099835858292,147.6339527265203,False
109500,True,638,473,73.12230013188677,26.76886328475113,107.42960561855641,False
109503,True,451,308,114.80953580787283,27.785815519926473,129.6632168731059,False
109513,True,516,670,102.1803453661923,29.59356587264458,78.55322345069237,False
109514,True,495,644,118.69089026915114,38.6329319984824,196.40791444482088,False
109515,True,482,626,104.00119642596742,20.425771234563616,56.06105989035575,False
109523,True,664,492,129.97676988441572,42.00692531445114,233.20175494139707,False
109524,True,705,522,129.58102225483003,23.897100284879,47.71429004279046,False
109525,True,681,504,108.68247849800713,38.204737710299526,101.79695327592991,False
109532,True,444,342,101.92609714978136,36.159229833523376,273.66383369360716,False
109542,True,606,448,115.81976367279584,31.902647726255633,39.77027689570368,False
109543,True,600,445,112.06713857677903,28.694672702004784,71.70947047965325,False
109544,True,591,438,148.13374900524613,39.73081818939739,5.617002186007392,True
109551,True,338,309,111.45729687290553,19.619275545322246,56.81730125348719,True
109552,True,710,636,119.47245105855258,29.533119384922035,64.9593815133796,False
109553,True,707,633,99.8908232055433,29.799163046555684,57.52707631863684,False
109554,True,707,634,100.31680491167639,35.20004889455068,69.52753019708184,False
109573,True,502,299,111.74038961212008,34.62160005481748,325.90010330285804,False
109574,True,504,300,113.78710317460317,25.813356696416776,59.7807281739033,False
109576,True,514,668,85.02099303338848,22.294799706975585,94.34313385173608,False
109613,True,340,311,83.16655002837147,33.691372014321395,168.51280415087535,False
109614,True,338,309,135.83362057409855,35.572808880752355,275.5169690478436,False
109617,True,607,681,103.77053804488506,34.7269676633503,149.8347011352028,False
109618,True,606,680,81.43147204426324,25.200327201594213,40.38094490753516,False
109632,True,351,239,124.95109013100645,31.142967465290873,198.6976075237927,False
109633,True,371,253,148.72310708159765,33.996882289753245,114.38546281683553,False
109641,True,609,684,84.74620699257723,26.733302123397,90.58442128342269,False
109642,True,604,677,107.20156856799085,30.922843549808054,107.64865351927615,False
109643,True,614,689,119.9770237751923,38.13114985875419,79.01785043285206,False
109644,True,448,575,96.37331521739131,30.425899942339573,69.10791916761507,False
109645,True,438,561,117.88307734883077,25.323846262186752,54.35960618024241,False
109654,True,490,292,124.24446463516914,25.89972587429007,58.54197106740491,False
109658,True,395,269,95.66031716154534,26.494656152566215,173.64518891888892,False
109659,True,392,267,130.1828613467859,25.393935435397864,154.3011305715822,False
109679,True,580,551,97.78255209963076,18.62716052707159,49.91251720246081,True
10968,True,478,367,128.11917275660392,23.123078918398942,45.6777854956668,False
109680,True,608,579,96.45669995909462,22.81862513714099,48.27128928838545,False
109687,True,419,534,108.38761810266999,26.910216231691443,111.32512545104296,False
109690,True,355,242,151.4633919217786,32.8424180776085,46.67085869966406,False
109701,True,604,585,126.05536593649177,43.31347625145038,100.13614829076987,False
109702,True,661,641,133.85381908468472,37.851240265101794,39.704593533871794,False
109703,True,607,588,112.13286039292159,33.04057309018557,43.792136502856664,False
10971,True,578,428,117.65906849270769,38.26287670139245,173.67584070102137,False
10972,True,582,431,133.41261830156034,31.53217158618239,105.52452021676464,False
109721,True,609,683,104.7155214486461,33.762043706814836,57.390939905931845,False
10973,True,603,447,113.54467780411885,36.52883338412232,90.62333499692038,False
109733,True,482,626,105.59478610157358,29.82852965375458,17.211367420912502,False
109736,True,614,595,98.90825828702816,44.68703688307724,102.56693659400348,False
109737,True,609,590,107.95531991873312,44.69959432395944,106.44121766525751,False
109738,True,606,587,97.79666424904842,38.631563261031914,87.58847083421175,False
109745,True,501,297,120.6127677305322,32.55135560290584,166.81916190746307,False
109746,True,509,302,127.44340935999688,37.48107726930776,264.1838839709476,False
109747,True,497,295,118.62779388193569,33.30156808202216,201.90263615475558,False
109752,True,559,500,119.02547763864042,41.5720152179313,169.56518503174274,False
109753,True,552,494,117.77333436014786,35.85107927156644,120.21858410510839,False
109754,True,549,491,97.86442671177738,37.25565347567542,142.77024546068446,False
109761,True,634,1049,94.42054021706116,29.840211615216024,16.896506098855706,False
109762,True,638,1057,113.56541551620337,40.20326829764867,76.7773426114362,False
109763,True,647,1071,106.87039225788203,34.52540165602502,56.304412486133785,False
109780,True,359,245,113.77795463589335,34.198017478425704,300.8324490295202,False
109800,True,639,1058,79.17222237013765,18.700074980030116,35.71627733311259,True
109801,True,647,1072,97.511261793813,26.034703209983633,59.807250369918506,False
109802,True,640,1060,104.54121904481131,20.757217338244963,31.82252617647926,False
109804,True,496,566,123.25571355294655,25.12063939374269,39.25780446189209,False
109805,True,495,564,140.50315567017694,45.634676416035845,80.57425189441248,False
10982,True,469,359,122.38374779504784,22.93045792358739,75.43754445385149,False
109821,True,514,306,140.3488721039648,28.5169467187212,6.4257884536679875,True
109830,True,653,633,108.95744032282647,31.64918896843257,33.61712442358542,False
109849,True,443,568,101.68554271452643,30.442650965436908,91.87346547027627,False
10985,True,333,424,101.35875262054508,29.65646951009153,73.17942986203148,False
109850,True,453,580,109.58631346578366,33.19744595356361,105.53632800656949,False
109856,True,425,545,114.33529195898542,31.648479590021125,96.70617502878166,False
109857,True,423,541,111.66766735272654,22.117571883038188,93.61741591955581,False
109858,True,544,324,141.03633351488745,36.497839731376565,239.83604196022844,False
109859,True,534,317,114.39508382660476,29.404567274396012,124.56650158162793,False
109878,True,523,311,115.09246678511924,33.116844917604226,182.9246548964744,False
109879,True,543,322,96.22980222595885,29.914587216265502,150.49118527324993,False
10988,True,385,263,124.84136092044837,22.62259547199957,4.1079445791229405,True
10989,True,375,256,145.73886458333334,30.889347644090762,183.45761853776042,False
109898,True,304,278,108.40480641802347,30.02883139220911,108.63408427180964,False
10990,True,372,255,143.55538688593717,32.83222609878826,8.142073852168439,True
109903,True,498,568,85.47479354035862,34.62678114351771,144.9323615788927,False
109906,True,534,317,105.2674948900625,31.88680265383257,73.75731234783169,False
109922,True,468,359,129.57380425207722,26.6087948103696,7.376015339817307,True
109923,True,470,361,128.2499145399894,27.99139183005601,176.76115473079741,False
109924,True,478,368,143.84135664908132,20.810340202368824,62.29843017749954,False
109925,True,514,305,127.11463290170313,36.659318749242125,16.648407551975502,False
109926,True,530,314,108.93507991827906,31.848920659363465,99.90399120847876,False
10995,True,642,475,131.05483849811444,39.064272084015535,101.77749054304579,False
109957,True,692,512,123.52490234375,40.20935697244318,91.99837100757159,False
109958,True,705,522,111.87775875655552,36.61453466053394,66.62629541026074,False
109959,True,699,518,120.73010809706089,37.54734530552158,104.22747504114811,False
10996,True,639,473,120.66608436146595,42.408697239032755,132.06484805436332,False
10997,True,639,473,113.58311579602113,32.64065026318517,98.62951067980445,False
109975,True,378,259,124.85342485342485,34.396379365134244,328.8617862930572,False
109976,True,388,266,119.53063715991009,34.98571207878887,37.49221783334569,False
109977,True,399,272,126.406374391862,30.95304964231155,143.48191220630005,False
109978,True,529,314,118.92636629622048,31.801765791845188,187.40417535779844,False
109979,True,523,310,125.8223339295627,38.13622779303331,141.48621725427446,False
10998,True,692,938,145.49892773950234,33.837313416498915,40.258799774256545,False
109982,True,479,504,90.3970159392915,29.33295909082934,107.06312208872247,False
109983,True,478,502,98.07665155278468,25.19720013375752,81.46355997036669,False
109984,True,464,488,96.52629045364613,27.959157857080896,96.92777945893992,False
10999,True,702,952,110.54214997964998,29.768245186652315,57.66901005598891,False
109998,True,408,520,103.97956259426847,21.314789814028607,127.50043224646973,False
11000,True,723,980,119.31017162051542,30.726117499157105,95.32896961931787,False
110021,True,494,643,94.35606122616026,37.942877143504205,73.72685981829284,False
110022,True,516,670,112.41101180145783,19.277406391796305,38.966761701896495,True
110027,True,386,264,119.73615363479352,38.894444589635185,274.51955675377076,False
110028,True,383,262,118.96395471668029,37.677607447472575,262.4619002430333,False
110051,True,364,248,135.4702676355902,35.47907398928504,300.95731156040296,False
110069,True,362,332,115.12919356985955,30.70087633803294,133.18402408784453,False
110098,True,349,320,99.92636998567335,29.306587796798816,165.26156817492006,False
110099,True,353,323,106.3508450345995,31.656973266746196,230.04447553862042,False
110112,True,400,510,81.9876568627451,22.470232042395992,108.68246254495865,False
110113,True,404,516,110.94055568347532,29.062707398760807,192.12413556273685,False
110127,True,425,326,106.60625766871166,24.125586725677426,50.49884312276411,False
110174,True,496,295,122.10999179879715,37.819138797395176,183.41376176779005,False
110175,True,492,293,137.41464802020033,46.33747969706948,261.34484609810625,False
110176,True,480,286,135.2659090909091,44.835107052472324,233.80982402098707,False
11021,True,541,469,106.61919607139902,31.395870398198994,41.277245690021914,False
110215,True,632,1046,115.16614075320086,22.07103331623006,56.902108250040165,False
110235,True,647,627,116.96159183965253,32.5894868536019,56.57680714057135,False
110236,True,651,631,129.19145481412238,34.42127006313504,15.86053769064086,False
110237,True,337,431,108.60640839397716,26.750804382092234,69.4210687919357,False
110238,True,393,501,107.95924182170012,21.958346122617744,92.67704154278421,False
110257,True,366,251,99.6323884788714,37.66982567450958,189.00355877484068,False
110262,True,650,1075,117.7255313059034,35.32273658042195,63.94797339325258,False
110263,True,645,1069,102.62809116685158,27.877546580649906,39.003730374677396,False
110264,True,642,1063,112.21955583298899,30.091142663862993,52.82930381879425,False
110266,True,593,574,136.40035607053252,37.00947120871063,70.15949958443883,False
110267,True,610,591,116.38195334387396,36.226139192135214,48.7178829059844,False
110268,True,606,587,120.60316201977949,40.684751650046344,61.750902273542536,False
110286,True,550,327,84.56166805671393,29.773584534877678,146.15541154480425,False
110287,True,526,312,122.46877742029834,38.92548403172791,234.80070647805474,False
110305,True,354,324,124.23422787193974,40.83805871640225,159.3504448162453,False
110339,True,697,626,115.93092945118514,26.11874781720445,51.694380840196445,False
11038,True,382,576,86.07283486038395,16.02584960974905,35.7689556739814,True
110390,True,446,343,123.88715370837637,21.185025024742885,151.3225921161088,False
110391,True,448,345,112.71721661490683,31.511444381107257,310.99966588584863,False
110394,True,584,556,124.74874039124865,34.03550675569331,7.973362999886444,True
110395,True,572,545,117.35261435811894,26.034833081535762,72.63569171217151,False
110396,True,580,553,112.89157884891189,25.139316169693235,49.22461094122349,False
110409,True,414,282,125.86088840922328,35.0613426690594,268.6320686396123,False
11041,True,379,259,134.14532248041482,41.191974475205875,299.3493703725006,False
110415,True,653,1081,83.64422653291646,21.972154304926825,36.15143674678325,False
110416,True,643,1065,105.53804861308859,25.2285657201486,48.93038813647732,False
110420,True,594,440,117.2914294459749,42.04466695057949,155.24641205956704,False
110421,True,608,451,116.37291763916443,41.09123912766653,183.91700052706344,False
110422,True,608,450,65.93508040935673,21.37875055996562,42.45905065741383,False
110449,True,529,459,107.24225426360421,33.69816667030205,109.47772280995868,False
110450,True,531,461,138.33445674064814,43.66797957677194,7.733729170000434,True
110451,True,529,460,95.97643215254377,27.052852288757325,73.15265420216784,False
110457,True,498,647,98.97370936605773,22.016655134954828,4.928714337431208,True
110458,True,535,695,102.55001680898272,21.942639969547287,56.94731846672116,False
110463,True,551,493,108.89302135523462,29.50574117792592,60.982936107365326,False
110464,True,534,477,112.9697861949293,31.91342941625477,83.09704506611294,False
110465,True,555,496,115.9481037489102,29.67795887750425,86.82996066511943,False
110480,True,601,943,102.3246427393016,35.37648754192454,72.83102903858706,False
110481,True,612,960,112.93134531590414,34.078048252902654,98.66946796220583,False
110503,True,635,1052,114.07797670728421,31.86000836816495,85.97246046638314,False
110504,True,645,1068,96.58691025752692,24.519888531856264,56.723073613910806,False
110505,True,644,1066,113.11597310430821,29.177239466730406,26.90234274054503,False
110508,True,697,624,97.05755665305522,32.59447358006503,63.640971821731355,False
110509,True,703,630,113.27318521529048,30.05822343638556,42.2325318292702,False
110514,True,373,563,80.10856718365325,19.98011284844547,49.163271307954346,True
110520,True,574,587,114.54088586030664,32.02207708806696,115.37199205514762,False
110521,True,593,606,106.1004736224044,36.050725554778765,77.75718587647205,False
110522,True,597,611,108.19436517009488,29.02376107992435,77.0670607133276,False
110523,True,515,306,104.93389174440003,32.08814772575356,154.65349422304755,False
110564,True,669,648,139.92403901160753,48.0394848435694,21.328840016315887,False
110565,True,617,598,143.7043521625299,39.56346171793847,100.07471648139763,False
110566,True,657,637,110.1039738691402,35.91115451159678,58.28194088129223,False
110567,True,528,314,139.2471832175256,32.975242761941146,8.082004787150762,True
110622,True,707,958,97.76092932884103,29.463134749402712,68.98347419113048,False
110626,True,393,268,121.61073449546163,29.71820699450115,159.0807675538306,False
110627,True,388,264,119.55012105592003,25.871824502608025,88.02903640711489,False
110645,True,458,586,91.89074027154716,19.01131273811282,46.87459903260402,True
110655,True,681,505,128.63182274174554,43.75660185908391,7.001485706187023,True
110658,True,381,260,121.70265495659197,30.30048963191256,234.9270390265304,False
110659,True,389,265,140.11157782412573,30.091762561359705,10.205907336116889,False
110668,True,538,614,145.706125958127,38.740465666610746,53.04816851923542,False
110669,True,542,619,131.1450142772833,42.999505930007444,37.708218910956084,False
110670,True,528,602,155.0997967633142,40.649583739800335,31.10263061034639,False
110679,True,700,627,106.92381635907952,28.755225094947594,50.662099468575555,False
110680,True,691,620,115.53208300266094,31.329961626847293,66.32150221801896,False
110681,True,718,645,108.26112802573903,37.1137229427086,53.56633816644513,False
110684,True,712,527,144.71324328934185,31.401289840456357,43.886774097293355,False
110685,True,624,461,148.76333500194673,40.110870919599414,6.782253981194044,True
110686,True,624,463,144.74144376142218,33.4264929699994,5.524169520986898,True
110689,True,655,635,123.45090821662559,40.07802820674446,37.42088048935653,False
110690,True,647,626,127.87173289352184,33.6807837179472,61.09713851664451,False
110691,True,660,640,101.70318892045455,24.456774683080518,57.17214706403524,False
110708,True,640,474,110.98011933016878,35.419313925931014,149.88723562267117,False
110709,True,687,509,128.00634002796818,39.579485839468525,43.665509406791756,False
110710,True,637,473,86.7011327542889,24.8541621187147,74.38188828390105,False
110711,True,363,249,134.08743514000906,33.35772846903945,233.97660061134775,False
110712,True,367,251,123.76513564271524,29.22509814491002,161.784034607434,False
110726,True,593,575,112.76592712075666,38.034254820491704,87.43157623923206,False
110727,True,596,577,139.86614983773975,40.54064403326744,67.8125991495069,False
110728,True,593,575,121.56827919935479,28.390444395345995,59.401988591629255,False
110730,True,640,474,102.82899195675105,35.54591467976432,87.34324650304599,False
11074,True,398,272,153.63676840082766,29.909676726588277,7.53485082679166,True
110744,True,573,586,104.71483837535514,31.791312788841836,101.33533320885476,False
110746,True,541,468,121.38625448283489,34.281363436848,104.96214460351072,False
110747,True,546,474,133.9331810945735,38.69235379634811,125.03248495957176,False
110748,True,541,470,115.30073937153419,31.92842039053777,124.20422061208329,False
110753,True,521,309,88.17470137711273,25.39629187631942,182.97477591290215,False
110754,True,531,315,117.10741039667593,38.18392058521837,291.46721508564633,False
110757,True,567,506,105.05616900544437,38.23492451715115,206.9652695878232,False
110758,True,538,481,103.34381207057787,36.78967258238289,99.71403190721446,False
110759,True,549,490,98.42134864874912,28.3115376380639,112.77573157488916,False
110761,True,462,486,125.51761886947072,28.01263767044868,67.60921683913507,False
110784,True,365,249,122.56776145678604,45.73141616431987,397.625282349864,False
110785,True,362,247,116.60984856957523,39.14221488898443,285.2553937245534,False
110790,True,645,478,110.72358664980052,40.774240172746644,131.60621105966607,False
110820,True,460,482,111.93049341511816,31.365571414396936,7.059949202598197,True
110823,True,612,687,99.54861289493964,35.35771333833826,63.295243896944406,False
110824,True,614,689,105.54773239789526,32.70260147086837,58.8462021294221,False
110825,True,609,683,109.69267959619856,33.08574095363339,84.62961411995911,False
110841,True,365,552,125.3045513202303,20.14400280109943,64.68613867613924,False
110842,True,369,559,102.79895380349153,26.45114327062485,123.77387262787197,False
110849,True,372,254,102.03406781813564,26.603594925722877,152.9128968552516,False
110850,True,364,248,118.55852313009571,39.8725608075484,269.3838433322454,False
110919,True,708,524,114.06195551386553,33.40532569992463,87.46723362007589,False
110920,True,694,513,144.99189937700478,48.59425960782195,137.05868176231277,False
110933,True,721,977,103.08902255340232,30.26125488936738,20.22247393650135,False
110934,True,673,912,105.37124455827534,32.96270743041493,87.40343534589144,False
110935,True,702,952,90.40744032655797,27.89766825821316,57.76078263473975,False
110969,True,433,296,134.7669621122277,33.087738651967896,127.58464356710728,False
110970,True,424,289,111.3558219625253,33.41222790164706,308.7315858536034,False
110976,True,637,1054,110.58674884345798,26.525459080413192,34.795270741000564,False
110977,True,639,1057,103.61241473861566,21.520280583755824,44.75755597984523,False
110978,True,634,1048,104.1162316083512,27.673352190124856,40.76043269065748,False
11098,True,512,666,106.77760475319069,22.189927624380733,60.27248555842973,False
11099,True,526,682,104.80248207575572,25.70947228497037,60.614958248160555,False
110991,True,392,268,118.88540397502284,30.30576603457917,188.8724597543995,False
110992,True,393,268,98.30258060840833,25.481432969444263,143.67296314427975,False
111016,True,689,934,85.06673079253986,32.191377852482255,158.21656233198485,False
111017,True,689,934,89.30278963087738,31.73491178450212,156.31170213652968,False
111018,True,713,966,84.14806506784676,30.44544835047253,57.4495864749816,False
11102,True,353,322,137.5984639206095,32.927705042462385,93.74066172850799,False
111027,True,501,297,139.1105734658629,28.136636988693763,121.27916447541493,False
111028,True,499,296,147.74561284731627,27.877313801201446,101.44988423759604,False
111036,True,593,607,89.30684454272942,28.553163144496907,52.6856814373672,False
111037,True,600,613,104.35033170201196,30.872552092453976,105.5359365582756,False
11105,True,404,276,160.50667240637108,36.70553749719282,205.73006189644732,False
111051,True,384,489,119.83994759713701,22.572730216299494,124.82278446544771,False
111058,True,715,641,112.07923371480314,23.805940280438588,34.06223347762842,False
111059,True,706,633,101.12469512058681,40.776653578832125,75.15810207085137,False
11106,True,419,285,132.31892140853327,34.79531672578405,263.6559214990789,False
111060,True,668,600,108.32773453093813,33.289548317797575,69.5921261853476,False
111073,True,417,531,100.63737032972492,37.19642967027322,178.616507538401,False
111088,True,562,334,121.56354550685107,39.179842200937095,73.39835061897894,False
111089,True,564,336,129.28934481594055,36.047470678159755,182.31939754805964,False
111096,True,389,498,103.20552131404797,23.777518223662646,176.36923851543733,False
111133,True,514,586,117.53521533578571,32.31418310533299,7.840018593893085,True
111134,True,417,535,133.4424886259217,22.34286390138436,94.2432957764726,False
111135,True,430,551,116.07500105516397,23.767970627900677,58.779026582078416,False
111138,True,560,332,107.95257099827883,31.31733449415099,101.9362209047957,False
111139,True,563,333,112.24361128446385,29.220777330824053,83.2678109179982,False
111162,True,593,607,96.55296415345423,24.987515128926553,21.165941498955696,False
111163,True,585,598,119.12225080753508,36.49562936506947,65.72530479073298,False
111164,True,593,607,123.1165075246353,25.97358421714885,24.444115466754216,False
111165,True,413,281,130.41386263172862,28.501782694111153,80.7967552652477,False
111167,True,730,654,113.27657827489422,39.8006689137913,148.39091270819577,False
111168,True,670,601,106.04130926068493,32.13306797244502,142.97534849101459,False
111169,True,709,636,123.16003140218751,50.39438806137773,114.69873629310312,False
11118,True,332,423,130.8561835996468,27.82944431774056,130.79005611175356,False
111188,True,546,622,103.44328822303099,30.743787643958154,99.282359752678,False
111189,True,533,608,120.06745272538758,30.59190520768024,5.191634785753214,True
111190,True,550,627,118.368281861679,34.83432673217011,24.81266372661013,False
111224,True,640,473,155.8407802589852,56.125623497660435,94.66717518903965,False
111227,True,694,622,108.69859243678012,34.38705264468318,58.69390098793856,False
111228,True,715,641,129.99287171486858,31.603180081529732,75.14922973717756,False
111229,True,715,641,97.23409445468728,24.78501412402312,32.35293075020397,False
111232,True,478,367,128.60572549109025,29.57528432406867,197.15623068765234,False
111238,True,387,495,117.56211207684076,35.149184553759056,149.73392978364245,False
111249,True,709,636,93.60487798387311,30.094999068619206,69.5218950395784,False
111251,True,412,282,116.39532982166219,26.80994617844481,147.9695392031641,False
11126,True,373,255,131.3861746307102,33.078306513012414,14.062470304893992,False
111262,True,426,290,135.32901084668933,41.68750656029393,300.1009079105961,False
111263,True,418,285,118.30291278435323,31.45607049148457,156.71000850657882,False
111277,True,505,656,100.60860601304033,28.56121619799013,85.99413381309331,False
111278,True,494,641,81.09401112886621,28.216105643400972,166.70687898748605,False
11129,True,475,616,107.25292207792208,22.893036330852656,88.01652510062515,False
11130,True,486,631,97.12913397637821,23.36471971836792,71.75652450093588,False
111310,True,453,348,88.19088579330644,22.919398705674766,14.193386264549556,False
111311,True,445,341,113.28385119773304,30.46904135326412,67.76453481257765,False
111312,True,455,349,84.67479454642779,21.363204170452217,18.52505149986103,False
111313,True,540,616,180.89463985088986,39.851122596870496,106.581251129297,False
111314,True,548,625,131.39006715328466,46.923098814554585,85.63091838366668,False
111315,True,548,625,97.55908613138686,26.708163998252388,35.68834352525121,False
11133,True,544,324,111.30868736383442,29.19091554796213,112.11294632987702,False
111333,True,609,684,91.93679121174584,25.699469111378956,57.74732909032407,False
111334,True,616,691,86.50503693123085,24.259240768901382,14.510864073508158,False
11134,True,539,320,151.47791628014843,34.81289554815297,197.94818263783,False
111340,True,321,409,126.93983502045107,24.8610831303874,99.42353850406099,False
111363,True,609,682,121.71864120306834,33.75122097605006,79.73539473613755,False
111364,True,611,684,121.11838276815881,30.08051474941329,26.482449574577863,False
111365,True,608,682,109.43183747491896,26.13709141231545,48.994898078019915,False
111377,True,629,466,128.34535368491441,39.98856427042606,85.63334751708796,False
111378,True,632,469,125.57517003589646,39.177151739631405,47.11376547234542,False
111379,True,619,459,142.03405943242493,45.295828098541065,151.37938253473538,False
111388,True,606,680,98.49520238788585,25.776629634257674,55.78933123499073,False
111389,True,607,681,91.02872749880856,24.629188219152557,64.33768768115037,False
111390,True,606,681,78.5376799794517,24.39592194579318,82.66096936455237,False
111395,True,335,428,117.01631329334636,38.37511904573527,187.17899079320867,False
111402,True,496,295,88.21849371241116,33.82063238111287,181.94246835238292,False
111403,True,506,301,122.78419760219558,31.931062218602904,116.76687010184371,False
111404,True,494,293,125.7838706111564,39.4661836368415,259.87099327204845,False
111416,True,713,967,106.68667717714015,34.84804665044353,16.60342373596519,False
111421,True,642,1063,81.61797270406743,38.748509197908234,45.949663205684054,False
111422,True,640,1060,72.71575766509434,33.838119447707356,74.61478058027765,False
111423,True,639,1059,83.10385088835395,37.74334987650496,89.2877578713508,False
111426,True,478,368,116.85564853556485,37.25599032628797,386.69272444031304,False
111427,True,464,357,118.67467159277504,32.16101664020943,8.889985274691762,True
111433,True,705,523,100.68104633660144,28.765369844506846,93.3010901704637,False
111434,True,699,518,108.80573461260157,34.11905012129647,160.4940772516983,False
111453,True,398,271,119.19292959261251,35.5567979283268,385.89499164283757,False
111454,True,410,279,94.00471195034531,30.299064525672364,202.83061735739307,False
111455,True,400,273,114.71446886446887,39.36551492119638,284.9517248801641,False
111493,True,405,276,116.1129987475398,26.455104096716656,148.55905895750735,False
111499,True,715,642,111.27348539311156,33.11856419205945,31.64603952921208,False
111507,True,381,575,93.22281410475864,30.13979288677692,125.84844524784937,False
11151,True,515,680,99.23116504854369,35.56218507119416,75.34572395455838,False
11152,True,513,677,89.9262311366797,31.159963879522444,99.27438845728093,False
111530,True,441,564,143.16254563291037,47.96480550731133,80.5999967058091,False
111544,True,476,366,123.32491275198603,30.740328473445675,277.55065521935205,False
111553,True,377,345,112.93633952254642,31.314818405604868,116.645753326064,False
111554,True,366,334,108.62972415824089,29.522028396023916,125.6776318303453,False
111575,True,546,325,135.1891124260355,40.98485475551372,10.966820448320778,False
111576,True,557,331,128.2416538751512,45.11347929820129,237.82139304211063,False
111580,True,386,263,138.27645343682894,33.92149155530784,129.47409253398772,False
111588,True,418,286,117.60763040786964,19.694209320178267,58.70756890329669,True
111589,True,380,260,143.05016194331984,26.893532664268147,79.3729652992796,False
111601,True,500,297,126.1410101010101,44.5966693543163,269.8568693636251,False
111602,True,369,252,134.4198821353293,40.43813395528278,175.12833361939633,False
111603,True,375,256,128.46251041666667,28.654871436304532,113.85319610579427,False
111615,True,609,579,121.86997002362376,29.20886398139538,7.849108497252105,True
111616,True,592,563,106.2527663098267,30.434837335406176,86.55782929034663,False
111617,True,607,577,105.15731543317563,28.51677941298169,91.74085760454881,False
11162,True,478,368,111.135943469165,34.07089863036909,101.68475159437004,False
111638,True,438,560,102.22845319634703,26.2595391316343,69.38499238085704,False
111639,True,437,559,101.57671634947991,17.89634865299556,63.486091913711604,True
111678,True,357,243,120.80216942744175,26.075393439096896,116.8910528404277,False
111687,True,349,320,110.97514326647564,31.564414144871872,164.68334975409428,False
111688,True,345,317,142.39556530882822,35.86951063964859,8.191083165513456,True
111689,True,346,319,121.88419374127965,38.35435622768619,115.45220376321564,False
111721,True,639,619,123.56961983713445,29.475699846143883,5.34784214032278,True
111729,True,505,667,96.0806567013523,31.846852713488822,76.69582981221505,False
111730,True,513,394,118.58394435044181,30.251815033841837,149.70165527916782,False
111734,True,657,487,162.76291962407683,49.486798198548556,102.47815967009724,False
111735,True,701,519,141.76565544955045,43.04515164647305,41.860675195882365,False
111736,True,772,572,161.96458884379868,55.489982519988594,77.63224161739183,False
111769,True,645,1069,112.26965286691177,39.63063618722872,26.11346562094046,False
111770,True,647,1072,118.89590878682323,26.344041771562445,18.05296163298476,False
111771,True,650,1076,85.21203031169574,15.364136496172843,19.067383503174703,True
111775,True,384,580,94.6440463362069,21.124072947913533,4.996711547706412,True
111776,True,369,557,104.1946986615288,27.306872550909848,146.1451104947836,False
111778,True,417,285,115.31817072657664,29.724905858131454,123.83293499963797,False
11178,True,432,381,127.96291435792749,26.098668833965117,87.43241869660847,False
11179,True,433,382,112.62874986397108,24.553913519736852,81.26555370909988,False
111794,True,502,298,103.8956589748389,33.67754244740533,189.28153310902695,False
111795,True,486,289,115.03626098224329,38.9753786693014,302.326618204774,False
111806,True,560,334,114.40593455945252,39.35230064620994,411.4651776267385,False
111807,True,538,320,121.07459921003718,33.58994324825047,10.54250630897082,False
111811,True,606,680,110.24569015725102,24.752174452607242,98.24361402681814,False
111833,True,532,316,94.74343294946226,32.464426005622116,165.30442274987237,False
111834,True,532,316,106.04356024555058,37.466960478378176,187.18095712777927,False
111848,True,589,924,89.6438897831088,24.85483593590114,60.581993532793774,False
111849,True,580,911,105.58635830273667,32.30028383468503,112.7622531184368,False
11185,True,559,499,115.54829157420386,30.24847067831048,75.53547103246817,False
111850,True,588,923,89.52963384703827,25.664354119690508,65.88653345010032,False
111851,True,589,561,98.22387865471856,22.661705261254113,56.79399970284333,False
111852,True,579,551,100.33836735845331,24.62683429725777,118.56033242993033,False
11186,True,544,486,121.61150826071169,28.348208363078903,52.49722936958225,False
11187,True,559,499,115.12371433385555,35.12630754124232,132.71139330630484,False
111871,True,692,938,100.84435892379555,35.16691372672453,112.02631078950586,False
111872,True,790,1070,121.40321424346386,43.95707902851815,26.429311403454246,False
111873,True,666,902,108.99001384976995,31.09562767851876,89.23349557092772,False
111884,True,450,346,98.46512524084778,30.157916169846686,85.29186975842828,False
111890,True,696,624,109.6384537098438,29.068163550245945,47.27872618376732,False
111891,True,697,626,95.1096392114081,27.837897311558834,49.58462212525367,False
111907,True,366,250,129.75006557377048,39.73915375955752,409.2800978560124,False
111908,True,385,263,122.85950323440818,31.181881371566607,194.18589206080938,False
111909,True,382,260,123.99934554973822,30.34185261501619,189.3846287934556,False
11191,True,517,307,99.6064239316024,28.806846403698977,171.8067969177836,False
11192,True,513,304,100.91830819739407,38.83687166981909,328.1961263254427,False
111932,True,648,564,122.39714670344102,34.443784221179804,106.52549189470876,False
111933,True,560,487,118.03877603402758,35.64132402467722,184.24960020107721,False
111940,True,647,627,155.37494854179147,47.16632154431945,45.81656354720566,False
111941,True,648,627,113.92601699253746,39.63351426050223,91.636371881556,False
111942,True,654,633,104.8241034634356,33.052935310156066,65.91167412408552,False
111953,True,367,252,115.60838631547078,34.87538669236357,129.08257124052403,False
111954,True,549,491,116.01426403867058,35.48748326875214,5.910846877641013,True
111955,True,559,500,109.64538103756708,39.20825355714663,117.20265376006861,False
111956,True,559,499,113.74174825500734,29.429396380104723,95.68496421526618,False
111961,True,715,529,123.7924200563142,43.34923957987072,143.2217026961344,False
111964,True,557,499,126.51288573556448,27.94623358762804,51.81478930239534,False
111965,True,544,486,130.2677431312031,30.644594489543692,52.78193058855535,False
111966,True,552,493,91.11741923156069,22.837866253181726,41.23017292048784,False
111979,True,419,286,92.14298112388805,27.694920049901754,174.42791972744342,False
111980,True,410,279,120.0320045458519,38.21699375985626,301.4082666687026,False
111991,True,515,306,117.72611206294816,39.48702741920255,391.7794783617302,False
111992,True,542,322,108.40961701542481,34.07151188979611,218.70188107105415,False
112008,True,638,618,111.59124641121628,31.76760660838333,49.668926109885035,False
112009,True,660,639,114.13356333285911,29.54993152046853,3.7869005193644254,True
112010,True,631,611,141.52960644911954,35.87402589889754,4.952095390002737,True
112029,True,387,265,112.52210033640486,39.31675113479127,276.543366521146,False
11203,True,647,626,142.65683098695874,56.74178680388657,58.50471590386412,False
112034,True,416,283,162.78960824952432,37.00297373120894,190.61134278904981,False
112035,True,407,277,165.960679090643,41.832513717407544,214.70409678228702,False
11204,True,660,640,138.60769412878787,52.688224117792636,75.20801951905416,False
11205,True,632,612,130.61554252502688,29.103155881686007,84.76387493370835,False
112054,True,387,265,109.04081712251963,29.158004671189367,162.80053569564888,False
112055,True,383,262,129.0214457975405,38.67505796389953,284.01132577445316,False
112056,True,384,263,130.53293330164766,38.0626056140768,226.52838662464154,False
112057,True,511,664,93.61345872727702,27.90084134378541,88.92157428286562,False
112064,True,586,348,124.49518457494803,33.35908487589067,152.42634073563772,False
112065,True,512,304,134.80374948601974,27.43514768801863,7.73704629987891,True
112073,True,369,251,140.8651248663881,26.85306520801858,106.41131124107513,False
112094,True,484,372,130.87715498089398,34.07561753119255,115.27551363535791,False
112095,True,476,367,138.1065990428869,37.2963139920702,229.64330075344128,False
112102,True,324,412,123.94965090495026,24.322452071804776,56.915699631065515,False
112112,True,586,920,97.27014764801899,30.56958870497763,23.353508744831682,False
112113,True,588,923,119.18927115808404,34.51781951341222,45.592320330396106,False
112114,True,596,935,92.09973262032085,23.598892807431476,31.139706071279473,False
112118,True,660,488,120.33922006954793,40.547249480390064,137.3660930698376,False
11212,True,380,486,126.86216699155295,31.26289852589946,91.12654225569459,False
11213,True,372,475,103.20386530843237,23.290758452982836,140.55384254807933,False
112131,True,652,483,111.42603106860243,35.50033377702992,52.07158132532788,False
112132,True,642,476,109.80347980313621,33.980855624585985,179.00112327222007,False
112137,True,674,499,119.94430701164941,40.18308583135506,7.790066616930415,True
112138,True,701,519,129.56522886380316,46.72185311763085,181.28497339331813,False
112151,True,378,258,106.99668799475,30.73365457582645,110.59259987631731,False
112156,True,410,280,122.9226393728223,31.54340932949049,17.821397431072374,False
112157,True,475,325,128.86964858299595,40.49926922425105,239.66240295116066,False
112160,True,559,331,111.64433683368553,45.26502962308401,424.04685087499524,False
112161,True,555,330,97.16974064974065,37.62916567258364,282.6302348982591,False
112162,True,564,335,92.22398115803959,33.56660183052642,174.38826683219943,False
112171,True,505,655,95.42857531554682,43.59455741998765,264.46000324505707,False
112194,True,570,542,110.51804881206706,32.90900952441417,154.08025400502294,False
112195,True,576,548,93.3960329227494,28.107825482541084,68.44037190958633,False
112206,True,363,247,128.84961131372614,34.86621934243371,207.85986584795052,False
112225,True,367,251,138.02626008228665,44.76327355361982,209.0499457786589,False
112226,True,381,260,123.19887946698971,35.865427085712916,219.9137884631588,False
112236,True,403,275,120.89320099255583,33.05746664981131,238.39235009491648,False
11224,True,454,348,100.18228771077017,29.491094119208753,99.23040587190748,False
112248,True,509,671,117.42164438029039,19.700637394586803,13.66980586935412,True
112249,True,512,676,128.75428762943787,21.788597300524966,58.33022357680324,False
112250,True,558,738,118.63120319375237,28.073090429446395,65.05955498326982,False
112255,True,384,263,142.0068124207858,38.801316917863815,249.81653675425318,False
112256,True,379,259,126.84092460345758,31.03467575292318,220.77261846093333,False
112273,True,510,303,116.74253543001359,40.89543295265729,144.25434392781307,False
112274,True,546,324,113.75817392484059,30.664518104869295,89.0235342815964,False
112275,True,526,313,99.10923966520487,24.034645543982787,74.86865048921975,False
112284,True,634,1049,105.42037331633252,45.0503339311341,49.4436669988495,False
112295,True,599,581,120.52909754927174,44.31214657733404,134.11975594284397,False
112296,True,589,571,101.5317778656573,36.006749164579496,121.44232842737472,False
112297,True,598,580,123.92321243224542,31.468895513451802,63.90987002365899,False
112315,True,651,631,129.92820992207527,37.71576318488671,51.573977336059784,False
112316,True,591,573,103.27590412322121,27.87236642401374,59.849094271323615,False
112317,True,647,1071,81.2259079829768,26.653812572569745,80.38821305432946,False
112318,True,645,1067,79.9258879855859,26.573683825405833,79.47036892984379,False
112319,True,631,1045,84.74149030550733,29.84555223996317,63.394050362677575,False
112324,True,646,478,153.02176574219206,43.33690958525278,82.09899320896423,False
11234,True,534,318,140.02455067957507,31.14911148498858,88.07338742929673,False
112358,True,449,345,106.8634905264517,14.052147199158888,78.77718088278628,True
112359,True,634,470,132.50587623330424,43.99522511871309,44.11693655123548,False
112360,True,634,470,145.8323276729982,48.10644001659543,87.80409757331243,False
112363,True,541,484,106.04893371625853,33.48201118041777,6.1869498302008745,True
112366,True,372,253,108.16441412724723,33.55836814550272,221.87746641108185,False
112377,True,644,477,115.85879331223876,39.125877414986306,116.68248446229472,False
112378,True,635,470,115.42911040375272,38.27924706943816,70.72069067485859,False
112379,True,648,480,113.12475565843621,32.612542014903354,100.46127091942277,False
112401,True,520,308,114.67391983016984,35.95827268196146,175.32806780132955,False
112402,True,503,298,117.53568521755373,34.47805646840922,260.0639103159978,False
112403,True,416,531,98.01128132695929,30.37685310588228,193.23410521159033,False
112420,True,605,586,116.94648689814684,29.205138396075203,66.77073574569975,False
112421,True,596,577,137.91860816768056,35.41800639315333,77.50375811989171,False
112422,True,606,587,119.58419215004976,24.162021360726694,40.570780360602086,False
112432,True,572,545,105.46662603451594,36.933042615034424,207.5761090938364,False
112433,True,580,553,99.63916256157636,31.954296485946603,145.83560127419221,False
112434,True,568,541,106.84308856837885,33.651879053677966,193.35449218256292,False
112451,True,595,576,114.6484214519141,34.676954302265194,42.66371945425092,False
112452,True,598,579,98.12765926721772,30.139219459713942,68.27232986254279,False
112453,True,590,571,107.1781531063552,32.324575735256204,34.18091050343586,False
112464,True,522,311,99.79853026327136,29.42433452149344,156.06330153647863,False
112465,True,518,308,108.83336258336259,37.20785294025261,196.56309500619454,False
112476,True,378,258,103.14752266108856,25.10337566108569,187.5985437524237,False
112485,True,486,373,114.58824567790907,23.91344206700995,26.6167884122423,False
112488,True,421,287,130.36249348241702,29.932803452958307,62.61500684447859,False
112511,True,649,480,118.39575950179764,23.027930370846484,58.26610024729385,False
112512,True,643,476,100.8955852947711,23.106855933981247,79.08474199497296,False
112513,True,652,483,123.11405581170852,32.65969723673745,107.70130380968716,False
112517,True,512,304,129.57533665707237,31.46511840529111,188.7934755968585,False
112532,True,645,625,110.58528248062015,36.41669324284483,85.09105847527434,False
112533,True,652,632,134.55426584219927,34.195835912577955,43.63048050566502,False
112534,True,648,627,122.27151387166008,41.19349730171216,21.081976070815916,False
11255,True,504,300,106.6753373015873,32.83642093620215,23.177959993946143,False
112550,True,599,444,106.21364812224579,28.322320302633987,3.819600483144368,True
112551,True,582,431,122.13035695776624,39.75282093114038,6.4092614051333765,True
112552,True,596,441,114.37131899739762,41.5936457698066,145.61220084083303,False
112601,True,508,661,61.4174598258425,19.973478886492984,53.8274507802048,True
112602,True,502,653,104.16249550038742,29.667841485133977,52.66540838666168,False
112603,True,504,657,90.22610893672538,27.413674051663836,101.61865132191748,False
112610,True,384,262,122.53750198791349,28.395405732694012,74.46201956044513,False
11262,True,598,579,135.3077645115266,41.09154697750299,108.84155833348277,False
112627,True,326,418,106.36765051222591,33.6187333241172,6.578733699894208,True
11263,True,552,535,126.91533929297034,39.746822243809376,101.07117023379517,False
11264,True,595,576,88.17411006069095,36.23195950195856,91.33329637407117,False
112641,True,588,569,115.02835264158388,39.05805310101591,111.30747176153649,False
112642,True,595,577,128.5654515532383,46.730188618203634,91.62230565770341,False
112657,True,627,465,116.39330486529128,48.35051097716375,174.28083404041874,False
112658,True,624,462,120.26729173604174,44.09052436981078,142.56116195865866,False
112688,True,608,682,105.39383971291866,34.71392721944604,113.60580999285256,False
112698,True,723,646,142.27877265778554,30.040164052733516,44.767417242101025,False
112699,True,549,491,121.37819178732671,26.586480210002588,36.870640093758176,False
112700,True,567,506,116.14315341126935,25.42718487049692,39.074683364474,False
112714,True,609,1008,98.52491724659212,26.92673734974093,42.901076972157654,False
112715,True,629,1041,89.03607574348378,17.776978432828212,56.74094152507541,True
112716,True,632,1046,93.41678969915532,24.132078231518822,86.02905873644345,False
112735,True,616,456,145.80672562087037,39.07680778678336,88.45024102123075,False
112736,True,632,468,126.44146245807639,42.930843796486855,81.91854048246452,False
112737,True,619,458,137.59840847683614,46.74882530082766,113.6947109867269,False
112752,True,395,270,156.48928270042194,37.06166378046899,146.31877142591503,False
112753,True,396,270,132.622278338945,31.639996645086,128.96634838769913,False
112772,True,609,590,100.96256435946675,29.247216069329923,78.22180002389567,False
112773,True,608,589,107.49515235457064,35.3549873359486,83.88140733776565,False
112774,True,601,582,148.00446563859776,40.17825277719457,91.83753438459678,False
112784,True,433,552,114.22310640291863,29.805049498642326,122.16794271504564,False
112785,True,393,502,102.38779234208205,24.575597549734912,107.28687000447309,False
112789,True,469,278,103.02200457118313,39.16613795286264,288.5490826578747,False
112790,True,471,280,103.35422353654837,38.635114356303056,276.0099545197337,False
112791,True,497,296,102.30795584316711,35.89344191716417,165.0135167270886,False
112792,True,509,302,83.34956869071937,28.489518804386428,161.5822448888778,False
112794,True,501,297,115.17384759101326,38.94236664078311,383.0775665771396,False
112795,True,489,291,124.74902845417044,32.980884366621815,10.107264914151918,False
11280,True,524,311,120.41665643945902,38.02289943694473,103.06309518665886,False
112808,True,699,517,121.06201453859202,26.384362008669367,3.9379585373523853,True
112829,True,404,276,180.3398174056536,31.903301443807383,9.45440895179428,True
112830,True,399,272,142.51946041574524,44.893678443393874,356.6057972965814,False
112835,True,472,613,83.30756628971162,16.174102237743217,25.272686413044507,True
112836,True,473,613,99.10736370879016,18.674293501742333,43.28448714517008,True
112837,True,516,670,76.23969397200047,13.902364281477347,19.93809819283928,True
112841,True,593,575,141.9443507588533,37.42943151376341,66.8355895347935,False
112842,True,614,595,133.52386061916624,35.599561103160276,54.240753476550516,False
112843,True,717,695,117.75920853275538,32.16912414024173,66.30058313039027,False
112870,True,351,322,120.76531117835465,33.589123402394485,195.52075193032803,False
112871,True,351,321,118.29691757417613,30.73068979866402,142.45380385871465,False
112880,True,346,317,106.66016301672107,29.08593854509251,122.86047453660778,False
112881,True,350,320,110.28930357142858,31.27137354584155,40.58130373014988,False
112897,True,614,689,108.76457406523167,34.06738890843105,55.78509333663883,False
112898,True,617,692,111.27155216833269,24.59363624190893,21.993238316771183,False
112899,True,611,686,77.18530297318834,24.4876563560662,58.343903319524394,False
112943,True,335,228,116.95929562712752,25.679296001406353,164.92964628817023,False
112947,True,493,293,135.44583901584642,38.56287836143794,7.6184798454413105,True
112948,True,479,285,117.99049921254074,36.83344297197424,250.2503530240329,False
112949,True,498,295,107.38733238036893,32.578256121821646,136.299657666279,False
112962,True,355,243,118.08935257636352,27.655539757367443,267.62018062008553,False
112967,True,383,262,111.58125884439838,34.407211116016974,194.6548743715548,False
112978,True,499,647,102.7785710524604,29.092415439166587,81.00000949796066,False
112979,True,395,597,93.6399889744079,21.069896541531797,8.19897249321808,True
112980,True,383,579,90.11545971491317,24.08096943947007,77.40305814630184,False
112997,True,409,279,119.14726888731148,33.41238465887443,105.16012869629182,False
112998,True,387,264,141.62175045023884,36.13719376783264,8.929301430293869,True
113008,True,608,589,99.66673833884371,34.68204803882668,88.6028056846848,False
113009,True,606,587,116.56902862347563,39.674870134986165,97.50540959472816,False
113010,True,586,568,108.79701845887612,45.00680393160524,142.09597742095085,False
113011,True,347,319,137.08512733415844,34.85616690601067,206.82245150137106,False
113018,True,401,275,134.88977556109725,39.17375847077704,219.93293325701433,False
113024,True,408,361,114.47350089620336,21.321325290855583,54.79110433372655,False
113025,True,415,365,127.1331704901799,23.931530996506524,54.617343731395636,False
113030,True,640,620,130.37254536290322,40.16944322021322,74.02258105445888,False
113045,True,639,474,124.17500973963801,41.36968982304423,166.19943037389743,False
113046,True,637,473,137.55903564873665,35.49737868388077,92.44721005741106,False
113047,True,643,477,130.47351089462066,39.751461907045844,124.6391745411105,False
11307,True,519,591,107.9429170375152,29.3055132547095,50.58033425659651,False
113072,True,576,549,103.72070747318357,29.903227921646998,86.57769616722595,False
113073,True,564,538,113.14504732526562,26.075137295836157,149.3376659934393,False
113075,True,348,319,122.86813137318488,24.37837117651211,34.777465466767424,False
11308,True,517,589,117.95486235398818,26.22138013154871,45.634502763111556,False
11309,True,496,565,118.50566300314017,36.77056553506921,91.11179716964133,False
113116,True,389,266,128.6009818891702,33.12516864045654,206.0149004339016,False
113117,True,387,265,137.3963531763444,36.12000068084472,152.81491395465045,False
113119,True,395,269,120.56887675874077,34.48643137858817,190.80098579918075,False
113120,True,393,268,155.1201625460484,39.45811471254967,304.120661185795,False
113121,True,426,290,117.6366035292213,28.6959373623025,201.25789215944124,False
113122,True,436,297,94.67584097859327,36.47066626607092,280.2198975515364,False
113130,True,478,368,133.37875204657087,29.03426433075465,166.84580628703193,False
113136,True,390,498,119.20138502728864,43.17483919971041,184.6084736304809,False
113137,True,390,498,133.5857893110905,44.19346909010184,72.83714827877424,False
113138,True,326,416,125.25706406323738,34.745210675457514,108.49422900003047,False
113144,True,379,259,106.73567913937308,30.856660452309328,233.0280573457023,False
113145,True,370,252,137.13487773487773,39.801472934077125,420.1484398514162,False
113146,True,608,450,68.57338815789474,21.25988525141721,31.5876458274421,False
11315,True,398,272,115.57498891516406,36.748965556592594,348.11475881607277,False
113159,True,559,500,149.97538819320215,30.82006569939685,72.49635118191506,False
113160,True,573,512,113.79298579297557,26.376904893645037,45.12281100151012,False
113161,True,564,505,114.94056597149077,23.15992142016176,32.80995669237354,False
113162,True,368,251,140.5584509786939,32.687892162576,255.36796940814585,False
113163,True,504,657,81.4418895412046,26.164530732465312,35.89444325145887,False
113171,True,449,344,115.44922825918061,28.286859081480824,90.027808683362,False
113172,True,433,332,114.13883942235455,22.175965566081004,32.66046238418078,False
113180,True,447,571,104.90809718026775,20.597815917026566,27.908459423287198,False
113181,True,470,602,114.29261327489927,29.851708608175176,56.96748967936356,False
113200,True,403,275,124.32193097225355,34.844599892030026,19.88013212157104,False
113234,True,697,516,115.11724667178272,33.58229361736571,127.15581304904306,False
113235,True,692,513,120.24204779772167,38.04106988516805,112.48021421339958,False
113236,True,692,512,121.42803355310694,35.49509605815575,114.23945177049505,False
113240,True,552,493,108.93423141370491,32.96255656352944,71.76521296424464,False
113241,True,559,499,91.80604142094565,31.907107724175297,84.06565938600153,False
113242,True,560,500,98.26661428571428,28.654203675049576,64.66361787265305,False
113246,True,431,553,114.75744200584872,31.20771251262328,96.95737195892164,False
113261,True,383,351,95.29483088229824,29.51407953314645,213.61987281846285,False
113267,True,355,452,102.96674560638165,29.818864708018427,101.32600196766964,False
113269,True,699,626,121.68082198668111,39.59766446704757,62.33727418594506,False
113270,True,710,637,114.98839631193756,34.7397411389051,75.12413801721011,False
113271,True,704,631,131.62547948782597,34.99593886743665,42.40384226405822,False
11328,True,648,480,132.97897055041153,38.032283682807346,130.4904543895748,False
11329,True,643,476,132.38016715239752,40.002121935017065,124.79672821578771,False
11330,True,640,473,135.6631408562368,36.1709800291076,110.9807310114227,False
113328,True,634,470,103.14191220887308,42.80134559534561,127.78066814823723,False
113329,True,622,460,123.72772263385991,35.24262316332434,118.42317938852739,False
113330,True,629,466,109.17852439665113,32.88277091952214,81.97855278726982,False
113335,True,359,245,143.05082144278325,24.45503550638293,8.094982845014497,True
113352,True,411,282,121.59349277838173,34.971139888721204,227.5518035706347,False
113365,True,469,360,101.25714285714285,31.251943496609847,227.30141587722403,False
113371,True,504,654,64.64202587253045,17.4200132759244,62.47896026062339,True
113372,True,386,263,123.62095391950196,31.351126382066145,146.5239293037512,False
113376,True,506,301,108.77434244218875,38.3867084250577,302.24055031855943,False
113418,True,510,674,92.46477861174144,29.442320811546708,69.37639552073259,False
113420,True,591,438,112.07894675845444,40.278560653376594,8.273178454137568,True
113421,True,583,432,113.67095880185502,42.966245665364,8.268530243933306,True
113422,True,554,536,127.556189045746,35.75214483801477,82.22427860359069,False
113423,True,583,565,132.8066060504865,35.95209733729114,5.537096260948924,True
113424,True,598,579,112.22646588224421,31.806258424719605,38.83958907312943,False
113464,True,368,252,127.9381038647343,24.038750562358434,58.88102792997466,False
113465,True,359,246,138.393788074371,39.05497448934461,279.77734963214937,False
113480,True,556,331,116.20111825947097,36.76422492467511,257.41584395298855,False
113481,True,439,563,94.6307407841979,32.00226319276066,70.93288551719193,False
113482,True,365,249,128.3911866644661,29.524922804782353,224.15509015891303,False
113483,True,368,252,129.2523291925466,31.78309639225678,260.4852744844018,False
113489,True,530,316,117.8463338906138,34.74612926957289,91.30790507355154,False
113490,True,522,311,125.51552894506659,36.46691232769315,246.29506822799243,False
113491,True,530,316,115.92916169094818,35.43336702561305,97.23452682760292,False
113526,True,388,264,98.64073726960325,27.447334110132005,138.8765616455079,False
113528,True,358,244,114.14820496382453,41.430375300693385,339.595398229229,False
113529,True,369,252,133.2122639480363,35.9333874210356,230.8244470123727,False
113549,True,485,630,74.29637375225003,15.475447192978699,23.64634183297642,True
113550,True,487,632,103.90130741039171,22.176828278179226,78.2451179475608,False
113561,True,364,248,142.00658011343495,31.438543608623988,166.43417667897162,False
113562,True,366,250,137.8748087431694,32.33929057860353,237.7583497171011,False
113574,True,400,272,145.91382352941176,30.54572001305448,164.03213298517244,False
113575,True,411,281,120.97268185399729,27.239977140565596,184.13078252898438,False
113579,True,415,285,124.19674487423377,32.19956133445416,205.9150019060813,False
113580,True,410,281,147.5610190087666,36.50134725120802,192.30177530438615,False
113619,True,563,489,150.57726102133256,53.19584534000187,154.79762235404175,False
113620,True,571,496,125.03395994576577,46.0704270664938,128.7757070376334,False
113621,True,569,494,126.58886604099813,44.03976578297908,178.36365284883595,False
11363,True,622,461,142.44732198282776,50.297927071160395,124.39686037965411,False
113633,True,546,325,103.22435615666384,34.493341546746805,156.20475348689573,False
113634,True,524,311,132.4942318548882,30.581162356746848,212.3470002397193,False
11364,True,635,470,114.61104037527224,45.204457940168666,110.96782549566913,False
11365,True,633,469,121.03633491311217,45.52539225975528,29.32145011395672,False
113651,True,519,591,118.61897962044671,31.175748658051567,54.772246259712055,False
113652,True,501,570,132.6740448926708,37.76861387263908,69.22633870216342,False
113659,True,481,368,117.94646004700353,29.809488190821618,137.62071560361596,False
113660,True,487,374,118.66885548320504,29.884677648428646,151.460945925583,False
113661,True,471,362,103.5567793926171,23.821666974606597,167.05082983265885,False
113679,True,401,274,128.74799315579665,28.723949051726652,171.5946994108447,False
113680,True,401,273,130.4969718560741,31.129152804448637,276.1489517578999,False
11369,True,653,484,123.91194803386784,40.377176006418324,135.10473180561755,False
11370,True,651,482,132.46964771720494,39.5339336455916,43.16219771545247,False
11371,True,645,478,107.99103499724303,32.39206517575765,150.52775672582032,False
113710,True,356,243,115.05387940999677,37.72711926634388,294.9525682039014,False
113712,True,560,639,117.87183936955064,35.726635847968126,119.01390122798762,False
113713,True,556,634,108.92544481764746,31.222071859329397,88.52098499259382,False
11372,True,712,966,108.27611690743713,38.822210465221126,59.35719709708791,False
11373,True,710,962,91.52699188896372,29.28005544844181,60.44466748222898,False
113735,True,614,689,94.7033986847766,22.129309595457247,19.11532237713478,False
113736,True,609,684,147.2036004762865,30.01221825533363,30.540604251374774,False
113737,True,607,681,125.64287666891649,31.67875155717315,48.19933443828336,False
11374,True,700,948,102.23928571428571,32.631673122130756,68.61472136594152,False
113753,True,513,305,112.10249576582622,37.319632577451735,296.7476368496906,False
113754,True,524,312,109.4311937267567,35.42003812245209,232.1335553334604,False
113776,True,500,650,106.13874461538461,30.088415236934026,67.9222694891929,False
113778,True,582,346,115.57462805156625,39.483768778940814,300.075908461166,False
113779,True,569,338,121.28902049687503,42.74081842322531,251.22403599004323,False
113791,True,383,261,151.5714514370317,31.935125636411595,16.481202890262118,False
113792,True,379,259,150.38978820509163,29.108641771492564,132.59277152940308,False
113793,True,377,257,155.13998493120994,27.492783323439124,140.35053085583576,False
113807,True,422,288,120.99203528172723,37.678246977595784,306.6789393203556,False
113808,True,408,278,145.0756718154888,34.07410722775678,9.30079941672611,True
113813,True,454,350,92.79042164883575,24.91453467148188,3.736587433666242,True
113816,True,677,918,96.59483238560482,30.815183603230647,137.08057239721998,False
113820,True,648,627,135.04546931301317,24.982158065145647,71.06782709794953,False
113830,True,524,312,122.45416788999805,30.808457922946058,150.67416245308144,False
113831,True,522,311,125.35138165108228,31.827632648443792,162.70744253480015,False
113836,True,632,467,128.77882999484999,47.905782138361445,7.073052456782028,True
113837,True,640,474,95.67521097046414,41.284075283995975,265.2898768794773,False
113838,True,642,475,94.41914740121331,39.64654444755127,255.49172561809223,False
113871,True,655,633,126.85165997371055,36.69648759965249,60.48711172271657,False
113872,True,644,624,111.38744475633062,35.582080541477204,61.28739697546947,False
113873,True,590,571,96.83942236338271,34.96311368522089,95.97765861264845,False
113876,True,363,549,85.79351889486017,19.116817765966186,44.83381731417824,True
113882,True,554,330,146.61890383984246,33.96860654406515,172.62027711054566,False
11389,True,715,968,121.73945703057274,28.480917314643467,17.332027490079128,False
11390,True,709,960,114.2966560883874,31.501158934333276,41.96465769413975,False
113924,True,520,309,104.07869056509833,33.98167925144245,151.1038857887337,False
113925,True,526,312,126.00834186409281,42.05779020061979,323.2498403951979,False
113926,True,539,319,115.26919117604295,30.18979550835423,202.12753499088103,False
113930,True,399,273,118.43089408502942,25.392368270868662,61.33051411660145,False
113968,True,387,264,95.62300328870096,28.540806557698573,160.12877481219687,False
113998,True,391,499,82.58101368978366,33.664136119759995,320.3235774249898,False
113999,True,394,503,108.63218657597562,40.96683589414531,253.0830041443699,False
114008,True,650,1076,112.92413783242779,34.3013636345643,75.41268331798393,False
114011,True,392,267,116.05756516089582,31.349221625018863,238.0348155090053,False
114012,True,390,266,115.96227106227106,28.25211592877321,267.7854630729179,False
11402,True,570,543,112.14921650350554,33.26384744506039,105.8986686791924,False
11403,True,582,554,114.2052210105822,30.789220907126836,84.51398883266987,False
114041,True,366,335,127.55697740804176,22.54558250660577,57.63220378404693,False
114042,True,362,332,144.66126106636491,27.86481266861223,103.88625638118825,False
114044,True,420,286,150.40670995670996,34.72070843177195,161.25551923926608,False
114047,True,678,502,103.72491450128689,32.446658030130756,120.66273622533761,False
114048,True,686,508,116.68077236518904,38.38590157007438,167.84002258560008,False
114049,True,686,507,120.85271792571636,36.12808956557931,175.05075580881444,False
114076,True,712,527,143.09439161674092,37.98536286421659,86.67068716332913,False
114077,True,700,518,133.9222835079978,37.07193153813491,86.80944804639168,False
114078,True,696,515,147.7920544582078,40.92363924294995,140.7745089344929,False
11408,True,366,249,125.55265872232098,32.91518803440205,228.47979777774995,False
114084,True,404,370,117.83628579074124,34.709082210817,108.62083334240353,False
11409,True,376,257,131.65037461710406,23.650100003525168,78.74519727037213,False
114097,True,611,453,111.24883031111015,44.94359347372378,37.157517850363966,False
114110,True,574,746,94.07142857142857,23.206711826470993,11.26385112937787,False
114111,True,525,682,93.05361541684123,30.399132153843883,103.98761640620309,False
114112,True,512,666,100.2888278903904,27.223651575275493,119.15694483608654,False
114115,True,352,323,108.95136152547143,42.349753984937756,97.73235612235528,False
114116,True,341,314,112.10457253861816,38.57632733218077,12.952835771420657,False
114132,True,356,243,114.35451056549684,24.296922697309608,178.08090223196675,False
114143,True,377,257,110.56001197246333,37.65965258686478,253.6653795184834,False
114144,True,386,264,123.18381025278694,41.578017178594315,131.70797962275967,False
114163,True,595,440,138.67582887700536,38.63102545559335,136.56813203576522,False
114166,True,399,272,104.1936643078284,29.608320740007212,59.9478789394064,False
114180,True,488,290,117.23150084793669,40.88042265951244,284.95853172560624,False
114181,True,490,292,125.68721694157115,37.5092847530836,171.20069839147797,False
114183,True,498,296,90.6833618256811,27.141129321656148,234.6647517311819,False
114184,True,576,427,123.62575217928702,39.79349610230095,166.12785355421644,False
114185,True,603,446,113.63413872342325,35.812823193061654,112.63898761647387,False
114186,True,596,442,136.4145737799508,34.33244184132418,82.6142898253867,False
114193,True,427,546,117.12957768227089,35.0834781735475,176.1791564164582,False
114194,True,429,549,123.26528419971044,35.42245088528381,173.1097545708528,False
114196,True,488,634,94.75541384392615,26.170479674854402,76.99378966171298,False
114202,True,803,719,114.1066826937233,36.875758117461366,47.03379102623369,False
114203,True,674,605,108.9758932731687,36.15126727634514,117.12933241632554,False
114204,True,699,627,99.58653624567336,44.189914185554585,116.09835405719075,False
114207,True,428,292,112.52062796056843,27.72117514772494,130.35469155897928,False
11421,True,448,344,109.13656950789037,26.72682664370552,160.72589399823005,False
114210,True,614,689,78.73122071831432,20.581174308058532,33.146235713727386,False
114211,True,612,686,111.83516978219859,27.267108119106922,37.247511950769365,False
114212,True,611,686,112.91396792525755,17.853685071108323,47.17386177198173,True
114215,True,632,468,92.76236746727253,36.80733918666429,60.285952468418806,False
114216,True,635,471,115.97903271645184,44.44082765385552,85.97339756488162,False
114217,True,634,470,93.1665279548963,36.03110193379606,94.49486430553328,False
114223,True,444,340,112.69367382087971,32.73340807133622,258.657539991888,False
114276,True,699,947,124.4605976557248,38.737362308190605,32.36761347855872,False
114277,True,721,978,129.262493299184,24.067039977819586,41.92439483100772,False
114278,True,710,963,106.70134556038202,27.24522549745308,19.250263108130362,False
114288,True,524,311,134.17949976681967,39.69604137192383,147.90522302895474,False
114289,True,514,305,137.97274350960006,42.66466904115455,310.2349556660736,False
114301,True,591,572,132.7653023795156,28.895935116115435,62.480578374536016,False
114302,True,609,590,123.54397595391167,30.04816940487738,65.45060503401886,False
114303,True,659,639,130.29950059486916,41.00651943957134,58.871294514056366,False
114305,True,433,555,113.41235877910243,36.05927408745426,88.16583314070022,False
114306,True,428,548,118.67670458421448,31.45569722393866,83.95376133866517,False
114326,True,467,358,129.06785257138756,28.02185999735692,214.19951950635055,False
11434,True,530,315,121.16120395327943,34.05310235033765,18.095655709247563,False
114340,True,575,341,109.79841387224276,41.77458718738702,220.3437886504546,False
114347,True,353,324,137.86890147938306,22.725115563829647,37.26334657471274,False
114348,True,346,317,135.53067048376215,29.60224846108966,91.50897697981155,False
11435,True,639,380,109.50189028910305,36.43884172075055,200.70295473962116,False
114352,True,606,449,98.63353840952024,26.92361584728027,58.83968749773784,False
114353,True,596,442,103.28427449968113,42.21849149281079,165.03294532433134,False
114354,True,600,444,102.94109234234234,30.35319618469541,39.421412065767896,False
114359,True,496,294,128.57903362958086,38.53076107689644,194.41755756822496,False
11436,True,529,315,123.401440273652,35.80877120572704,12.988481046793613,False
114360,True,648,628,138.88400369584022,35.11897474913462,58.69369126308715,False
114361,True,658,637,129.91338817500346,34.05407301547107,18.964819273861472,False
114362,True,651,630,118.04775802794236,30.682331248873442,61.612808248359684,False
11438,True,445,345,96.02055691255495,18.933462995165755,90.62789118215555,True
11439,True,447,345,89.23773303504848,22.293791635525817,137.90695031797796,False
114394,True,522,310,108.33587319243604,38.701223638750214,193.3620685034332,False
114395,True,530,315,118.23580113806528,37.82089125884059,14.58095163698801,False
